4 830.846 0.312023 0.0225663 0.667453 1.49048 0.978508 -4.28115 -6.1613 -820.404 0 
25 828.649 0.313718 0.0225373 0.671774 1.52978 1.1007 -0.730567 -6.85948 -821.059 0 
13 828.109 0.313526 0.0225687 0.668795 1.50352 1.04541 -2.02304 -5.77573 -820.311 0 
4 829.029 0.309555 0.0226684 0.671782 1.49177 1.01963 -3.29808 -5.6054 -820.126 0 
11 828.414 0.309465 0.022643 0.675413 1.46699 1.04677 -2.09576 -5.84451 -820.474 0 
111 829.282 0.308568 0.0225638 0.674731 1.50423 1.04384 -3.07681 -5.9181 -820.287 0 
17 834.257 0.319554 0.0228076 0.663715 1.50613 0.959212 -4.87956 -7.41498 -821.962 0 
2 834.201 0.324853 0.0226907 0.65545 1.4565 0.890934 -3.51493 -7.38117 -823.305 0 
21 834.314 0.330213 0.022451 0.649994 1.3989 0.851502 -3.18147 -7.48116 -823.651 0 
8 832.671 0.332103 0.0226728 0.65181 1.36515 0.859932 -3.14487 -7.26139 -822.265 0 
1 832.921 0.324368 0.0227487 0.663098 1.37647 0.950258 -5.13331 -7.49014 -820.298 0 
2 832.848 0.325016 0.0226592 0.660334 1.34666 0.914765 -4.86297 -7.47377 -820.511 0 
1 831.124 0.327858 0.0227326 0.657364 1.3572 0.900391 -3.27733 -7.02332 -820.823 0 
8 830.497 0.319525 0.0227342 0.663728 1.3489 0.87626 -3.45723 -6.21717 -820.823 0 
4 831.902 0.30761 0.0226938 0.670428 1.37124 0.902418 -6.1718 -5.86254 -819.867 0 
3 831.661 0.313086 0.0225845 0.672769 1.30038 0.950703 -4.96616 -6.66995 -820.025 0 
18 830.149 0.320392 0.0226244 0.667903 1.2738 0.934427 -2.80357 -7.38304 -819.963 0 
9 830.988 0.315727 0.0225116 0.670259 1.31544 0.955325 -4.89432 -6.07203 -820.022 0 
12 828.073 0.302555 0.0225133 0.678794 1.31953 0.940103 -3.17565 -4.86906 -820.028 0 
36 828.7 0.303366 0.0225898 0.677188 1.27612 0.883027 -3.95527 -5.03162 -819.713 0 
11 826.785 0.307893 0.022529 0.674479 1.27283 0.907649 -1.97761 -4.94193 -819.866 0 
17 829.36 0.299428 0.0227089 0.686243 1.32878 1.0129 -2.71555 -4.78203 -821.862 0 
19 830.61 0.297269 0.0227949 0.685721 1.3073 0.956617 -5.14309 -4.73768 -820.73 0 
19 829.72 0.299216 0.0227172 0.681582 1.2658 0.896178 -4.62884 -5.06216 -820.029 0 
8 829.668 0.310768 0.0226494 0.671409 1.30534 0.907228 -4.83098 -5.0765 -819.76 0 
45 828.27 0.298416 0.0225814 0.684043 1.33731 0.97767 -2.84429 -4.74462 -820.681 0 
13 827.542 0.30703 0.0225694 0.674587 1.30697 0.901164 -2.6713 -5.11547 -819.755 0 
112 827.718 0.315814 0.0224798 0.668576 1.27714 0.887155 -1.75005 -6.0773 -819.891 0 
6 828.28 0.321405 0.0223276 0.664178 1.23244 0.880477 -0.606756 -7.7573 -819.916 0 
29 828.065 0.324661 0.022276 0.66044 1.22314 0.888821 -1.12974 -7.09296 -819.842 0 
10 833.15 0.311719 0.022121 0.670185 1.23046 0.944862 -6.95874 -5.15681 -821.034 0 
1 833.902 0.307374 0.0221858 0.67908 1.2531 1.03949 -3.16581 -6.39205 -824.344 0 
6 834.244 0.306302 0.0220725 0.679153 1.22635 1.00411 -4.62696 -6.65724 -822.96 0 
1 835.743 0.305991 0.0221532 0.678053 1.25278 1.01538 -6.81746 -5.2389 -823.687 0 
9 834.425 0.299219 0.0223564 0.680213 1.20614 0.914015 -7.79661 -4.87535 -821.753 0 
1 832.547 0.30129 0.0221575 0.6827 1.23724 0.979458 -5.08343 -5.30405 -822.159 0 
34 832.3 0.306004 0.0221939 0.680889 1.22446 1.00708 -2.53353 -6.6393 -823.128 0 
8 832.079 0.308529 0.0221957 0.679025 1.20946 0.999729 -1.43128 -8.00184 -822.646 0 
38 828.893 0.300181 0.0224732 0.68318 1.17352 0.927947 -1.93606 -4.55367 -822.403 0 
88 826.82 0.309814 0.0224915 0.675142 1.08327 0.854203 -0.654593 -4.97781 -821.188 0 
47 826.148 0.316069 0.0224353 0.669568 1.10759 0.829907 -0.317225 -5.88921 -819.942 0 
1 827.819 0.321279 0.0225382 0.665685 1.08908 0.749095 -0.847066 -7.15732 -819.814 0 
2 827.801 0.317222 0.0226406 0.666994 1.0871 0.7314 -2.8 -5.38289 -819.618 0 
40 827.323 0.312792 0.0227074 0.670367 1.05189 0.684488 -2.98306 -4.82967 -819.51 0 
13 827.204 0.307806 0.0225905 0.673257 1.04584 0.679059 -3.02714 -4.73964 -819.438 0 
4 827.313 0.305974 0.02247 0.675112 1.02463 0.665106 -3.19932 -4.67569 -819.438 0 
18 829.605 0.301954 0.0226081 0.677464 0.997956 0.644733 -4.93337 -5.14617 -819.526 0 
5 828.378 0.308429 0.0227153 0.672982 1.00304 0.647795 -4.30759 -4.64109 -819.429 0 
13 829.045 0.311025 0.0225839 0.675137 0.973289 0.7506 -3.19871 -5.46368 -820.383 0 
37 827.709 0.312159 0.0226756 0.674281 1.01167 0.753571 -2.50877 -5.21734 -819.983 0 
13 829.4 0.319027 0.0226732 0.669092 1.03262 0.788428 -3.17158 -6.17491 -820.054 0 
6 830.065 0.315179 0.0227161 0.672107 1.06251 0.78524 -4.87422 -5.32942 -819.861 0 
11 829.248 0.312293 0.0228194 0.671333 1.08742 0.752475 -5.02878 -4.64995 -819.569 0 
6 828.743 0.318312 0.0227944 0.665403 1.07822 0.710566 -4.32029 -4.88739 -819.535 0 
53 827.746 0.308507 0.0225761 0.672343 1.08027 0.761567 -3.375 -4.57758 -819.794 0 
4 826.457 0.311112 0.0225452 0.674631 1.05339 0.789508 -1.24259 -5.15025 -820.064 0 
75 827.342 0.312864 0.0225955 0.673877 1.02346 0.721586 -2.11829 -5.65622 -819.567 0 
4 825.978 0.31881 0.0225356 0.666457 0.922731 0.592879 -1.0835 -5.42798 -819.467 0 
15 825.656 0.314104 0.0224847 0.671726 0.879865 0.581315 -0.4243 -5.75271 -819.479 0 
10 826.452 0.318373 0.0223353 0.665743 0.935632 0.614041 -1.12749 -5.8241 -819.501 0 
8 827.248 0.322357 0.0222868 0.662042 0.958822 0.634297 -1.62478 -6.07522 -819.548 0 
1 827.754 0.317528 0.0222843 0.665777 0.954143 0.640978 -2.57366 -5.68384 -819.496 0 
19 826.517 0.318475 0.0223285 0.665996 0.979769 0.660215 -0.917362 -6.05416 -819.545 0 
8 826.855 0.312733 0.0224267 0.669592 0.990984 0.635646 -2.53942 -4.85087 -819.464 0 
1 826.621 0.318734 0.022619 0.665237 0.992673 0.607045 -1.59951 -5.28963 -819.732 0 
18 829.159 0.319682 0.0227004 0.662152 1.02921 0.5474 -2.96693 -5.35754 -820.834 0 
15 829.378 0.329598 0.0225655 0.65418 1.00368 0.526603 -2.15266 -5.97259 -821.253 0 
14 829.232 0.33081 0.0225768 0.652262 0.976559 0.45849 -1.55312 -5.9382 -821.741 0 
46 830.199 0.326089 0.0222468 0.655706 0.939128 0.487017 -3.81303 -5.83736 -820.549 0 
11 828.357 0.326045 0.0223327 0.658016 0.917998 0.495802 -1.26313 -6.67984 -820.414 0 
5 830.28 0.32318 0.0224555 0.661784 0.845903 0.484138 -4.23192 -6.43408 -819.614 0 
18 826.183 0.313634 0.0224778 0.6692 0.852781 0.508362 -2.14359 -4.63906 -819.4 0 
4 826.736 0.307645 0.0223151 0.676826 0.855402 0.607345 -1.77617 -5.07389 -819.886 0 
5 825.997 0.312845 0.0224208 0.6724 0.870831 0.553095 -1.06569 -5.48578 -819.446 0 
5 827.602 0.317605 0.0227175 0.666998 0.887976 0.4925 -3.15314 -4.94078 -819.508 0 
11 829.95 0.313188 0.0227294 0.674737 0.850806 0.535303 -4.97119 -5.53482 -819.444 0 
9 826.222 0.312948 0.022621 0.67189 0.866035 0.487804 -1.72615 -5.03914 -819.457 0 
6 828.074 0.311062 0.0225743 0.67014 0.818289 0.382459 -4.1109 -4.58507 -819.378 0 
43 828.614 0.314635 0.022627 0.667584 0.815853 0.39402 -4.63824 -4.64349 -819.332 0 
6 825.944 0.309285 0.0226057 0.675362 0.760438 0.401083 -1.74653 -4.80073 -819.397 0 
6 826.69 0.300252 0.0226157 0.682561 0.795335 0.462969 -2.55302 -4.47859 -819.658 0 
8 826.611 0.303551 0.0224746 0.679482 0.783108 0.466551 -2.49758 -4.45104 -819.662 0 
15 825.326 0.306529 0.0224764 0.678403 0.744259 0.456496 -0.799271 -4.80648 -819.72 0 
39 825.339 0.309996 0.0224872 0.67336 0.727624 0.366049 -1.27962 -4.60344 -819.456 0 
54 825.417 0.316855 0.0224022 0.667253 0.709058 0.338845 -0.920716 -5.09166 -819.404 0 
3 826.042 0.312635 0.022493 0.670459 0.712444 0.350898 -2.00667 -4.51036 -819.525 0 
39 825.468 0.313466 0.0224762 0.670956 0.705261 0.366026 -0.959814 -5.01711 -819.491 0 
3 827.381 0.319573 0.0225149 0.666881 0.67425 0.346904 -2.46276 -5.37713 -819.541 0 
130 826.136 0.314915 0.022616 0.66935 0.662769 0.298474 -1.89786 -4.64691 -819.591 0 
28 825.764 0.310856 0.0223817 0.672555 0.718527 0.371308 -1.4921 -4.79873 -819.473 0 
7 825.139 0.31313 0.0224714 0.671879 0.660682 0.291082 -0.584198 -5.07135 -819.484 0 
1 829.295 0.324955 0.0224833 0.664654 0.628063 0.27462 -1.7109 -8.10251 -819.482 0 
9 831.197 0.328378 0.0224865 0.662433 0.609541 0.2588 -2.34651 -9.33028 -819.52 0 
10 833.72 0.332233 0.0224816 0.65993 0.5736 0.216695 -3.2074 -10.9422 -819.571 0 
1 831.297 0.323807 0.0226044 0.665163 0.652062 0.230763 -3.88947 -7.88075 -819.526 0 
4 829.155 0.319831 0.0226394 0.668606 0.686037 0.220799 -2.82607 -6.7628 -819.566 0 
52 825.773 0.32255 0.0224441 0.660966 0.704567 0.125806 -1.07042 -5.17392 -819.528 0 
14 828.223 0.31933 0.0222958 0.664165 0.666286 0.158065 -3.02597 -5.75959 -819.438 0 
5 827.003 0.31776 0.0223795 0.666102 0.675996 0.214694 -2.64006 -5.00383 -819.359 0 
25 827.699 0.323597 0.0222393 0.660083 0.696934 0.197585 -2.18293 -5.95982 -819.556 0 
13 826.578 0.32792 0.0223051 0.657059 0.676163 0.186641 -0.759042 -6.30019 -819.519 0 
23 828.921 0.325009 0.0222202 0.660552 0.716255 0.251586 -2.08351 -7.07687 -819.761 0 
42 826.583 0.314814 0.0223077 0.668544 0.703041 0.252911 -1.90376 -5.28258 -819.396 0 
15 826.823 0.311655 0.0225204 0.669434 0.679648 0.176542 -3.01414 -4.45422 -819.354 0 
2 829.43 0.314495 0.02239 0.666651 0.736641 0.210301 -5.42089 -4.64656 -819.363 0 
10 828.985 0.312943 0.0225401 0.667082 0.763672 0.155247 -4.67216 -4.86881 -819.444 0 
14 827.687 0.313377 0.0224523 0.668277 0.764196 0.186735 -2.99032 -4.92942 -819.767 0 
10 830.338 0.328917 0.0224017 0.659769 0.716775 0.17112 -0.863863 -8.99444 -820.48 0 
24 828.63 0.320662 0.0223922 0.662371 0.77557 0.198668 -2.45828 -5.86154 -820.31 0 
21 828.243 0.316688 0.0222976 0.665527 0.721305 0.153208 -3.63199 -5.05157 -819.559 0 
28 829.003 0.330063 0.0222432 0.656607 0.672697 0.139291 -1.41821 -7.76338 -819.822 0 
5 829.067 0.330185 0.0222686 0.65559 0.676394 0.0977297 -2.55346 -6.77735 -819.736 0 
8 828.443 0.325566 0.022356 0.66129 0.692581 0.114743 -1.11077 -7.35943 -819.972 0 
8 829.266 0.330328 0.0223901 0.658022 0.652402 0.0646277 -0.39051 -8.93381 -819.942 0 
19 829.768 0.332498 0.0225527 0.655655 0.684921 0.0374716 -2.74627 -7.0996 -819.922 0 
32 830.53 0.336849 0.022501 0.652697 0.674701 0.0614129 -1.47217 -8.88949 -820.169 0 
2 830.387 0.327558 0.0222204 0.653906 0.734712 0.0577145 -4.82793 -5.53574 -820.024 0 
1 830.067 0.330839 0.0224288 0.654981 0.765715 0.0993066 -1.12842 -7.69819 -821.241 0 
5 828.181 0.329874 0.0223859 0.655677 0.749971 0.136788 -0.872748 -6.79971 -820.508 0 
17 827.658 0.317901 0.0227043 0.666107 0.740153 0.0880274 -2.86375 -5.02528 -819.769 0 
18 826.438 0.321787 0.0225575 0.662718 0.711708 0.0963581 -1.60263 -5.22206 -819.613 0 
171 826.232 0.325294 0.0224183 0.659194 0.706208 0.0942084 -0.729852 -5.75878 -819.743 0 
28 828.516 0.331672 0.022435 0.655137 0.730624 0.089555 -0.152214 -7.73858 -820.625 0 
19 826.722 0.320783 0.0225442 0.663779 0.750737 0.122126 -0.992869 -5.62468 -820.105 0 
22 828.224 0.320846 0.0223163 0.661158 0.705565 0.111882 -3.42692 -5.22225 -819.574 0 
2 826.551 0.317186 0.0223652 0.665349 0.718496 0.160799 -1.91476 -5.09215 -819.544 0 
1 827.308 0.313025 0.0223762 0.668707 0.721755 0.169651 -3.16055 -4.72906 -819.418 0 
1 829.408 0.313658 0.0225369 0.668106 0.700114 0.109099 -5.48675 -4.61726 -819.304 0 
10 829.675 0.318183 0.0223299 0.6664 0.635902 0.101449 -3.89874 -6.3309 -819.446 0 
10 829.892 0.327249 0.022259 0.659295 0.620078 0.0682994 -3.53586 -6.87882 -819.478 0 
2 831.023 0.329479 0.0223929 0.658173 0.636013 0.0370644 -2.58629 -8.66023 -819.776 0 
1 828.392 0.333676 0.0223722 0.654928 0.616684 0.0503544 -0.263538 -8.49025 -819.638 0 
27 825.867 0.317052 0.0224359 0.665222 0.659266 0.0142964 -1.82531 -4.7065 -819.335 0 
31 825.218 0.313982 0.022486 0.670331 0.655766 0.0158251 -0.773815 -5.07124 -819.373 0 
73 827.087 0.302631 0.022668 0.680225 0.629541 0.00790703 -3.17515 -4.42721 -819.485 0 
3 827.766 0.306742 0.0224812 0.677191 0.569993 0.0366072 -3.51456 -4.45971 -819.792 0 
28 826.863 0.308859 0.0224157 0.673334 0.587626 0.0391694 -2.74544 -4.4205 -819.697 0 
10 826.196 0.312518 0.0225005 0.669641 0.623636 0.0197296 -2.29974 -4.47667 -819.419 0 
65 825.638 0.309771 0.0224915 0.672823 0.661124 0.0305791 -1.72994 -4.58469 -819.324 0 
58 827.156 0.312189 0.0226522 0.671783 0.608119 0.0174606 -3.16448 -4.45422 -819.537 0 
7 826.708 0.312003 0.0226071 0.673269 0.602579 0.0998528 -2.52722 -4.67556 -819.505 0 
20 825.866 0.312605 0.0224553 0.672304 0.608389 0.0968449 -1.47414 -4.96996 -819.422 0 
63 825.487 0.317988 0.022519 0.667639 0.561522 0.033735 -0.629418 -5.30589 -819.552 0 
13 825.965 0.315407 0.0225564 0.67005 0.562979 0.029536 -1.25322 -5.14048 -819.572 0 
8 827.423 0.311477 0.0225054 0.673445 0.564998 0.0569354 -3.06345 -4.64715 -819.712 0 
34 826.531 0.308227 0.0225127 0.675951 0.574873 0.0628157 -2.30079 -4.50074 -819.729 0 
38 826.445 0.319746 0.0226311 0.666383 0.597668 0.0226501 -1.76138 -5.27351 -819.41 0 
24 827.967 0.324869 0.0225064 0.661441 0.591401 0.00954007 -2.23516 -6.32149 -819.41 0 
71 826.41 0.324746 0.0224566 0.662615 0.572635 0.00096613 -0.277318 -6.69887 -819.434 0 
57 825.67 0.319802 0.0224095 0.666467 0.566268 0.00674864 -0.100514 -6.11339 -819.456 0 
14 825.916 0.30715 0.0225973 0.677183 0.619465 0.0706879 -1.94861 -4.51828 -819.45 0 
18 828.992 0.302904 0.0227973 0.68115 0.592549 0.0611046 -4.58656 -4.49614 -819.909 0 
13 827.028 0.303529 0.0226455 0.681733 0.577882 0.105958 -2.75778 -4.45372 -819.817 0 
3 828.092 0.303085 0.0227503 0.682212 0.544344 0.111564 -3.39412 -4.40749 -820.29 0 
43 828.207 0.307742 0.0227214 0.676623 0.570082 0.0735965 -3.79556 -4.41366 -819.997 0 
16 826.425 0.315063 0.0225099 0.67195 0.604034 0.0903887 -1.16717 -5.85643 -819.401 0 
12 825.966 0.309818 0.022461 0.674463 0.6096 0.104518 -1.80158 -4.70104 -819.463 0 
14 827 0.313487 0.0226466 0.672154 0.615151 0.125044 -2.79375 -4.75255 -819.454 0 
7 825.954 0.315406 0.0224289 0.671703 0.570309 0.142205 -0.155194 -6.29909 -819.5 0 
46 826.422 0.317691 0.0224107 0.669376 0.593691 0.113321 -0.160645 -6.83165 -819.43 0 
2 830.79 0.325836 0.0223022 0.663053 0.5657 0.132079 -3.14514 -8.16427 -819.48 0 
62 828.793 0.305477 0.0224401 0.675526 0.650556 0.122669 -4.9762 -4.41716 -819.4 0 
1 829.283 0.305972 0.0225279 0.673912 0.666828 0.164825 -5.23052 -4.56406 -819.488 0 
4 829.048 0.317889 0.0225979 0.666911 0.653733 0.180061 -4.41202 -5.26685 -819.369 0 
19 828.328 0.303977 0.0224534 0.676622 0.642149 0.225781 -3.97223 -4.50396 -819.852 0 
30 827.645 0.305135 0.0224437 0.676071 0.622906 0.215353 -3.29408 -4.42784 -819.923 0 
3 827.57 0.308236 0.0225485 0.676405 0.68793 0.25568 -3.55614 -4.63885 -819.375 0 
15 826.924 0.309228 0.0226158 0.672092 0.676251 0.201483 -2.8866 -4.55575 -819.482 0 
52 828.289 0.304624 0.0227272 0.678454 0.671248 0.204703 -4.42251 -4.42147 -819.445 0 
21 828.857 0.29915 0.0226817 0.681871 0.692367 0.231904 -4.44206 -4.84215 -819.573 0 
24 828.872 0.303846 0.0226409 0.678613 0.681887 0.219212 -4.75081 -4.61902 -819.502 0 
1 826.932 0.316764 0.0227028 0.668684 0.664034 0.197603 -2.72689 -4.84257 -819.363 0 
47 825.843 0.311641 0.0224886 0.671196 0.635387 0.169816 -1.86746 -4.47903 -819.496 0 
5 826.172 0.317932 0.0224382 0.668112 0.662181 0.223399 -0.474704 -6.26934 -819.428 0 
6 826.618 0.315733 0.0224246 0.667946 0.667105 0.185906 -2.44988 -4.8168 -819.351 0 
18 825.926 0.319259 0.0224419 0.664057 0.710121 0.191716 -1.52323 -4.97798 -819.425 0 
3 827.94 0.309345 0.0225326 0.670461 0.708337 0.180122 -3.91161 -4.70775 -819.32 0 
98 825.855 0.313828 0.0225991 0.670983 0.65591 0.191102 -1.72632 -4.75098 -819.378 0 
14 826.595 0.316763 0.0225192 0.665225 0.666379 0.130933 -2.71212 -4.55128 -819.332 0 
77 825.768 0.313888 0.0223979 0.669751 0.681955 0.250155 -1.3185 -5.08229 -819.367 0 
31 826.729 0.313929 0.022348 0.669954 0.662332 0.267991 -2.36024 -4.92864 -819.44 0 
9 829.373 0.304127 0.0223555 0.676574 0.689021 0.259982 -5.51714 -4.42025 -819.435 0 
176 826.159 0.312156 0.0223407 0.671086 0.679112 0.258988 -1.86845 -4.91314 -819.377 0 
1 826.648 0.311285 0.0223195 0.672114 0.660768 0.242706 -2.16271 -5.09139 -819.394 0 
2 826.807 0.303167 0.0225262 0.678957 0.645745 0.209103 -2.7817 -4.40329 -819.622 0 
11 826.171 0.307408 0.0225776 0.679318 0.584029 0.227604 -1.34262 -5.02571 -819.803 0 
19 825.857 0.308362 0.0226295 0.676788 0.620574 0.201417 -1.63082 -4.65204 -819.574 0 
39 825.656 0.307537 0.022582 0.676648 0.589723 0.157359 -1.38778 -4.47975 -819.789 0 
105 825.727 0.308208 0.0225415 0.675158 0.58569 0.142517 -1.46104 -4.43718 -819.829 0 
7 825.285 0.315027 0.0224545 0.669578 0.562969 0.135878 -0.651456 -4.88547 -819.748 0 
18 827.6 0.315491 0.0224357 0.668159 0.583362 0.121087 -3.05067 -4.99123 -819.558 0 
41 827.098 0.314607 0.0222737 0.669014 0.619443 0.156504 -2.56439 -5.11673 -819.417 0 
2 828.962 0.312126 0.0222755 0.668943 0.676228 0.1685 -5.06445 -4.5659 -819.332 0 
2 830.538 0.30889 0.0223517 0.670021 0.674474 0.127347 -6.6483 -4.52964 -819.36 0 
29 830.766 0.309217 0.0222416 0.671104 0.711396 0.204617 -6.8784 -4.56456 -819.323 0 
12 827.697 0.317591 0.0222929 0.664341 0.657684 0.148507 -3.63807 -4.71251 -819.346 0 
3 827.368 0.312284 0.0222912 0.67074 0.634315 0.209765 -3.11208 -4.78581 -819.47 0 
85 825.881 0.315059 0.0226108 0.669782 0.593427 0.163774 -1.50843 -4.73082 -819.642 0 
15 826.259 0.31164 0.0225391 0.673102 0.538651 0.161804 -1.3853 -4.76438 -820.109 0 
75 827.26 0.312921 0.0225784 0.674887 0.48221 0.120671 -1.35929 -5.73709 -820.163 0 
16 827.397 0.315094 0.0225643 0.672837 0.459942 0.0952103 -1.28506 -5.82565 -820.286 0 
26 826.503 0.305951 0.0225232 0.681063 0.478199 0.143715 -0.875727 -5.09887 -820.528 0 
20 827.013 0.308389 0.0225388 0.676856 0.492492 0.111557 -1.80463 -4.57842 -820.63 0 
35 826.011 0.306026 0.0225359 0.680347 0.512414 0.137886 -0.87996 -4.90748 -820.224 0 
2 826.053 0.312192 0.0224734 0.674946 0.499768 0.108733 -0.342727 -5.74012 -819.97 0 
37 826.034 0.308179 0.0225058 0.67888 0.489323 0.0969152 -0.468415 -5.43025 -820.135 0 
10 826.503 0.31323 0.0225337 0.673518 0.460465 0.102658 -0.708529 -5.28812 -820.507 0 
19 826.565 0.310781 0.0225561 0.67512 0.471033 0.0672716 -1.18291 -4.7893 -820.593 0 
44 826.199 0.308598 0.022542 0.675834 0.49066 0.037721 -1.10863 -4.55554 -820.535 0 
3 827.251 0.308401 0.0225246 0.675403 0.558779 0.0936096 -2.81268 -4.60962 -819.829 0 
14 826.307 0.308774 0.0225779 0.673252 0.620043 0.0936525 -2.30283 -4.41675 -819.587 0 
24 826.215 0.307789 0.0224171 0.674885 0.596072 0.0878936 -2.12077 -4.51119 -819.583 0 
8 826.683 0.31812 0.0222841 0.667904 0.521105 0.052599 -0.60472 -6.45056 -819.628 0 
16 827.334 0.313225 0.0222752 0.669768 0.530974 0.0391225 -2.63102 -4.80433 -819.898 0 
1 828.097 0.316197 0.0224437 0.669547 0.469273 0.032384 -2.23997 -5.6946 -820.162 0 
5 826.239 0.306004 0.0225273 0.678903 0.507405 0.0786497 -1.29775 -4.53876 -820.402 0 
114 825.504 0.314716 0.0224723 0.67109 0.533381 0.0632478 -0.388289 -5.38799 -819.728 0 
30 826.799 0.315554 0.0225672 0.672074 0.531712 0.0644382 -1.31273 -5.82475 -819.661 0 
50 825.482 0.317677 0.022422 0.66793 0.553973 0.0773583 -0.2873 -5.6248 -819.57 0 
33 825.093 0.312921 0.0225056 0.67169 0.588327 0.0589447 -0.755199 -4.83296 -819.505 0 
12 825.567 0.317791 0.0223773 0.665992 0.576321 0.0659844 -1.0327 -4.99773 -819.536 0 
7 827.03 0.306623 0.0223394 0.675944 0.574711 0.102611 -2.75797 -4.51453 -819.757 0 
4 825.121 0.315611 0.0224367 0.668929 0.592482 0.0747643 -0.579341 -5.08684 -819.454 0 
103 826.317 0.32456 0.0224657 0.662621 0.57179 0.0354984 -0.298138 -6.58207 -819.437 0 
6 825.936 0.321949 0.0223337 0.663277 0.606256 0.0609049 -0.500225 -6.03677 -819.399 0 
91 826.172 0.316195 0.0225474 0.670824 0.559253 0.0315729 -0.867157 -5.79843 -819.506 0 
2 827.821 0.312674 0.0225207 0.671909 0.603707 0.00973303 -3.71821 -4.64013 -819.462 0 
12 825.389 0.307075 0.0225054 0.676559 0.600095 0.062983 -1.31968 -4.54447 -819.525 0 
7 825.699 0.311434 0.0224418 0.67215 0.564094 0.0516607 -1.31872 -4.68572 -819.694 0 
4 825.898 0.312643 0.0223706 0.670576 0.59687 0.0637004 -1.68564 -4.72911 -819.483 0 
88 826.426 0.307283 0.0225651 0.677733 0.54917 0.0636756 -1.96404 -4.53549 -819.927 0 
3 828.083 0.310125 0.0224675 0.677688 0.506162 0.0808384 -2.50738 -5.70425 -819.871 0 
21 826.73 0.31227 0.0225675 0.674784 0.470759 0.039725 -1.08081 -5.40454 -820.245 0 
1 826.888 0.3139 0.0225987 0.672623 0.482674 0.0662643 -1.46933 -5.16312 -820.256 0 
14 826.69 0.319163 0.0223882 0.667837 0.464749 0.0605455 -0.53016 -6.05379 -820.106 0 
1 832.44 0.31548 0.0221898 0.672116 0.506723 0.117098 -5.74602 -6.9906 -819.703 0 
15 833.41 0.322387 0.0223324 0.666115 0.485303 0.0378325 -4.57036 -9.23292 -819.606 0 
26 827.684 0.314454 0.0222858 0.670632 0.547553 0.0949884 -2.05341 -6.06373 -819.567 0 
1 827.802 0.311543 0.022295 0.672957 0.539347 0.122442 -2.94404 -4.99006 -819.868 0 
22 826.689 0.31901 0.0223211 0.6682 0.538379 0.119823 -0.104733 -7.02857 -819.556 0 
45 828.013 0.321417 0.0221965 0.664993 0.541337 0.102833 -1.33776 -7.15385 -819.521 0 
66 825.85 0.313457 0.0224752 0.672851 0.516812 0.139544 -0.522842 -5.31547 -820.011 0 
13 825.838 0.30588 0.0225422 0.6802 0.567534 0.223909 -0.991675 -4.82629 -820.02 0 
2 827.214 0.30539 0.02268 0.679206 0.562524 0.161137 -2.63621 -4.42985 -820.148 0 
1 829.673 0.307154 0.0227841 0.678355 0.620912 0.192316 -5.52492 -4.43738 -819.711 0 
20 829.086 0.312115 0.0227996 0.673977 0.585646 0.137792 -4.77518 -4.6095 -819.702 0 
10 828.66 0.304348 0.0227584 0.680122 0.662895 0.169641 -4.75315 -4.47784 -819.429 0 
19 829.402 0.305237 0.0225285 0.676156 0.70606 0.182607 -5.4213 -4.66393 -819.317 0 
18 827.337 0.308527 0.0226397 0.67316 0.668768 0.149183 -3.4932 -4.456 -819.388 0 
14 827.924 0.31439 0.0225655 0.66958 0.624882 0.139612 -3.91334 -4.51208 -819.499 0 
24 827.481 0.308599 0.0224187 0.673128 0.659271 0.168257 -3.6041 -4.46389 -819.413 0 
2 827.265 0.308678 0.0224978 0.672612 0.687897 0.180852 -3.47093 -4.46627 -819.328 0 
6 826.127 0.315403 0.0224791 0.668622 0.694806 0.168646 -1.76152 -4.97132 -819.394 0 
32 825.805 0.317707 0.0225705 0.665988 0.716249 0.136419 -1.26955 -5.00659 -819.529 0 
29 826.568 0.32604 0.0224036 0.657494 0.728063 0.113977 -1.275 -5.47131 -819.822 0 
64 826.634 0.319378 0.0225049 0.66386 0.755096 0.110786 -1.18662 -5.3684 -820.078 0 
34 827.922 0.32263 0.0224094 0.65852 0.762679 0.106535 -3.09253 -4.94055 -819.889 0 
106 828.271 0.334692 0.022373 0.651552 0.761941 0.207504 -0.26899 -7.4074 -820.594 0 
3 827.243 0.319227 0.0223246 0.663127 0.745774 0.220908 -2.40632 -5.19537 -819.641 0 
3 827.753 0.31326 0.0224439 0.66751 0.740739 0.205029 -3.76945 -4.62761 -819.356 0 
2 828.996 0.311374 0.0227377 0.672618 0.763566 0.260024 -4.6681 -4.81812 -819.51 0 
36 827.585 0.306364 0.0227114 0.677163 0.754862 0.295355 -3.69526 -4.57174 -819.318 0 
4 827.891 0.307647 0.0227365 0.673964 0.724482 0.264511 -3.81574 -4.68763 -819.388 0 
20 829.142 0.31208 0.0227313 0.672041 0.730656 0.286676 -5.25906 -4.54742 -819.335 0 
3 829.746 0.314551 0.0224388 0.670245 0.682254 0.25678 -5.45746 -4.91653 -819.372 0 
27 825.896 0.315273 0.0225296 0.667368 0.679103 0.222153 -1.95379 -4.57972 -819.362 0 
12 827.791 0.323787 0.0224305 0.663099 0.653084 0.290621 -2.29505 -6.05028 -819.445 0 
1 826.249 0.319229 0.022492 0.666996 0.694175 0.289627 -1.10305 -5.74343 -819.402 0 
82 825.133 0.31674 0.0225128 0.667908 0.643567 0.238552 -0.75292 -4.91261 -819.467 0 
15 825.519 0.320934 0.0225337 0.664727 0.652071 0.258327 -0.676356 -5.41668 -819.426 0 
3 828.894 0.321797 0.0224653 0.665298 0.690581 0.291114 -3.34219 -6.12714 -819.424 0 
29 825.443 0.31375 0.0225132 0.67021 0.707286 0.285369 -1.31848 -4.76644 -819.358 0 
8 827.494 0.317212 0.0225079 0.6649 0.727297 0.274478 -3.46584 -4.68259 -819.346 0 
16 827.41 0.308737 0.0226505 0.672282 0.765134 0.308634 -3.50342 -4.59631 -819.311 0 
14 826.1 0.32325 0.0223324 0.661859 0.735163 0.370575 -0.623006 -6.04924 -819.428 0 
5 826.798 0.32463 0.0224591 0.662316 0.782091 0.407756 -0.354517 -6.84183 -819.601 0 
22 827.91 0.321355 0.0223109 0.661107 0.808003 0.41222 -3.05867 -5.35816 -819.493 0 
16 828.128 0.31719 0.0223818 0.668041 0.838035 0.503079 -3.13792 -5.55545 -819.435 0 
2 826.659 0.31323 0.0224594 0.668784 0.837245 0.458637 -2.57144 -4.71002 -819.377 0 
5 826.279 0.326171 0.0223693 0.658666 0.797619 0.415021 -0.52708 -6.18327 -819.568 0 
9 828.379 0.310081 0.022423 0.670114 0.850391 0.454776 -4.47079 -4.5582 -819.35 0 
21 828.737 0.31881 0.022285 0.669884 0.805817 0.580023 -0.747517 -8.32677 -819.663 0 
20 825.62 0.314211 0.0223991 0.669318 0.829936 0.519757 -1.23032 -4.90986 -819.479 0 
55 826.238 0.31557 0.0225362 0.669968 0.814686 0.533783 -1.58588 -5.02569 -819.626 0 
14 826.112 0.321368 0.0224773 0.663232 0.860827 0.528073 -1.50188 -5.18896 -819.421 0 
11 825.687 0.318176 0.022493 0.667539 0.870796 0.569367 -0.448688 -5.76681 -819.471 0 
64 826.118 0.323681 0.0225882 0.66064 0.891803 0.500846 -1.26681 -5.25375 -819.598 0 
16 826.001 0.321864 0.0225031 0.663219 0.891049 0.535997 -0.897555 -5.58476 -819.519 0 
13 826.213 0.323996 0.0225269 0.661918 0.865272 0.514435 -0.768765 -5.91959 -819.524 0 
8 826.732 0.317447 0.0226163 0.668747 0.832733 0.529837 -1.75387 -5.51042 -819.468 0 
3 828.319 0.316975 0.0226283 0.671021 0.828755 0.581986 -2.42358 -6.20323 -819.692 0 
3 827.42 0.31279 0.0224006 0.670794 0.836235 0.587534 -2.53332 -4.9647 -819.922 0 
38 826.527 0.306102 0.022521 0.676554 0.853516 0.593379 -1.90629 -4.42461 -820.196 0 
7 827.178 0.307645 0.0226775 0.674195 0.892321 0.527523 -3.23392 -4.56583 -819.379 0 
12 826.401 0.313328 0.0225874 0.672297 0.858527 0.553636 -1.89747 -5.01832 -819.485 0 
6 825.514 0.315086 0.0224939 0.670335 0.839929 0.583377 -0.562574 -5.177 -819.774 0 
21 827.133 0.324643 0.0222601 0.659518 0.842682 0.529171 -1.6395 -6.0352 -819.459 0 
4 825.635 0.312638 0.0225029 0.670135 0.874113 0.569873 -1.50166 -4.55318 -819.58 0 
13 829.19 0.315799 0.0223962 0.673776 0.8453 0.661652 -1.20267 -7.87232 -820.115 0 
4 827.926 0.317282 0.022632 0.670503 0.837711 0.578924 -2.43964 -5.84001 -819.646 0 
37 828.616 0.315071 0.0226476 0.672869 0.806772 0.571392 -3.16237 -5.5559 -819.897 0 
3 829.359 0.309815 0.0224406 0.674552 0.806909 0.54947 -4.75105 -4.59113 -820.017 0 
20 826.811 0.310122 0.0224173 0.675519 0.815033 0.567168 -1.811 -5.12766 -819.872 0 
21 825.995 0.306333 0.0226316 0.678069 0.797082 0.488412 -1.85309 -4.50814 -819.634 0 
24 826.461 0.312501 0.0225705 0.672418 0.781714 0.449581 -1.93436 -5.10201 -819.424 0 
9 829.899 0.30723 0.0223711 0.676088 0.831765 0.48659 -5.82253 -4.67693 -819.399 0 
7 828.297 0.310463 0.0224245 0.669604 0.79209 0.380081 -4.38278 -4.5797 -819.335 0 
20 828.545 0.323487 0.0222209 0.662499 0.776842 0.428265 -1.84339 -7.14878 -819.553 0 
86 828.317 0.325396 0.022276 0.660891 0.826858 0.474876 -1.435 -7.21851 -819.663 0 
28 829.288 0.318854 0.0222087 0.664131 0.892363 0.552515 -4.36319 -5.45757 -819.468 0 
19 828.27 0.31847 0.0226331 0.668281 0.909174 0.55345 -2.29707 -6.30854 -819.664 0 
3 826.82 0.316255 0.0225145 0.668909 0.906846 0.558302 -1.3917 -5.87232 -819.556 0 
8 826.563 0.309406 0.0226054 0.673716 0.938463 0.596244 -2.46229 -4.68283 -819.417 0 
58 827.502 0.313368 0.0225287 0.669394 0.973976 0.601114 -2.87305 -5.05891 -819.57 0 
10 826.332 0.314809 0.0224295 0.667536 0.940171 0.591159 -2.11678 -4.79183 -819.423 0 
15 826.512 0.31568 0.02247 0.669076 0.925228 0.592673 -1.77297 -5.28132 -819.458 0 
7 825.845 0.314754 0.0223742 0.66942 0.900368 0.609858 -1.09547 -5.21762 -819.532 0 
15 826.994 0.320883 0.0223171 0.665585 0.892635 0.595036 -0.394153 -7.06556 -819.534 0 
7 826.417 0.31131 0.0224191 0.672635 0.9229 0.598247 -1.96988 -5.00473 -819.443 0 
39 827.94 0.315218 0.0225614 0.670182 0.921469 0.556393 -3.03922 -5.35545 -819.546 0 
37 828.449 0.317366 0.022731 0.66589 0.943929 0.504898 -3.44815 -5.05559 -819.945 0 
31 827.044 0.316474 0.0226441 0.667483 0.920456 0.525931 -2.53985 -4.95037 -819.554 0 
8 826.293 0.314898 0.0225722 0.669829 0.913971 0.566917 -1.79322 -5.05934 -819.44 0 
20 829.123 0.309838 0.022707 0.670262 0.914333 0.515016 -4.96991 -4.80972 -819.343 0 
4 825.398 0.314293 0.0225251 0.670281 0.904604 0.613518 -0.891711 -4.94109 -819.566 0 
6 826.477 0.310652 0.0224035 0.674715 0.932054 0.663254 -1.48069 -5.31439 -819.682 0 
25 826.918 0.312425 0.0223428 0.669894 0.972845 0.641501 -2.50305 -4.95542 -819.46 0 
1 828.543 0.31066 0.0224656 0.672314 0.929097 0.633899 -4.12711 -4.85116 -819.565 0 
16 827.631 0.309042 0.0223711 0.672223 0.885945 0.580205 -3.54071 -4.49431 -819.596 0 
5 829.678 0.303273 0.0225445 0.679344 0.907158 0.664147 -4.76124 -4.43075 -820.486 0 
12 828.713 0.301228 0.022421 0.680955 0.927756 0.70985 -2.9969 -4.45386 -821.262 0 
26 827.806 0.300781 0.0223638 0.684337 0.952907 0.769993 -1.29073 -4.85555 -821.66 0 
2 829.514 0.296461 0.0226152 0.684833 1.04235 0.75665 -4.02199 -4.9142 -820.578 0 
23 830.507 0.299192 0.0225628 0.685343 1.01628 0.831653 -2.82142 -4.55501 -823.131 0 
32 833.16 0.291089 0.0224817 0.696459 1.034 0.921952 -1.33501 -4.94892 -826.876 0 
11 832.515 0.292076 0.0226348 0.69517 1.0495 0.887763 -3.33285 -4.64238 -824.54 0 
16 830.278 0.293068 0.0226317 0.692586 1.0673 0.88036 -2.06726 -4.57807 -823.633 0 
32 830.364 0.302552 0.0227146 0.68388 1.04779 0.828393 -4.20299 -4.57141 -821.59 0 
14 831.143 0.311097 0.0228139 0.676302 1.00428 0.761905 -5.80486 -5.07113 -820.267 0 
33 826.458 0.308213 0.0224726 0.677025 1.04199 0.814753 -0.58104 -5.03352 -820.843 0 
17 826.45 0.309894 0.0225078 0.673319 1.04786 0.766506 -1.82948 -4.59762 -820.023 0 
21 826.012 0.310207 0.0224221 0.673663 1.05057 0.752973 -1.3164 -5.01703 -819.679 0 
4 828.301 0.309351 0.0226115 0.673827 1.08079 0.755852 -4.01163 -4.65241 -819.637 0 
6 826.035 0.311293 0.0225699 0.671419 1.07574 0.752511 -1.75085 -4.67514 -819.609 0 
73 826.341 0.319406 0.0224472 0.665713 1.10748 0.792713 -0.882267 -5.81546 -819.643 0 
6 827.727 0.323322 0.022399 0.662635 1.12867 0.792375 -1.20217 -6.7827 -819.742 0 
4 828.263 0.31793 0.0227097 0.66694 1.1058 0.764357 -3.37902 -5.30408 -819.58 0 
1 830.71 0.319211 0.0227615 0.665565 1.1357 0.735113 -5.39908 -5.39437 -819.917 0 
10 830.039 0.313933 0.022819 0.670002 1.16218 0.748117 -4.80396 -5.27061 -819.965 0 
27 829.922 0.330651 0.0225724 0.656338 1.1352 0.74151 -1.35053 -7.8978 -820.673 0 
43 829.724 0.320032 0.0223279 0.661372 1.17831 0.760675 -3.39561 -5.94077 -820.388 0 
23 828.75 0.324213 0.0222479 0.65853 1.16452 0.801778 -2.84366 -6.11338 -819.793 0 
9 827.207 0.324249 0.0225029 0.660461 1.15304 0.769768 -0.965172 -6.22555 -820.016 0 
75 829.171 0.330095 0.0225352 0.652987 1.15132 0.688925 -1.17168 -6.39799 -821.601 0 
4 829.444 0.331147 0.0225245 0.653395 1.13883 0.687311 -0.819354 -6.96793 -821.657 0 
20 830.365 0.331887 0.0225123 0.654497 1.13955 0.722606 -1.77228 -7.53893 -821.054 0 
13 829.787 0.326265 0.0223707 0.659738 1.16365 0.792506 -2.31985 -7.34595 -820.121 0 
54 829.288 0.328 0.0224486 0.653535 1.17041 0.725966 -2.41356 -5.9632 -820.911 0 
16 828.524 0.326461 0.0224494 0.660183 1.16407 0.787507 -0.238487 -7.9566 -820.329 0 
9 830.457 0.312715 0.022393 0.668928 1.21022 0.80314 -5.21335 -5.36048 -819.883 0 
8 827.926 0.316687 0.0223769 0.666206 1.15541 0.775577 -2.50373 -5.61082 -819.811 0 
31 827.24 0.313333 0.0224191 0.669523 1.16958 0.816952 -2.44461 -5.16459 -819.631 0 
7 827.156 0.312722 0.0223639 0.671218 1.20613 0.87317 -1.77083 -5.58806 -819.797 0 
6 826.731 0.312313 0.0225815 0.673886 1.15058 0.856792 -1.16713 -5.59385 -819.97 0 
55 827.527 0.306181 0.0224731 0.677595 1.17022 0.903885 -1.63282 -4.67744 -821.216 0 
37 827.255 0.307473 0.0225109 0.673722 1.18256 0.826501 -2.85353 -4.75296 -819.649 0 
59 827.492 0.306374 0.0224499 0.675509 1.14983 0.839515 -2.8117 -4.60556 -820.075 0 
59 827.372 0.312982 0.0223423 0.672351 1.11158 0.863181 -0.857748 -6.04446 -820.47 0 
33 830.057 0.305402 0.0223616 0.67574 1.14736 0.843017 -5.22736 -4.58331 -820.246 0 
5 833.478 0.294744 0.0223208 0.688973 1.11958 0.946018 -3.37463 -4.70207 -825.401 0 
1 831.053 0.308979 0.022528 0.680476 1.03731 0.889736 -1.41749 -6.98106 -822.655 0 
21 828.969 0.298502 0.0225301 0.684874 1.06141 0.846368 -2.07677 -4.51123 -822.381 0 
49 827.721 0.299196 0.0225353 0.685699 1.08703 0.862053 -1.34145 -4.62329 -821.757 0 
122 826.495 0.307457 0.0226075 0.678306 1.0644 0.784434 -1.46997 -5.1467 -819.878 0 
55 827.864 0.303357 0.022517 0.680097 1.09989 0.859236 -1.84743 -4.54504 -821.471 0 
1 827.719 0.313864 0.0224058 0.674234 1.10149 0.856688 -0.14445 -7.36468 -820.21 0 
10 827.883 0.312027 0.0225227 0.674122 1.09593 0.845364 -2.10865 -5.23882 -820.536 0 
30 827.997 0.312564 0.0224879 0.673299 1.02428 0.836579 -0.867761 -5.42121 -821.708 0 
13 828.345 0.315884 0.0224078 0.671821 1.03276 0.854344 -0.081753 -6.79192 -821.471 0 
9 827.302 0.320737 0.0224671 0.665727 1.09079 0.788124 -0.685699 -6.94505 -819.671 0 
12 826.275 0.320621 0.0224065 0.664021 1.07049 0.76793 -0.697652 -5.9488 -819.628 0 
1 829.325 0.314612 0.0224501 0.669725 1.07823 0.807016 -3.7706 -5.591 -819.963 0 
8 828.279 0.324809 0.0224408 0.66316 1.07158 0.829234 -0.521019 -7.70665 -820.052 0 
8 828.354 0.320957 0.0223123 0.666919 1.09415 0.853406 -0.159183 -8.04159 -820.154 0 
17 830.313 0.313183 0.0221543 0.673725 1.10623 0.884349 -1.69987 -7.96912 -820.644 0 
3 831.186 0.311071 0.0223144 0.671784 1.11989 0.800738 -6.55309 -4.94305 -819.69 0 
4 827.074 0.307791 0.0224219 0.675533 1.10532 0.803117 -2.24562 -5.04758 -819.781 0 
1 827.384 0.30845 0.0223547 0.673836 1.1158 0.804025 -2.80006 -4.81502 -819.769 0 
52 826.718 0.312054 0.0223527 0.672537 1.08276 0.827067 -1.05567 -5.36345 -820.299 0 
25 826.645 0.305215 0.0223947 0.678473 1.06705 0.787273 -1.84025 -4.808 -819.997 0 
7 826.972 0.30537 0.0224205 0.678546 1.09984 0.850112 -1.32013 -4.77672 -820.875 0 
36 825.893 0.313152 0.0225537 0.67024 1.12602 0.800422 -1.32009 -4.91334 -819.66 0 
16 826.401 0.315063 0.0226278 0.668484 1.13402 0.777069 -1.7745 -5.04612 -819.581 0 
4 826.903 0.314575 0.0224638 0.670831 1.13912 0.854602 -0.958386 -5.95006 -819.994 0 
27 826.456 0.309819 0.0224995 0.673546 1.1209 0.845512 -1.31267 -4.67907 -820.464 0 
29 827.222 0.314985 0.0224696 0.665669 1.0995 0.742794 -2.97699 -4.73868 -819.506 0 
6 828.968 0.31198 0.0223851 0.668399 1.14272 0.796653 -4.61814 -4.74864 -819.602 0 
1 828.175 0.319623 0.0225754 0.667312 1.12034 0.817624 -1.76145 -6.69919 -819.714 0 
9 830.417 0.312143 0.0225133 0.676138 1.095 0.832665 -4.05821 -6.33442 -820.024 0 
15 829.648 0.295498 0.0226477 0.686008 1.13873 0.822244 -4.66715 -4.74747 -820.234 0 
8 829.89 0.300399 0.0226534 0.681787 1.12687 0.78645 -5.31765 -4.84115 -819.731 0 
11 829.261 0.307957 0.0226917 0.675355 1.14126 0.797813 -4.84047 -4.81865 -819.602 0 
6 828.03 0.312687 0.022723 0.668983 1.17842 0.791728 -3.55266 -4.89945 -819.578 0 
6 827.583 0.312927 0.0226981 0.669541 1.18591 0.802138 -2.99302 -4.96644 -819.624 0 
6 826.467 0.318229 0.0225561 0.667159 1.13995 0.798737 -0.904333 -5.8991 -819.663 0 
12 827.401 0.313135 0.0226032 0.67399 1.11059 0.829522 -1.4977 -6.00933 -819.894 0 
6 827.304 0.309185 0.0224445 0.672025 1.09846 0.759999 -3.05311 -4.68866 -819.562 0 
31 826.721 0.319693 0.0225657 0.666128 1.08675 0.761144 -1.02663 -6.07435 -819.62 0 
29 826.643 0.324043 0.0225 0.65991 1.00857 0.648848 -1.28407 -5.68201 -819.677 0 
15 826.879 0.31563 0.0224586 0.666642 1.03332 0.64565 -2.07416 -5.10108 -819.704 0 
25 828.017 0.318078 0.0223973 0.662734 1.00027 0.586276 -3.13962 -5.03575 -819.842 0 
7 827.743 0.327238 0.0225478 0.6571 0.964543 0.552711 -1.52268 -6.01451 -820.206 0 
19 825.791 0.317489 0.0225504 0.665285 0.967112 0.61182 -1.49048 -4.84842 -819.453 0 
48 826.603 0.314559 0.0226597 0.67086 0.913133 0.606955 -2.07071 -5.04645 -819.485 0 
17 826.336 0.32056 0.0223938 0.665815 0.919654 0.656627 -0.137591 -6.5965 -819.602 0 
6 826.042 0.312677 0.0223944 0.673067 0.933903 0.692735 -0.348315 -5.8117 -819.882 0 
15 825.695 0.31384 0.0224504 0.669368 0.903836 0.594993 -1.35199 -4.85762 -819.485 0 
1 826.023 0.318461 0.0224093 0.667332 0.874275 0.599435 -0.347061 -6.1344 -819.542 0 
26 827.757 0.320425 0.0224736 0.663419 0.903546 0.606556 -2.95842 -5.29704 -819.501 0 
11 830.477 0.331975 0.0224762 0.654383 0.883127 0.522361 -3.24884 -7.38024 -819.848 0 
9 826.978 0.321658 0.0225404 0.66314 0.938378 0.574735 -1.47945 -5.83422 -819.664 0 
4 827.005 0.313321 0.0225304 0.668586 0.977248 0.606021 -2.72148 -4.79991 -819.484 0 
5 828.189 0.314087 0.0225649 0.666036 1.00558 0.596126 -3.78151 -4.81806 -819.59 0 
9 826.332 0.31399 0.0226419 0.670531 0.955268 0.617015 -1.87973 -5.00094 -819.451 0 
7 831.407 0.320286 0.0226604 0.666592 0.922113 0.622137 -5.57502 -6.32452 -819.508 0 
7 826.838 0.315372 0.0226434 0.668296 0.914956 0.61343 -2.61862 -4.6556 -819.563 0 
5 827.131 0.323346 0.0225549 0.664128 0.852506 0.558718 -1.12933 -6.51311 -819.488 0 
16 825.878 0.315879 0.0224354 0.669838 0.869903 0.626317 -0.368218 -5.71109 -819.798 0 
2 825.646 0.309914 0.0225328 0.675206 0.891674 0.642526 -0.793249 -4.88596 -819.967 0 
7 828.512 0.304752 0.0223643 0.681055 0.926675 0.745225 -2.12852 -5.03585 -821.347 0 
16 826.79 0.311195 0.0226041 0.675148 0.919478 0.695051 -1.36718 -5.1386 -820.284 0 
1 828.559 0.313269 0.0224922 0.672332 0.946985 0.67864 -3.75569 -5.04798 -819.755 0 
12 826.759 0.311821 0.0223718 0.671736 0.954979 0.688539 -1.8955 -5.08148 -819.782 0 
5 829.214 0.305265 0.0223516 0.675053 0.99548 0.642616 -5.15979 -4.63016 -819.424 0 
7 827.942 0.304123 0.0224255 0.677447 1.0326 0.700798 -3.80459 -4.61241 -819.525 0 
14 827.494 0.310213 0.0224824 0.673453 0.971591 0.650581 -3.25423 -4.75905 -819.481 0 
8 828.245 0.320676 0.022364 0.664036 0.994046 0.644027 -1.70597 -6.73025 -819.809 0 
2 826.509 0.320893 0.022349 0.663491 0.98776 0.654814 -0.802375 -6.10894 -819.597 0 
8 826.831 0.316901 0.0223312 0.66635 0.957989 0.647992 -2.20458 -5.13614 -819.49 0 
1 827.108 0.325769 0.0223565 0.660507 0.954341 0.626453 -0.103758 -7.2932 -819.711 0 
29 827.831 0.325774 0.0224711 0.662175 0.956353 0.662348 -0.493435 -7.72826 -819.61 0 
17 828.109 0.321807 0.0225259 0.665509 0.945847 0.643917 -2.22618 -6.35599 -819.527 0 
3 828.734 0.320082 0.0226587 0.667767 0.924678 0.622915 -3.03093 -6.19722 -819.506 0 
2 829.999 0.320697 0.0227762 0.6638 0.919728 0.522227 -5.24541 -5.11477 -819.639 0 
1 829.405 0.314798 0.0228378 0.667861 0.891233 0.485255 -5.3746 -4.64722 -819.383 0 
12 828.531 0.314539 0.0225825 0.664717 0.93604 0.489294 -4.00354 -4.97335 -819.554 0 
8 827.577 0.310667 0.0226182 0.672023 0.967554 0.603689 -3.48543 -4.68522 -819.406 0 
20 827.947 0.321354 0.0226684 0.664869 0.94222 0.573623 -2.34807 -5.89045 -819.709 0 
18 827.194 0.319202 0.0225703 0.666275 0.989146 0.616484 -1.1804 -6.14289 -819.87 0 
17 828.323 0.320633 0.022631 0.666083 0.966342 0.591339 -2.10942 -6.31265 -819.901 0 
21 827.55 0.318168 0.0226619 0.665333 1.02753 0.607691 -2.17872 -5.29371 -820.078 0 
48 828.283 0.321459 0.0226412 0.663116 1.05052 0.623326 -1.77662 -5.94181 -820.565 0 
35 828.248 0.31556 0.0226297 0.667723 1.06989 0.669979 -3.32187 -5.13015 -819.796 0 
17 828.271 0.315181 0.0227316 0.668283 1.02732 0.640494 -3.81344 -4.88957 -819.568 0 
65 827.587 0.307522 0.022735 0.675067 1.00053 0.648497 -3.50509 -4.64989 -819.433 0 
28 826.396 0.311409 0.0226164 0.672693 0.998774 0.711425 -1.92466 -4.73445 -819.737 0 
7 826.533 0.306984 0.0225652 0.676745 0.980393 0.730238 -1.60142 -4.49793 -820.434 0 
3 827.46 0.30704 0.0223619 0.675481 0.990468 0.736958 -2.58794 -4.56767 -820.304 0 
27 826.567 0.312536 0.022419 0.673922 0.944999 0.725305 -0.61991 -5.71091 -820.236 0 
30 826.908 0.316744 0.0224863 0.669817 0.944277 0.681801 -0.930406 -6.33336 -819.644 0 
9 826.643 0.317351 0.0224264 0.666851 1.00181 0.700078 -1.93187 -5.1519 -819.559 0 
8 828.526 0.317801 0.0224627 0.670133 0.955639 0.741721 -1.20023 -7.2605 -820.065 0 
7 828.851 0.318628 0.0224295 0.670512 0.98148 0.760484 -1.05304 -7.82911 -819.968 0 
5 826.675 0.318976 0.0224835 0.667685 0.959394 0.710695 -0.5905 -6.30673 -819.778 0 
35 826.282 0.311598 0.022619 0.671385 0.980249 0.693427 -1.92499 -4.50329 -819.854 0 
37 826.38 0.304188 0.0225033 0.678959 1.01872 0.745433 -1.74251 -4.52083 -820.117 0 
25 826.234 0.311275 0.022587 0.67189 0.951809 0.66844 -1.89328 -4.54584 -819.795 0 
28 826.288 0.3182 0.0225263 0.668141 0.934745 0.695293 -0.652127 -5.71299 -819.923 0 
9 827.61 0.307493 0.0226763 0.676732 0.927875 0.691865 -2.47273 -4.45255 -820.685 0 
23 828.054 0.312682 0.0225714 0.673924 0.905167 0.697401 -2.08138 -5.58454 -820.389 0 
17 826.975 0.317862 0.0225444 0.669054 0.952222 0.723261 -1.18881 -5.66935 -820.117 0 
18 828.564 0.31431 0.0225161 0.67178 0.960494 0.726699 -3.23856 -5.07893 -820.246 0 
14 828.913 0.312524 0.0224633 0.67039 0.99271 0.70801 -4.30733 -4.90181 -819.704 0 
9 827.931 0.310924 0.0224989 0.675856 0.964669 0.738384 -2.28282 -5.35793 -820.29 0 
95 826.001 0.314753 0.0224298 0.669824 0.99176 0.741124 -0.716153 -5.2686 -820.016 0 
44 826.946 0.308865 0.0225797 0.672973 1.01119 0.7173 -2.55937 -4.48789 -819.899 0 
11 828.523 0.317119 0.022664 0.670414 0.981331 0.744082 -2.69406 -5.77126 -820.057 0 
38 828.248 0.311728 0.0227715 0.672021 1.02299 0.711459 -4.0163 -4.55792 -819.674 0 
2 828.236 0.305072 0.0225002 0.675673 1.03658 0.70789 -3.94763 -4.66343 -819.625 0 
7 828.409 0.30444 0.022555 0.675652 1.0161 0.685326 -4.01274 -4.75543 -819.641 0 
28 826.079 0.311247 0.0226043 0.673732 0.965861 0.68862 -1.44059 -4.9056 -819.733 0 
15 826.186 0.315677 0.0225706 0.670565 0.930379 0.663484 -1.00165 -5.513 -819.671 0 
11 826.745 0.314442 0.0226798 0.669309 0.960924 0.597963 -2.4349 -4.84882 -819.461 0 
25 827.999 0.311735 0.0227119 0.672497 0.930263 0.557932 -3.59949 -4.91767 -819.482 0 
5 828.453 0.31988 0.0226762 0.663503 0.902256 0.449803 -3.22978 -5.20206 -820.021 0 
2 829.134 0.308264 0.0226351 0.671662 0.945041 0.508816 -4.57102 -5.09905 -819.464 0 
10 828.063 0.315154 0.022746 0.668738 0.909412 0.516839 -3.72124 -4.8417 -819.5 0 
36 827.663 0.316639 0.0226565 0.66639 0.947894 0.497477 -2.31809 -5.19038 -820.154 0 
6 827.337 0.322995 0.0224372 0.660716 0.926351 0.497593 -1.02777 -6.02594 -820.283 0 
4 828.3 0.326925 0.0225054 0.65881 0.900438 0.451663 -1.12592 -6.58713 -820.587 0 
12 828.442 0.325576 0.0223901 0.659488 0.908354 0.457081 -0.382124 -7.16007 -820.899 0 
9 828.407 0.323417 0.0225543 0.662539 0.912691 0.460689 -0.962688 -6.70275 -820.741 0 
18 827.438 0.327191 0.0224812 0.65552 0.913537 0.430167 -1.30567 -5.55339 -820.578 0 
8 829.496 0.325744 0.0224863 0.656124 0.947792 0.412973 -1.92815 -5.84563 -821.723 0 
40 829.146 0.334052 0.0224024 0.653049 0.874474 0.438258 -0.0394543 -8.27304 -820.834 0 
17 828.585 0.331007 0.0225017 0.65647 0.869589 0.471193 -0.628822 -7.73525 -820.221 0 
50 828.647 0.322177 0.0225197 0.663755 0.870518 0.514213 -3.50926 -5.63198 -819.506 0 
18 829.148 0.320083 0.0223197 0.660593 0.905663 0.495985 -4.73826 -4.84958 -819.56 0 
4 827.086 0.309315 0.0224694 0.67151 0.893492 0.519248 -3.14 -4.58181 -819.364 0 
23 828.598 0.308431 0.0225889 0.671345 0.899365 0.486996 -4.3184 -4.94264 -819.337 0 
16 827.035 0.305181 0.0226159 0.676672 0.924891 0.539111 -2.98388 -4.68039 -819.371 0 
2 825.239 0.315639 0.0224847 0.669254 0.800209 0.465743 -0.536216 -5.29019 -819.413 0 
31 826.759 0.315812 0.0225314 0.668817 0.792148 0.454732 -2.07923 -5.27001 -819.409 0 
2 828.459 0.315747 0.022602 0.672524 0.747836 0.512593 -2.72614 -5.86624 -819.867 0 
13 829.274 0.298852 0.0223441 0.684434 0.794529 0.600822 -3.40613 -4.46859 -821.399 0 
1 829.811 0.308883 0.0225659 0.674995 0.763707 0.550533 -4.49268 -4.60767 -820.71 0 
6 829.816 0.316985 0.022525 0.669154 0.811375 0.55932 -4.10067 -6.03614 -819.679 0 
1 828.59 0.305051 0.0227087 0.682009 0.862223 0.650919 -3.21555 -4.74172 -820.633 0 
61 830.868 0.309748 0.0227737 0.678589 0.819361 0.621251 -5.12324 -5.19074 -820.554 0 
40 827.6 0.304287 0.0226766 0.681579 0.843106 0.632561 -2.2288 -4.57049 -820.801 0 
44 827.706 0.299514 0.02263 0.685021 0.863031 0.62769 -2.56366 -4.44082 -820.701 0 
5 826.202 0.31186 0.0226064 0.671668 0.875431 0.56755 -2.06084 -4.60485 -819.537 0 
10 825.845 0.312598 0.0225353 0.671633 0.866623 0.606989 -1.20146 -4.76609 -819.878 0 
16 826.376 0.313378 0.0224245 0.671994 0.896847 0.64408 -0.953787 -5.68466 -819.737 0 
26 826.097 0.309795 0.0226366 0.673565 0.910488 0.584279 -2.07391 -4.55184 -819.471 0 
15 826.626 0.307645 0.0224092 0.674902 0.901224 0.580283 -2.46184 -4.71171 -819.453 0 
29 825.724 0.313419 0.0225066 0.669966 0.884653 0.51353 -1.40858 -4.88575 -819.43 0 
14 825.583 0.318523 0.022532 0.66603 0.87452 0.513831 -0.78347 -5.32403 -819.475 0 
24 825.75 0.319394 0.0224566 0.666033 0.851979 0.528674 -0.657107 -5.64987 -819.443 0 
27 826.389 0.312642 0.02263 0.670999 0.865373 0.536076 -2.29953 -4.65488 -819.435 0 
15 827.37 0.318592 0.0225314 0.667898 0.830464 0.541838 -1.69447 -6.18509 -819.49 0 
45 827.605 0.309321 0.0223406 0.673707 0.824596 0.550028 -3.19157 -4.60736 -819.806 0 
70 826.111 0.316315 0.022347 0.669787 0.820031 0.547437 -0.242422 -6.33386 -819.535 0 
18 826.169 0.30726 0.0224731 0.677232 0.827003 0.56034 -1.50203 -4.90517 -819.762 0 
2 826.181 0.306916 0.0224951 0.678431 0.81186 0.571158 -1.14715 -5.04135 -819.992 0 
86 826.081 0.31559 0.0224394 0.671071 0.782953 0.549747 -0.390763 -5.82407 -819.867 0 
16 828.881 0.317153 0.022537 0.670975 0.758367 0.536753 -2.98449 -5.9281 -819.969 0 
10 827.034 0.312445 0.022427 0.672205 0.850647 0.568923 -2.02411 -5.46129 -819.549 0 
28 827.141 0.312642 0.0223068 0.674744 0.798001 0.597418 -0.330173 -6.77827 -820.033 0 
7 827.562 0.3123 0.0222725 0.674366 0.742596 0.57689 -0.642285 -6.30227 -820.618 0 
8 826.853 0.312071 0.0223436 0.672633 0.764147 0.574219 -1.0678 -5.04364 -820.741 0 
1 828.081 0.312483 0.0223096 0.674133 0.763218 0.598977 -1.42214 -5.85193 -820.807 0 
11 829.392 0.308653 0.0222411 0.675489 0.824397 0.596082 -4.26525 -4.96587 -820.161 0 
17 826.933 0.307484 0.0223111 0.676671 0.827772 0.591553 -1.82841 -5.08296 -820.022 0 
8 825.76 0.310793 0.0224212 0.67483 0.810476 0.568646 -0.593626 -5.26609 -819.9 0 
4 826.825 0.314908 0.0223361 0.668066 0.85187 0.518576 -2.47697 -4.93651 -819.412 0 
8 826.907 0.307307 0.0224354 0.674622 0.873892 0.528478 -2.91604 -4.59447 -819.397 0 
25 827.057 0.306032 0.0225163 0.675449 0.891096 0.519879 -3.12761 -4.56226 -819.368 0 
7 827.134 0.309067 0.0227272 0.675429 0.859913 0.503538 -3.09111 -4.66085 -819.382 0 
23 826.027 0.314376 0.0225738 0.671191 0.906588 0.566218 -1.13873 -5.41909 -819.47 0 
4 827.454 0.318328 0.0225417 0.662524 0.945214 0.513275 -2.91448 -4.86913 -819.67 0 
10 827.978 0.325115 0.0224579 0.661921 0.914625 0.536467 -0.451524 -7.42548 -820.101 0 
38 828.346 0.320622 0.0222625 0.663492 0.91592 0.539285 -1.80637 -6.62606 -819.914 0 
14 830.835 0.324039 0.0222124 0.659151 0.884821 0.471365 -4.94976 -5.93212 -819.953 0 
6 830.363 0.321281 0.0222156 0.661333 0.884108 0.444132 -3.75978 -6.28036 -820.323 0 
22 826.452 0.318975 0.0224046 0.664842 0.842648 0.46265 -1.71126 -5.2601 -819.48 0 
165 825.624 0.319702 0.0224039 0.664411 0.814923 0.447236 -0.752491 -5.42802 -819.444 0 
7 828.192 0.320711 0.0225934 0.66653 0.820368 0.427969 -1.66051 -6.76141 -819.77 0 
12 825.651 0.317637 0.0224612 0.665173 0.817 0.413435 -1.30529 -4.91459 -819.431 0 
57 827.025 0.325246 0.0224128 0.659287 0.819772 0.343503 -0.748847 -6.10887 -820.168 0 
30 827.796 0.323236 0.0224903 0.658775 0.8607 0.324541 -1.83756 -5.3773 -820.581 0 
21 830.211 0.324322 0.0223592 0.657018 0.853863 0.326802 -4.07645 -5.54297 -820.591 0 
1 830.207 0.307788 0.0225258 0.67151 0.822098 0.351389 -5.84777 -5.04351 -819.316 0 
62 825.878 0.316761 0.0225598 0.668334 0.753434 0.379716 -1.18958 -5.29799 -819.391 0 
24 828.567 0.313536 0.0226147 0.670363 0.76799 0.389477 -4.32595 -4.87047 -819.37 0 
3 828.049 0.318748 0.0224641 0.663298 0.777698 0.377001 -3.89161 -4.79007 -819.368 0 
27 828.91 0.326871 0.0224474 0.661862 0.751341 0.430183 -0.837663 -8.50656 -819.565 0 
5 827.741 0.328965 0.0225505 0.658808 0.71661 0.308111 -1.42185 -6.78035 -819.539 0 
5 829.526 0.325866 0.0225675 0.663138 0.731813 0.365908 -2.5727 -7.40959 -819.543 0 
107 827.133 0.327165 0.0223246 0.658653 0.666221 0.299756 -0.915686 -6.77951 -819.437 0 
1 829.357 0.319465 0.0223868 0.665028 0.682008 0.325589 -4.05833 -5.87056 -819.428 0 
53 827.286 0.322375 0.0223595 0.665489 0.693835 0.392671 -0.389632 -7.40728 -819.489 0 
10 828.077 0.318047 0.0224291 0.667639 0.685724 0.376776 -2.44029 -6.12169 -819.515 0 
49 828.736 0.326309 0.0224264 0.663004 0.64877 0.356215 -1.13015 -8.07918 -819.526 0 
3 827.521 0.323318 0.0224659 0.663753 0.716964 0.366557 -1.02776 -7.02752 -819.465 0 
67 825.713 0.32076 0.022489 0.662683 0.734679 0.300962 -1.29125 -5.03428 -819.387 0 
1 826.383 0.32091 0.0225488 0.665007 0.723984 0.305594 -1.03317 -5.88991 -819.46 0 
2 826.403 0.315822 0.0225511 0.669462 0.721598 0.346495 -2.02686 -4.98377 -819.393 0 
47 825.666 0.316574 0.0225371 0.667408 0.72811 0.320041 -1.54134 -4.76729 -819.358 0 
6 826.353 0.317117 0.0223329 0.666855 0.738753 0.376714 -1.72125 -5.2379 -819.394 0 
10 829.358 0.321462 0.0221903 0.661431 0.752486 0.345875 -3.99539 -5.86441 -819.498 0 
7 827.406 0.321029 0.0222761 0.662851 0.736656 0.369159 -2.12132 -5.86733 -819.418 0 
27 827.308 0.322573 0.0222865 0.663257 0.741081 0.350519 -0.581386 -7.12561 -819.601 0 
17 828.078 0.31636 0.0222537 0.668472 0.752007 0.390554 -2.75451 -5.89596 -819.428 0 
9 827.241 0.318109 0.0222489 0.6672 0.757691 0.415509 -1.16992 -6.60645 -819.464 0 
21 827.98 0.32096 0.0223045 0.667131 0.72312 0.445903 -0.599214 -7.86403 -819.516 0 
45 827.938 0.313579 0.0223593 0.667276 0.769461 0.395384 -4.03256 -4.52058 -819.385 0 
1 828.093 0.320444 0.0225074 0.665911 0.786014 0.382054 -1.60047 -6.77019 -819.722 0 
56 826.705 0.320656 0.0226242 0.663491 0.825692 0.355119 -1.72904 -5.18583 -819.79 0 
8 825.925 0.320225 0.0225058 0.664702 0.794104 0.384741 -0.669756 -5.69075 -819.565 0 
9 826.937 0.316601 0.0224496 0.666623 0.815757 0.450879 -2.41785 -5.1156 -819.404 0 
16 825.446 0.314423 0.022488 0.671381 0.821124 0.519138 -0.417716 -5.5596 -819.469 0 
7 830.472 0.316291 0.0222643 0.66448 0.811867 0.459549 -6.34132 -4.74575 -819.385 0 
1 829.597 0.314616 0.022133 0.669982 0.844359 0.597323 -3.50994 -6.42348 -819.664 0 
30 828.024 0.316859 0.022208 0.668711 0.839291 0.599686 -1.60763 -6.72788 -819.688 0 
8 828.354 0.313566 0.0224796 0.669617 0.89065 0.583199 -3.92007 -4.95457 -819.479 0 
18 829.038 0.313429 0.0223864 0.673595 0.907782 0.691351 -3.0463 -5.84922 -820.143 0 
2 826.151 0.310405 0.0224476 0.67562 0.902414 0.679219 -0.448579 -5.58413 -820.118 0 
10 827.372 0.322515 0.0224975 0.665219 0.865567 0.599158 -0.767891 -7.05574 -819.549 0 
6 827.324 0.319026 0.0223366 0.668672 0.857898 0.616733 -0.0255305 -7.66766 -819.631 0 
21 826.406 0.319443 0.0223879 0.6674 0.862116 0.583347 -0.032341 -6.85583 -819.518 0 
1 827.212 0.317454 0.0224764 0.669059 0.876205 0.584517 -1.9206 -5.79681 -819.494 0 
4 827.413 0.308505 0.0225419 0.672941 0.841077 0.487313 -3.5278 -4.47558 -819.409 0 
5 828.531 0.309074 0.0226286 0.676591 0.840434 0.518295 -4.31718 -4.75893 -819.455 0 
18 829.25 0.310401 0.022844 0.673422 0.850985 0.439258 -5.26015 -4.62596 -819.364 0 
5 829.487 0.314726 0.0227323 0.668498 0.844755 0.447858 -5.5108 -4.63325 -819.343 0 
8 832.88 0.327744 0.022694 0.661738 0.888401 0.51997 -5.24549 -7.65899 -819.975 0 
12 832.541 0.31923 0.022823 0.666947 0.929436 0.502883 -6.55149 -5.82771 -820.162 0 
5 831.447 0.304546 0.0229101 0.678011 0.926332 0.508608 -7.09593 -4.98524 -819.366 0 
1 831.103 0.305885 0.0228041 0.675483 0.917183 0.532386 -7.06328 -4.68729 -819.353 0 
3 831.865 0.308867 0.0227211 0.670498 0.925872 0.471716 -6.86077 -5.60953 -819.395 0 
5 833.44 0.309777 0.0228363 0.673054 0.939298 0.518182 -9.07476 -4.75241 -819.613 0 
51 830.47 0.29895 0.0227734 0.681453 0.981228 0.596032 -5.89246 -5.20282 -819.374 0 
8 828.33 0.30136 0.0225926 0.683297 0.950136 0.675067 -3.85721 -4.49942 -819.973 0 
20 826.018 0.311359 0.0225118 0.673671 0.963291 0.646555 -1.36209 -5.17671 -819.479 0 
14 825.925 0.317012 0.0224926 0.665696 0.974982 0.648724 -1.72642 -4.73106 -819.467 0 
3 827.779 0.319597 0.0223292 0.668091 0.958225 0.698498 -0.505859 -7.6421 -819.632 0 
1 828.068 0.308948 0.0225941 0.678141 0.968261 0.72067 -2.84436 -5.22279 -820.001 0 
4 827.16 0.304971 0.0223496 0.677768 0.967771 0.689006 -2.68981 -4.6782 -819.792 0 
2 829.378 0.305447 0.0223104 0.675541 0.917058 0.617905 -5.2022 -4.47904 -819.697 0 
44 826.284 0.314416 0.0224833 0.667717 0.942996 0.594323 -2.19889 -4.67514 -819.41 0 
15 826.338 0.312688 0.0224065 0.670064 0.986749 0.630715 -1.70213 -5.11331 -819.523 0 
3 826.542 0.313065 0.02244 0.669455 1.02451 0.647447 -1.70775 -5.17032 -819.664 0 
9 827.477 0.321777 0.022446 0.660923 1.00389 0.571573 -1.42889 -5.64243 -820.406 0 
2 827.88 0.31085 0.0225777 0.670911 1.02998 0.655193 -3.56721 -4.7943 -819.519 0 
2 831.358 0.308096 0.0228548 0.67295 1.03204 0.644183 -6.70045 -5.26623 -819.391 0 
2 828.536 0.303183 0.0225638 0.678341 1.07899 0.767214 -3.90745 -4.67397 -819.955 0 
22 828.195 0.309185 0.0225378 0.672531 1.0458 0.729383 -3.99363 -4.5763 -819.626 0 
9 826.616 0.307378 0.0225366 0.674762 1.0525 0.725938 -2.43464 -4.62125 -819.56 0 
7 826.076 0.315254 0.0223703 0.669055 1.01887 0.720453 -0.868904 -5.63147 -819.575 0 
39 825.867 0.312138 0.0224578 0.673175 1.04205 0.746621 -0.511504 -5.73784 -819.618 0 
21 826.685 0.325377 0.0225673 0.66024 1.00335 0.650111 -1.0221 -5.97468 -819.689 0 
12 826.829 0.319277 0.02259 0.66707 1.00437 0.708949 -1.3461 -5.91699 -819.566 0 
7 828.863 0.3018 0.0226655 0.680279 1.08527 0.757776 -4.61325 -4.56846 -819.682 0 
4 828.428 0.315294 0.0226658 0.669852 1.06982 0.704596 -3.49966 -5.296 -819.633 0 
2 830.282 0.322209 0.0225956 0.664508 1.03115 0.67289 -4.35975 -6.14772 -819.775 0 
4 830.141 0.325888 0.0226355 0.661976 1.02571 0.703437 -3.13934 -7.29483 -819.707 0 
15 831.335 0.327278 0.0225758 0.66073 1.00797 0.680043 -4.92082 -6.7463 -819.668 0 
1 829.96 0.316492 0.0224559 0.666139 0.945117 0.617904 -5.40164 -5.10311 -819.455 0 
6 829.225 0.319791 0.0225086 0.668273 0.948049 0.636616 -2.67485 -6.95909 -819.591 0 
14 828.945 0.314419 0.0226742 0.669405 0.929957 0.554752 -4.40018 -5.02212 -819.522 0 
4 830.203 0.296772 0.0224655 0.683777 1.021 0.724228 -5.22693 -4.7967 -820.179 0 
2 830.276 0.313075 0.022485 0.671747 0.968119 0.671023 -4.91739 -5.82927 -819.529 0 
2 828.732 0.305797 0.0223374 0.679866 1.00463 0.810907 -2.11851 -5.17338 -821.44 0 
5 827.647 0.304097 0.0224537 0.678984 0.998298 0.758777 -2.34922 -4.47958 -820.818 0 
14 827.459 0.310891 0.0224917 0.669834 1.01504 0.648845 -3.33321 -4.6827 -819.443 0 
6 828.104 0.314784 0.0222751 0.667718 0.989488 0.682714 -3.32792 -5.25432 -819.522 0 
7 826.864 0.320487 0.0223367 0.665564 0.985199 0.689774 -0.583977 -6.70937 -819.57 0 
17 826.681 0.32312 0.0223353 0.66262 0.966872 0.661226 -0.305734 -6.80248 -819.573 0 
3 827.44 0.322394 0.0226396 0.664491 0.922406 0.6289 -2.16672 -5.76391 -819.509 0 
8 827.627 0.317135 0.02266 0.669441 0.946198 0.652306 -2.45461 -5.64867 -819.524 0 
30 828.133 0.316137 0.0227745 0.666274 0.950236 0.556991 -3.99159 -4.7046 -819.437 0 
37 826.32 0.314052 0.0224326 0.669926 0.965422 0.638512 -1.3646 -5.46266 -819.493 0 
1 827.742 0.31066 0.0225085 0.672866 0.991977 0.679975 -3.50857 -4.67857 -819.555 0 
17 827.062 0.315873 0.0222993 0.669939 1.02062 0.745037 -0.620607 -6.78476 -819.656 0 
61 826.037 0.311536 0.0225618 0.670825 0.992332 0.661882 -1.93801 -4.62334 -819.475 0 
34 826.56 0.315888 0.0224664 0.666268 1.05504 0.672699 -1.75868 -5.11456 -819.687 0 
15 826.183 0.317888 0.0224646 0.668572 0.997109 0.728801 -0.376379 -6.11502 -819.692 0 
28 826.578 0.312006 0.0225166 0.674037 1.02319 0.801328 -0.560811 -5.31228 -820.705 0 
54 826.306 0.314795 0.0224676 0.667962 1.0552 0.716355 -1.90217 -4.89847 -819.506 0 
21 826.319 0.316417 0.0225538 0.666363 1.06525 0.714551 -1.96003 -4.85772 -819.501 0 
17 829.786 0.322342 0.0226935 0.664958 1.07907 0.723791 -3.5085 -6.45841 -819.819 0 
3 830.351 0.309108 0.0227696 0.672632 1.08954 0.713893 -6.12898 -4.73824 -819.484 0 
8 827.276 0.309272 0.0226659 0.674309 1.0571 0.719111 -2.97743 -4.79387 -819.504 0 
46 827.903 0.309391 0.0227179 0.676547 1.03665 0.727319 -3.37059 -4.95018 -819.582 0 
24 826.083 0.307454 0.0225416 0.677157 1.01711 0.733692 -1.37547 -4.95649 -819.751 0 
3 826.96 0.303956 0.0225433 0.679515 1.008 0.715192 -2.59843 -4.53698 -819.824 0 
11 826.955 0.305229 0.0226743 0.678166 1.03792 0.74172 -2.53487 -4.51713 -819.903 0 
21 827.348 0.307158 0.0227023 0.676291 1.03107 0.700042 -3.21042 -4.62918 -819.508 0 
34 828.851 0.309551 0.0226614 0.672164 1.04947 0.657274 -4.45846 -4.9015 -819.491 0 
15 830.43 0.30578 0.022736 0.673242 1.05979 0.64721 -5.48521 -5.51678 -819.428 0 
14 828.489 0.312989 0.0225326 0.666799 1.04276 0.656508 -4.24276 -4.76582 -819.481 0 
3 827.503 0.312321 0.0226196 0.671373 1.00272 0.654335 -3.28377 -4.77102 -819.448 0 
16 829.076 0.311752 0.0226333 0.670464 0.981594 0.626998 -4.96642 -4.67777 -819.432 0 
13 825.839 0.309847 0.0224895 0.674836 0.954177 0.713363 -0.745034 -4.89551 -820.199 0 
4 827.715 0.319151 0.0223222 0.667034 0.917712 0.672193 -1.05819 -6.96915 -819.688 0 
21 826.572 0.319696 0.0223761 0.666349 0.893853 0.64357 -0.914664 -5.94253 -819.715 0 
1 826.763 0.313034 0.0223111 0.671055 0.887645 0.655121 -1.47525 -5.22586 -820.061 0 
1 826.387 0.312476 0.0224454 0.670447 0.886575 0.59728 -2.13189 -4.5745 -819.681 0 
15 825.961 0.314929 0.0224146 0.671233 0.894722 0.6445 -0.399619 -5.82818 -819.733 0 
1 826.782 0.314216 0.0225705 0.67241 0.91087 0.634377 -1.35736 -5.86027 -819.565 0 
14 829.801 0.304874 0.0224421 0.675545 0.929219 0.612541 -5.74388 -4.46479 -819.592 0 
4 830.662 0.304459 0.0224432 0.674367 0.965506 0.615792 -6.45827 -4.73734 -819.467 0 
25 830.175 0.300476 0.0225615 0.678521 0.985258 0.587995 -5.62999 -5.18104 -819.364 0 
12 829.367 0.3044 0.0227459 0.676134 0.971875 0.55167 -4.92917 -5.00023 -819.438 0 
1 828.739 0.307495 0.0225942 0.673275 0.987591 0.575289 -4.31205 -4.93497 -819.492 0 
66 827.911 0.315275 0.0227065 0.669686 0.987498 0.590332 -2.70091 -5.36884 -819.841 0 
9 828.797 0.316192 0.0226312 0.665484 0.984575 0.571572 -4.32349 -4.89312 -819.58 0 
2 828.747 0.313693 0.0224613 0.668468 0.995875 0.638598 -4.54869 -4.75808 -819.44 0 
56 827.651 0.315085 0.0224073 0.667087 1.03339 0.667518 -3.12918 -4.97956 -819.543 0 
31 827.188 0.316579 0.0225514 0.665785 0.989035 0.600879 -2.7578 -4.87525 -819.554 0 
2 828.09 0.316678 0.0227202 0.668611 0.97998 0.595898 -3.01901 -5.35124 -819.72 0 
7 827.279 0.317021 0.0224682 0.665232 1.02741 0.629125 -2.35697 -5.1328 -819.789 0 
8 827.804 0.315613 0.0224766 0.666163 1.0434 0.679983 -3.27744 -4.97771 -819.549 0 
6 827.494 0.313483 0.0222816 0.67001 1.00634 0.732836 -2.53383 -5.18062 -819.779 0 
2 832.644 0.333337 0.0222612 0.656122 0.929462 0.654249 -1.41715 -11.4042 -819.822 0 
1 828.907 0.330111 0.0222308 0.65529 0.96887 0.613056 -1.40752 -7.49734 -820.002 0 
4 828.616 0.325896 0.0222363 0.66174 0.915339 0.662051 -0.520419 -8.48034 -819.615 0 
6 827.01 0.319486 0.0222754 0.665553 0.922016 0.616625 -1.04698 -6.4427 -819.52 0 
1 827.876 0.31562 0.0222437 0.668117 0.952532 0.638605 -2.41654 -5.9472 -819.512 0 
12 827.434 0.310047 0.022444 0.670899 0.97278 0.618519 -3.39316 -4.63059 -819.411 0 
22 827.189 0.317285 0.0225113 0.663175 0.948981 0.552545 -3.00709 -4.7137 -819.469 0 
8 826.435 0.3107 0.0226106 0.67158 0.965526 0.622558 -2.41403 -4.59418 -819.427 0 
1 827.083 0.312355 0.0224955 0.671045 0.964783 0.667534 -2.59118 -4.92397 -819.568 0 
14 826.003 0.308734 0.0224447 0.676074 0.972915 0.738371 -0.701729 -4.96083 -820.34 0 
24 827.181 0.309377 0.0224159 0.676434 0.905385 0.702146 -1.40255 -5.13363 -820.644 0 
20 825.981 0.312228 0.0224319 0.67197 0.918995 0.676787 -0.945078 -4.97147 -820.065 0 
42 826.623 0.310292 0.0225228 0.674396 0.930914 0.689372 -1.56759 -4.94061 -820.115 0 
6 828.737 0.303302 0.0225381 0.680908 0.937775 0.758404 -1.84852 -4.51733 -822.371 0 
8 829.141 0.301449 0.0225017 0.683066 0.94394 0.784365 -1.61802 -4.64252 -822.881 0 
42 828.001 0.306288 0.0226427 0.680537 0.910417 0.723902 -1.85335 -4.92077 -821.226 0 
7 827.483 0.308321 0.0225184 0.67969 0.898622 0.713931 -0.748266 -6.08981 -820.645 0 
10 826.309 0.309472 0.0224583 0.676815 0.939046 0.731728 -0.284062 -5.49329 -820.532 0 
12 826.47 0.316374 0.0224649 0.667296 0.942662 0.659955 -1.79012 -5.05347 -819.627 0 
56 826.284 0.31418 0.0223529 0.669994 0.95977 0.679664 -1.19219 -5.48339 -819.609 0 
22 827.574 0.315217 0.0223041 0.671136 0.954781 0.711371 -1.42648 -6.3361 -819.812 0 
11 827.665 0.316664 0.0226457 0.670276 0.954337 0.684146 -2.27544 -5.74141 -819.648 0 
17 827.259 0.310731 0.0226369 0.674344 0.96837 0.706821 -2.45342 -4.87534 -819.93 0 
6 827.36 0.310367 0.022518 0.67735 0.977963 0.778946 -0.636469 -6.00932 -820.715 0 
3 827.305 0.311094 0.0225519 0.674926 0.992067 0.747473 -2.08819 -5.02789 -820.189 0 
5 826.615 0.309905 0.0225692 0.674257 0.967359 0.735094 -1.3797 -4.5524 -820.683 0 
1 826.907 0.308846 0.0224115 0.677284 0.975248 0.785133 -0.272077 -5.48128 -821.154 0 
47 826.265 0.316844 0.0224616 0.667923 0.967048 0.716484 -0.980902 -5.35414 -819.93 0 
6 826.157 0.310386 0.0224361 0.674866 0.962539 0.71799 -0.754304 -5.4172 -819.985 0 
9 826.284 0.309846 0.0226505 0.673287 0.984196 0.649325 -2.20638 -4.62067 -819.457 0 
4 825.967 0.312201 0.0224065 0.67262 0.987616 0.700156 -0.761394 -5.61701 -819.589 0 
12 828.283 0.308574 0.0224582 0.671504 1.03898 0.658903 -4.05046 -4.77573 -819.457 0 
15 830.749 0.301207 0.0224782 0.67778 1.03061 0.698952 -6.16168 -4.88596 -819.702 0 
2 829.902 0.304329 0.0224536 0.674976 1.08292 0.742899 -5.56004 -4.72006 -819.622 0 
7 826.556 0.313242 0.0223737 0.673247 1.03364 0.78242 -0.309927 -6.3086 -819.937 0 
8 827.285 0.305233 0.022391 0.677983 1.01626 0.778289 -1.95033 -4.6279 -820.706 0 
2 826.386 0.316545 0.0223182 0.668014 0.946134 0.685666 -0.996088 -5.66886 -819.721 0 
2 827.855 0.306781 0.0224848 0.676219 0.989587 0.716039 -3.28869 -4.65554 -819.911 0 
7 826.251 0.309973 0.0226518 0.674438 0.991613 0.677288 -1.95664 -4.77318 -819.522 0 
11 825.555 0.316689 0.0224478 0.667985 0.979735 0.668671 -0.538542 -5.50935 -819.507 0 
2 826.004 0.311618 0.0224008 0.673281 0.988565 0.741334 -0.615599 -5.35723 -820.032 0 
4 827.571 0.311822 0.0223807 0.671212 0.959416 0.697061 -2.92436 -4.63144 -820.015 0 
20 825.804 0.311237 0.0224569 0.672706 0.928015 0.65721 -1.24861 -4.76154 -819.794 0 
18 826.998 0.314795 0.0225353 0.670912 0.913512 0.682784 -1.79977 -4.97137 -820.227 0 
72 826.586 0.313996 0.0223848 0.670962 0.962889 0.756881 -0.542289 -5.28524 -820.758 0 
33 828.916 0.326328 0.0223583 0.661485 0.940998 0.704341 -0.931121 -8.26953 -819.715 0 
8 827.053 0.323488 0.0224533 0.661968 0.98917 0.635931 -1.18488 -6.15037 -819.718 0 
30 828.735 0.317137 0.0223744 0.664193 1.03272 0.639453 -3.6325 -5.26376 -819.839 0 
1 828.871 0.309042 0.0225083 0.671071 1.0351 0.668467 -4.62918 -4.8173 -819.425 0 
4 828.597 0.310156 0.0225469 0.669257 1.03288 0.62728 -4.15491 -4.94048 -819.502 0 
20 829.031 0.307615 0.0225794 0.671557 1.01799 0.623391 -4.58739 -5.04296 -819.4 0 
3 829.377 0.305453 0.0225894 0.675629 0.983737 0.668301 -4.81313 -4.77735 -819.786 0 
1 829.762 0.309148 0.0225116 0.672219 1.02739 0.712981 -5.38733 -4.63442 -819.741 0 
8 829.528 0.312508 0.0225616 0.674563 1.01149 0.770789 -3.98326 -5.32455 -820.22 0 
18 826.709 0.31062 0.0223476 0.67422 1.01884 0.762827 -1.36467 -5.34592 -819.998 0 
11 826.246 0.315056 0.0224482 0.669374 1.00017 0.693884 -1.14992 -5.56358 -819.532 0 
73 825.995 0.30867 0.0225521 0.676061 1.04153 0.763128 -1.25219 -4.82721 -819.915 0 
17 827.597 0.309113 0.0227142 0.6727 1.01374 0.682871 -3.41472 -4.61226 -819.57 0 
18 826.63 0.309923 0.0225296 0.676229 0.987384 0.741172 -1.09098 -5.53841 -820.001 0 
3 826.979 0.313357 0.022645 0.672629 0.976846 0.719705 -2.02367 -4.98994 -819.965 0 
6 827.816 0.304911 0.022628 0.681611 1.05343 0.795267 -2.64934 -4.90782 -820.259 0 
5 828.54 0.307917 0.0225783 0.675749 1.00806 0.70225 -4.12289 -4.84193 -819.575 0 
38 829.817 0.305222 0.022779 0.675499 1.03003 0.682496 -5.3647 -4.90459 -819.548 0 
10 830.326 0.296431 0.0227502 0.685374 1.08632 0.796395 -4.5562 -5.00844 -820.761 0 
2 832.302 0.296994 0.0226296 0.684861 1.06605 0.814199 -6.27641 -4.58383 -821.442 0 
8 830.559 0.307124 0.0226256 0.680586 1.0219 0.845701 -3.14863 -5.10112 -822.309 0 
1 832.197 0.298422 0.0224999 0.683534 1.06452 0.846608 -5.18358 -4.52924 -822.484 0 
3 830.461 0.304754 0.0225189 0.683099 1.05244 0.882547 -2.30725 -5.35095 -822.803 0 
5 827.795 0.307453 0.0226492 0.678933 1.0443 0.794288 -2.35802 -5.16798 -820.269 0 
5 828.365 0.308612 0.0227057 0.672807 1.0643 0.710322 -4.22239 -4.66564 -819.477 0 
22 827.395 0.306878 0.0226929 0.677026 1.06064 0.7623 -2.97025 -4.59007 -819.834 0 
6 826.855 0.310561 0.0224054 0.674194 1.10893 0.831368 -1.22825 -5.62785 -819.999 0 
16 827.917 0.301192 0.0223892 0.682355 1.11129 0.849882 -2.49497 -4.62373 -820.798 0 
9 827.621 0.301216 0.0226075 0.681303 1.03246 0.746204 -3.02661 -4.48166 -820.113 0 
10 827.133 0.305908 0.0227023 0.67815 1.03373 0.739835 -2.73819 -4.54487 -819.85 0 
9 829.502 0.317025 0.0227808 0.669209 1.00776 0.704487 -4.94133 -4.9866 -819.574 0 
7 831.128 0.312038 0.0227711 0.672575 1.03989 0.698069 -6.92316 -4.72722 -819.478 0 
12 829.113 0.303773 0.0227312 0.67756 1.01726 0.691621 -4.43411 -4.91999 -819.759 0 
8 830.792 0.297268 0.0225084 0.683244 1.02178 0.76577 -4.66184 -4.86059 -821.269 0 
2 829.849 0.296479 0.0224141 0.689782 0.995903 0.858411 -0.795947 -4.99313 -824.06 0 
11 830.436 0.298197 0.0225348 0.682655 1.00726 0.736614 -4.72132 -4.91302 -820.802 0 
12 830.154 0.305141 0.0227524 0.676667 0.967766 0.676712 -5.52684 -4.56526 -820.062 0 
9 833.48 0.32055 0.0227765 0.667916 0.941859 0.687213 -7.44219 -6.33828 -819.699 0 
6 831.477 0.323336 0.0224727 0.665049 0.980396 0.717634 -3.25035 -8.57481 -819.652 0 
17 831.029 0.325311 0.0226317 0.661534 0.993317 0.645893 -4.23516 -6.97325 -819.821 0 
4 828.301 0.321392 0.0223883 0.661699 1.02627 0.653318 -2.53508 -5.91052 -819.855 0 
48 826.504 0.3115 0.0224823 0.670668 1.0531 0.676557 -1.9072 -4.99139 -819.606 0 
15 827.876 0.316759 0.0223751 0.664005 1.00537 0.627375 -3.50117 -4.84573 -819.529 0 
17 827.953 0.322158 0.0225612 0.661982 1.01753 0.62076 -1.94263 -5.91348 -820.096 0 
21 827.49 0.322296 0.022542 0.66407 1.00358 0.644504 -1.20179 -6.45395 -819.834 0 
32 827.316 0.319834 0.0224854 0.662664 1.01432 0.591803 -1.8219 -5.35835 -820.136 0 
42 826.774 0.318238 0.022618 0.665481 1.00181 0.601308 -1.60438 -5.30203 -819.868 0 
2 827.988 0.316011 0.0226323 0.664994 1.02453 0.580587 -2.90228 -5.06803 -820.018 0 
11 828.811 0.314333 0.0225494 0.666495 0.99899 0.593111 -4.29946 -4.84331 -819.668 0 
7 828.365 0.314028 0.0222576 0.667994 0.996174 0.684417 -3.88071 -4.96433 -819.52 0 
5 828.412 0.314653 0.022315 0.669728 0.97698 0.699932 -2.76636 -6.03313 -819.612 0 
1 829.336 0.313809 0.0223355 0.666057 0.967257 0.621752 -5.31035 -4.60049 -819.425 0 
1 829.396 0.311981 0.0222767 0.668645 0.916347 0.614352 -5.25999 -4.51394 -819.622 0 
1 830.59 0.311628 0.0222367 0.669841 0.924986 0.633337 -6.13957 -4.87258 -819.578 0 
16 831.88 0.319348 0.0221222 0.667556 0.924936 0.706358 -3.13365 -8.95549 -819.791 0 
1 829.966 0.316626 0.0221769 0.671151 0.91703 0.7191 -1.9079 -7.99259 -820.065 0 
5 829.292 0.32539 0.0222985 0.661326 0.940486 0.637448 -2.58257 -7.12832 -819.581 0 
5 830.717 0.330458 0.0224242 0.65626 0.966081 0.581727 -3.41432 -7.08594 -820.217 0 
2 831.634 0.328987 0.0224637 0.656329 0.983638 0.562009 -3.08308 -7.57906 -820.972 0 
2 827.467 0.319545 0.0226097 0.661991 0.985746 0.559674 -2.64662 -4.96375 -819.857 0 
3 827.861 0.31681 0.0224233 0.665245 1.02372 0.631461 -3.03671 -5.09942 -819.725 0 
11 827.103 0.309189 0.0226262 0.672058 0.97484 0.580827 -2.91317 -4.74857 -819.441 0 
6 828.287 0.30867 0.0226793 0.671519 0.959272 0.560763 -4.02628 -4.8883 -819.373 0 
51 825.84 0.317141 0.0225849 0.666628 0.976848 0.622037 -1.33285 -5.01767 -819.489 0 
6 827.517 0.318038 0.0223947 0.669186 0.898001 0.62693 -0.552593 -7.41075 -819.554 0 
20 825.34 0.316415 0.0224855 0.666929 0.858581 0.537819 -1.12937 -4.75944 -819.451 0 
14 825.857 0.310251 0.0224926 0.672551 0.867192 0.553695 -1.74881 -4.60097 -819.507 0 
16 828.342 0.31629 0.0224349 0.67171 0.860801 0.644806 -1.95684 -6.43038 -819.955 0 
1 826.455 0.314098 0.0223505 0.670348 0.878331 0.621581 -1.25929 -5.47453 -819.721 0 
7 826.44 0.311959 0.0223164 0.673244 0.884766 0.6523 -0.87339 -5.61647 -819.95 0 
25 826.331 0.31122 0.0223344 0.672496 0.929078 0.627181 -1.62986 -5.20378 -819.497 0 
1 826.455 0.309079 0.0223985 0.673905 0.907443 0.611816 -2.09641 -4.79697 -819.561 0 
4 827.715 0.301428 0.0224858 0.680028 0.917427 0.625561 -3.34619 -4.47455 -819.894 0 
7 827.76 0.3053 0.0224288 0.678043 0.894507 0.651901 -2.89999 -4.48006 -820.38 0 
16 827.209 0.304576 0.0224007 0.6781 0.882367 0.597413 -2.91899 -4.58852 -819.702 0 
97 825.949 0.306196 0.0225358 0.676725 0.900497 0.549836 -1.95111 -4.60524 -819.392 0 
3 825.414 0.313365 0.022497 0.6713 0.904089 0.569175 -0.700594 -5.26744 -819.446 0 
1 827.832 0.315189 0.0226611 0.669291 0.920527 0.559854 -3.20208 -5.14162 -819.488 0 
61 825.629 0.310301 0.0225731 0.673273 0.932449 0.621427 -1.47302 -4.63406 -819.522 0 
3 828.496 0.314662 0.0227377 0.668332 0.920876 0.575772 -4.51499 -4.57359 -819.407 0 
13 828.431 0.311218 0.0226727 0.66869 0.963448 0.559249 -4.05813 -4.99545 -819.377 0 
19 827.479 0.309212 0.0227252 0.675509 0.98545 0.645498 -3.28486 -4.7497 -819.445 0 
1 828.265 0.308605 0.0227364 0.675002 0.945445 0.646375 -3.98281 -4.50867 -819.773 0 
35 826.654 0.312664 0.0224858 0.673249 0.967622 0.718745 -1.41939 -5.26496 -819.969 0 
87 825.686 0.311677 0.0224862 0.674258 0.899726 0.645438 -0.428513 -5.50384 -819.753 0 
18 828.541 0.310673 0.0223242 0.670775 0.89842 0.589199 -4.44457 -4.53787 -819.559 0 
9 826.377 0.31866 0.022334 0.667272 0.889015 0.603296 -0.402904 -6.46251 -819.512 0 
23 826.493 0.319641 0.0223333 0.666843 0.853687 0.609422 -0.161068 -6.66575 -819.666 0 
16 826.562 0.320985 0.0224229 0.666163 0.910814 0.642497 -0.172236 -6.82204 -819.568 0 
18 826.372 0.313293 0.0224826 0.6712 0.934473 0.63053 -1.89844 -4.96505 -819.508 0 
8 826.083 0.310262 0.0225049 0.673566 0.971524 0.684071 -1.55526 -4.87375 -819.654 0 
8 826.79 0.309459 0.0224057 0.676376 0.945988 0.748486 -0.629667 -5.29086 -820.869 0 
35 826.598 0.311171 0.0225521 0.670723 0.993858 0.68823 -2.35994 -4.52358 -819.714 0 
12 826.317 0.315317 0.0225284 0.668468 0.959519 0.692652 -1.62785 -4.82831 -819.861 0 
7 825.799 0.311546 0.0225456 0.673991 1.01401 0.73108 -0.851227 -5.25412 -819.693 0 
12 827.891 0.305742 0.0226385 0.67525 1.06521 0.733636 -3.57741 -4.65845 -819.655 0 
5 828.243 0.304275 0.0225805 0.678815 1.06415 0.76803 -3.68105 -4.55172 -820.01 0 
4 827.346 0.305131 0.0226949 0.678961 1.0689 0.756693 -3.01703 -4.64578 -819.684 0 
23 827.421 0.312871 0.0226991 0.669985 1.04851 0.6706 -3.08911 -4.82233 -819.51 0 
4 827.453 0.308441 0.0224246 0.674825 1.1033 0.770023 -2.92872 -4.95034 -819.574 0 
6 826.812 0.317671 0.0224117 0.665862 1.07304 0.715329 -1.67852 -5.48689 -819.646 0 
1 829.245 0.315423 0.0224338 0.664144 1.08238 0.670512 -4.52217 -4.99837 -819.724 0 
4 828.536 0.307306 0.0225634 0.672593 1.01093 0.6423 -4.40331 -4.72535 -819.407 0 
33 828.715 0.307665 0.0226367 0.672509 1.02541 0.615833 -4.18633 -5.04861 -819.48 0 
3 828.458 0.319387 0.0227166 0.66574 0.957493 0.61168 -3.71509 -5.24997 -819.493 0 
19 826.157 0.318191 0.0226176 0.666742 0.969314 0.643066 -1.47573 -5.20697 -819.474 0 
5 828.301 0.319027 0.0226969 0.664497 0.95616 0.577957 -3.79356 -4.96455 -819.543 0 
7 828.594 0.327624 0.0225774 0.660019 0.897046 0.595295 -2.05387 -7.00596 -819.534 0 
14 827.829 0.320999 0.0226163 0.666173 0.922063 0.622601 -2.02435 -6.29591 -819.508 0 
10 825.857 0.310078 0.0225435 0.673213 0.955909 0.623878 -1.72013 -4.69368 -819.443 0 
131 827.095 0.30633 0.0227153 0.677506 0.939733 0.605112 -3.08015 -4.56363 -819.451 0 
8 826.659 0.312874 0.022634 0.671938 0.940535 0.589342 -2.22971 -4.97923 -819.45 0 
6 825.664 0.31333 0.0224748 0.670681 0.921594 0.600472 -1.25114 -4.96457 -819.448 0 
20 826.645 0.315893 0.0223034 0.668083 0.944962 0.650477 -1.6267 -5.49509 -819.523 0 
1 826.364 0.313401 0.0223388 0.669944 0.917333 0.618943 -1.80109 -5.04684 -819.516 0 
1 826.094 0.31658 0.0223317 0.668389 0.874696 0.602838 -0.794446 -5.72007 -819.579 0 
12 826.302 0.319777 0.02232 0.664783 0.860839 0.55425 -0.926565 -5.91217 -819.464 0 
111 825.383 0.319868 0.0225569 0.664632 0.839956 0.510973 -0.948321 -5.01524 -819.419 0 
42 827.353 0.318938 0.0223947 0.666512 0.834857 0.525138 -2.3247 -5.57823 -819.45 0 
43 826.671 0.318757 0.0222814 0.665228 0.816751 0.52154 -1.7123 -5.46584 -819.493 0 
11 826.165 0.321567 0.0223646 0.663137 0.873256 0.524582 -0.687731 -5.94376 -819.534 0 
24 827.949 0.313721 0.0225834 0.668026 0.884847 0.489556 -3.91174 -4.67506 -819.362 0 
16 826.756 0.316452 0.0225742 0.670578 0.859509 0.559772 -1.40588 -5.87715 -819.472 0 
32 825.986 0.315166 0.0225445 0.670088 0.838387 0.585909 -1.04201 -5.10769 -819.836 0 
13 826.402 0.305847 0.0225171 0.676552 0.877047 0.593921 -2.07288 -4.43815 -819.891 0 
32 825.908 0.306912 0.0225634 0.677053 0.841364 0.561312 -1.5801 -4.50231 -819.826 0 
18 825.506 0.309942 0.0225054 0.673369 0.851963 0.547056 -1.33582 -4.6141 -819.557 0 
5 826.852 0.319787 0.0225729 0.666585 0.855548 0.505595 -1.55616 -5.8016 -819.494 0 
20 826.039 0.320829 0.0225666 0.664324 0.844513 0.458672 -0.983582 -5.50728 -819.548 0 
7 827.784 0.320941 0.0223497 0.661556 0.85274 0.456688 -3.2726 -5.0214 -819.49 0 
11 828.555 0.324532 0.0223329 0.663472 0.850567 0.539718 -0.10632 -8.76222 -819.687 0 
33 827.507 0.326979 0.0223523 0.660499 0.839308 0.536525 -0.0119939 -7.92714 -819.568 0 
17 827.367 0.325113 0.0224769 0.660665 0.864909 0.484877 -0.904318 -6.65672 -819.806 0 
8 826.231 0.315308 0.0224912 0.667039 0.847098 0.474916 -2.22745 -4.6372 -819.366 0 
11 826.161 0.320164 0.0225158 0.665098 0.82699 0.429206 -0.641925 -5.87816 -819.641 0 
31 826.117 0.326006 0.0224479 0.658221 0.797285 0.379543 -0.807935 -5.69906 -819.61 0 
18 828.062 0.312363 0.0225722 0.668045 0.891266 0.385765 -3.13772 -4.94795 -819.976 0 
11 826.903 0.317096 0.0225507 0.665279 0.865143 0.381605 -1.95738 -5.01305 -819.933 0 
5 827.252 0.325305 0.0226296 0.660612 0.764132 0.291428 -1.86501 -5.6941 -819.693 0 
21 826.668 0.323179 0.0225255 0.663805 0.72263 0.324729 -0.828691 -6.35872 -819.48 0 
10 826.668 0.321101 0.0225124 0.66392 0.759497 0.317954 -1.21296 -5.84891 -819.606 0 
33 826.856 0.313549 0.0224279 0.667983 0.808114 0.340329 -2.55544 -4.77564 -819.525 0 
51 826.572 0.321837 0.022628 0.662179 0.758874 0.266696 -2.16471 -4.91218 -819.495 0 
8 826.363 0.314287 0.0226528 0.668998 0.766106 0.259892 -2.13974 -4.74734 -819.476 0 
7 826.542 0.316797 0.0225349 0.667268 0.748801 0.271332 -1.69282 -5.29814 -819.551 0 
6 826.887 0.308232 0.0225306 0.672857 0.74677 0.258521 -2.99018 -4.58737 -819.309 0 
21 827.444 0.310933 0.022619 0.670581 0.683683 0.230022 -3.57211 -4.43416 -819.438 0 
3 827.948 0.3153 0.0225255 0.668432 0.639373 0.247298 -3.58347 -4.8423 -819.522 0 
2 827.145 0.322269 0.0223061 0.665104 0.625776 0.301623 -0.357178 -7.28169 -819.506 0 
27 826.33 0.322821 0.0224915 0.662856 0.646248 0.262887 -1.10573 -5.79156 -819.433 0 
4 827.975 0.316592 0.0223837 0.668008 0.664519 0.28571 -3.51815 -4.99574 -819.461 0 
7 827.17 0.322607 0.0224423 0.665396 0.614963 0.266745 -0.791152 -6.88538 -819.493 0 
1 828.361 0.324445 0.0224404 0.664172 0.614726 0.242472 -1.55976 -7.33759 -819.464 0 
40 827.934 0.316752 0.022664 0.668933 0.591854 0.16014 -3.32539 -5.04103 -819.567 0 
4 827.972 0.307221 0.0226877 0.677782 0.63904 0.208228 -3.83509 -4.65532 -819.482 0 
27 829.874 0.303165 0.0228163 0.680873 0.623554 0.2186 -5.53961 -4.40574 -819.929 0 
29 829.117 0.311574 0.0227782 0.675009 0.627099 0.254639 -4.65853 -4.82416 -819.634 0 
4 827.935 0.314627 0.022621 0.671592 0.627444 0.283272 -2.97129 -5.35388 -819.61 0 
3 827.928 0.311701 0.0227614 0.673716 0.65436 0.277724 -3.76304 -4.53247 -819.633 0 
32 828.369 0.305863 0.0227989 0.679627 0.711788 0.313722 -4.42961 -4.5181 -819.421 0 
3 828.705 0.31498 0.022751 0.669809 0.667655 0.247046 -4.62737 -4.64973 -819.428 0 
4 828.968 0.309612 0.0225131 0.674483 0.678334 0.304847 -4.54814 -4.9675 -819.452 0 
1 825.496 0.315337 0.0224214 0.670088 0.66438 0.316877 -0.4067 -5.6119 -819.478 0 
10 826.068 0.321706 0.0224868 0.66447 0.730952 0.313452 -0.416566 -6.14237 -819.509 0 
62 826.646 0.325746 0.0225529 0.66029 0.723958 0.304071 -1.15097 -6.01581 -819.479 0 
15 826.187 0.319581 0.022406 0.667011 0.730027 0.373822 -0.236735 -6.50144 -819.449 0 
24 828.341 0.328731 0.0223242 0.659904 0.686762 0.373824 -0.17571 -8.65253 -819.513 0 
11 827.16 0.314871 0.0223408 0.670675 0.712628 0.434729 -1.41924 -6.14867 -819.592 0 
28 827.52 0.308866 0.022392 0.674906 0.701128 0.418677 -2.96871 -4.56721 -819.984 0 
2 828.873 0.305405 0.0224079 0.675251 0.681684 0.365216 -4.24582 -4.43807 -820.189 0 
12 827.049 0.312518 0.0223817 0.670621 0.691934 0.374391 -2.72701 -4.56596 -819.756 0 
13 827.08 0.321005 0.0222998 0.665472 0.726723 0.413693 -0.90466 -6.71495 -819.46 0 
3 827.135 0.318341 0.0224947 0.665213 0.745116 0.340676 -3.06556 -4.7161 -819.354 0 
30 826.775 0.320603 0.022384 0.66151 0.768737 0.340943 -2.41264 -4.94787 -819.414 0 
13 828.42 0.329367 0.0224143 0.658951 0.760449 0.381111 -0.444895 -8.20908 -819.766 0 
25 828.574 0.325992 0.0223577 0.662088 0.764916 0.395491 -0.630193 -8.20815 -819.736 0 
97 825.76 0.320871 0.0224151 0.663279 0.792351 0.387417 -0.660232 -5.57365 -819.526 0 
101 825.957 0.321663 0.022393 0.661455 0.775855 0.370956 -1.33614 -5.19234 -819.429 0 
67 825.717 0.313004 0.0225459 0.66957 0.792326 0.366965 -1.70179 -4.65096 -819.365 0 
22 826.288 0.316355 0.0226159 0.6663 0.81545 0.35593 -1.98859 -4.77826 -819.521 0 
39 826.722 0.312029 0.022657 0.671477 0.811237 0.429243 -2.71378 -4.64805 -819.36 0 
9 829.258 0.308804 0.0226036 0.672866 0.854544 0.471083 -5.36396 -4.53744 -819.356 0 
31 826.139 0.314803 0.0226214 0.668593 0.863904 0.454159 -1.83281 -4.82396 -819.482 0 
9 828.18 0.319806 0.0226071 0.664176 0.857446 0.424368 -2.96748 -5.4082 -819.804 0 
13 828.441 0.328539 0.0226114 0.658804 0.810166 0.397835 -1.85605 -6.73702 -819.848 0 
4 828.357 0.314106 0.022735 0.667701 0.855388 0.385233 -4.06248 -4.73146 -819.564 0 
7 827.467 0.322379 0.022648 0.661431 0.832432 0.351185 -2.62373 -5.04952 -819.793 0 
49 828.091 0.32166 0.0226424 0.659372 0.866594 0.312258 -2.80988 -5.03491 -820.246 0 
7 829.505 0.331518 0.0225218 0.65482 0.775876 0.300016 -2.24846 -7.10396 -820.153 0 
22 825.693 0.320007 0.0224676 0.664422 0.765393 0.314019 -0.601378 -5.50725 -819.585 0 
29 825.914 0.314553 0.0225313 0.667642 0.761138 0.319183 -1.93894 -4.62565 -819.35 0 
18 828.937 0.324764 0.0223265 0.66193 0.750538 0.372506 -1.22563 -8.01385 -819.698 0 
25 828.927 0.321431 0.0223871 0.665061 0.744705 0.378857 -3.30302 -6.17557 -819.448 0 
33 828.328 0.328445 0.0223875 0.660117 0.689524 0.336578 -0.767905 -8.044 -819.516 0 
8 828.017 0.325087 0.022496 0.663265 0.719464 0.338597 -0.83841 -7.60292 -819.576 0 
1 831.017 0.316861 0.0224223 0.665509 0.708403 0.273055 -6.6488 -5.00402 -819.364 0 
16 828.888 0.308628 0.0224368 0.675233 0.72353 0.330469 -4.86036 -4.64271 -819.385 0 
35 826.813 0.315418 0.0223244 0.667428 0.747795 0.324914 -2.39914 -5.02254 -819.391 0 
10 827.392 0.314575 0.0223525 0.667442 0.719711 0.305311 -3.24321 -4.79291 -819.356 0 
7 826.066 0.317525 0.022478 0.667862 0.761984 0.340812 -0.902879 -5.64945 -819.514 0 
22 826.228 0.311994 0.022504 0.669548 0.76937 0.310626 -2.28983 -4.58938 -819.349 0 
19 825.467 0.312779 0.0225841 0.67086 0.738758 0.305744 -1.42701 -4.69456 -819.346 0 
2 825.495 0.314924 0.0225592 0.669307 0.720017 0.281518 -1.16688 -4.96109 -819.367 0 
10 826.336 0.316458 0.022449 0.665516 0.736738 0.254902 -2.20191 -4.746 -819.388 0 
16 825.693 0.315482 0.0225743 0.670256 0.686983 0.309339 -1.02601 -5.25535 -819.411 0 
22 825.544 0.311134 0.0225864 0.674362 0.670479 0.277507 -1.13929 -4.97724 -819.427 0 
36 826.123 0.312892 0.0225819 0.670663 0.662254 0.264958 -2.07905 -4.46971 -819.575 0 
22 826.912 0.313705 0.0225883 0.673927 0.646726 0.344282 -1.53041 -5.72674 -819.655 0 
80 825.932 0.308262 0.0224706 0.675933 0.596222 0.288935 -1.11007 -4.65493 -820.167 0 
45 826.029 0.306442 0.0225369 0.679303 0.61044 0.297213 -1.15611 -4.96604 -819.907 0 
31 825.982 0.310282 0.0225082 0.675058 0.613084 0.297002 -1.25361 -4.77537 -819.953 0 
8 828.232 0.318582 0.022616 0.668947 0.592252 0.285613 -2.95482 -5.405 -819.872 0 
35 826.653 0.313546 0.0223308 0.670679 0.561677 0.268099 -1.46668 -4.91571 -820.27 0 
5 827.211 0.308568 0.0223255 0.675937 0.536753 0.306125 -1.34445 -4.98288 -820.884 0 
2 826.138 0.307146 0.0225513 0.677104 0.584719 0.279189 -1.22082 -4.47401 -820.443 0 
17 825.618 0.310234 0.0224781 0.672831 0.628476 0.236272 -1.43454 -4.48261 -819.701 0 
6 827.253 0.310567 0.0223336 0.67114 0.685457 0.258374 -3.31292 -4.54691 -819.393 0 
10 826.605 0.317834 0.0223355 0.664296 0.67837 0.212921 -2.47155 -4.78401 -819.349 0 
34 826.205 0.316405 0.0223608 0.665976 0.676891 0.218073 -2.10079 -4.75117 -819.353 0 
24 826.288 0.317275 0.0222948 0.667245 0.641499 0.22594 -1.25007 -5.63121 -819.406 0 
1 827.193 0.31286 0.0223352 0.670233 0.622437 0.25454 -2.66465 -4.89649 -819.631 0 
4 829.709 0.317465 0.0223227 0.668769 0.620008 0.268208 -4.40995 -5.75948 -819.54 0 
11 828.987 0.317247 0.0221684 0.667584 0.627982 0.24638 -3.47462 -6.06526 -819.447 0 
11 829.049 0.312573 0.0221914 0.67007 0.574672 0.201713 -4.36136 -4.85241 -819.835 0 
12 828.224 0.311856 0.0221961 0.674346 0.531083 0.233758 -1.94893 -6.32498 -819.95 0 
14 828.979 0.321414 0.0223156 0.664939 0.491543 0.165438 -2.16467 -6.86137 -819.953 0 
43 829.717 0.321915 0.0223183 0.664914 0.444026 0.130303 -2.36027 -7.16175 -820.195 0 
2 829.703 0.319679 0.0221326 0.666749 0.455987 0.204059 -2.08242 -7.32045 -820.3 0 
19 828.67 0.32029 0.0222345 0.667761 0.465849 0.212386 -0.454861 -8.10803 -820.107 0 
34 827.352 0.317441 0.0223666 0.670708 0.510365 0.218129 -0.458004 -6.94304 -819.951 0 
13 829.419 0.322442 0.0222963 0.665471 0.496625 0.181356 -1.39389 -8.24705 -819.778 0 
5 827.054 0.322684 0.0222722 0.66391 0.550853 0.18886 -0.707177 -6.72533 -819.621 0 
22 825.243 0.317646 0.0224464 0.667285 0.58728 0.165559 -0.451648 -5.23001 -819.562 0 
6 826.144 0.305453 0.0225303 0.677666 0.58025 0.165301 -1.69932 -4.39989 -820.045 0 
19 826.465 0.311158 0.0226407 0.67338 0.547599 0.0841007 -1.94868 -4.46233 -820.054 0 
29 826.276 0.306674 0.0225707 0.676998 0.561662 0.105033 -1.81073 -4.4082 -820.057 0 
11 825.243 0.311993 0.0225137 0.673096 0.597264 0.145119 -0.815102 -4.89277 -819.535 0 
76 825.263 0.314572 0.0224312 0.670953 0.568749 0.0963934 -0.312285 -5.41281 -819.538 0 
7 826.767 0.314567 0.0224375 0.670545 0.560271 0.0923726 -1.70741 -5.48881 -819.571 0 
20 828.294 0.304739 0.0224698 0.677722 0.568755 0.136738 -3.87777 -4.4141 -820.003 0 
21 827.144 0.3092 0.0223436 0.674856 0.528352 0.131143 -2.1402 -5.00915 -819.995 0 
37 827.567 0.312325 0.0222261 0.671658 0.546069 0.118549 -2.56394 -5.27752 -819.725 0 
23 826.592 0.305678 0.0226057 0.678625 0.539159 0.0818417 -1.99458 -4.46568 -820.132 0 
4 826.181 0.308301 0.0224447 0.675415 0.56046 0.0928972 -1.79225 -4.51401 -819.875 0 
27 825.373 0.314459 0.022481 0.671208 0.539455 0.0811494 -0.390562 -5.24702 -819.735 0 
66 826.147 0.315376 0.0223992 0.670811 0.492764 0.0640194 -0.348741 -5.86922 -819.929 0 
8 826.941 0.304013 0.0225088 0.680819 0.509702 0.0936616 -1.97001 -4.69702 -820.274 0 
55 826.747 0.306743 0.0225135 0.676556 0.50675 0.03931 -1.79 -4.43873 -820.518 0 
94 826.878 0.31799 0.0223207 0.66847 0.467072 0.00945972 -0.44376 -6.46602 -819.969 0 
21 826.721 0.32164 0.0223185 0.663497 0.525923 0.0169144 -1.11047 -5.96255 -819.648 0 
2 827.126 0.315778 0.0222938 0.669204 0.571991 0.072169 -2.151 -5.48291 -819.492 0 
2 827.46 0.320788 0.0223223 0.66618 0.541302 0.103291 -0.642628 -7.29853 -819.519 0 
11 828.376 0.316614 0.0223484 0.670251 0.512686 0.077318 -2.67701 -5.93179 -819.767 0 
11 829.024 0.315149 0.022412 0.673358 0.465665 0.0424228 -2.54553 -6.50422 -819.974 0 
5 827.309 0.318707 0.0224869 0.66768 0.497317 0.0185817 -1.54371 -5.90553 -819.86 0 
32 827.942 0.310651 0.0225528 0.677526 0.50348 0.0973399 -2.35267 -5.65376 -819.936 0 
31 827.018 0.310846 0.0225206 0.675564 0.44915 0.0917984 -1.09394 -5.31719 -820.606 0 
16 826.92 0.309865 0.0223727 0.675075 0.436177 0.099012 -0.994645 -4.89497 -821.031 0 
8 826.686 0.306483 0.022407 0.679111 0.427638 0.126258 -0.504355 -5.02135 -821.16 0 
19 826.877 0.312208 0.0223602 0.67347 0.429102 0.116812 -0.694012 -5.25097 -820.932 0 
2 829.862 0.31127 0.0223417 0.673193 0.470782 0.110116 -4.09526 -5.37329 -820.394 0 
35 829.853 0.310069 0.0223834 0.676579 0.461406 0.169551 -3.16571 -6.3104 -820.377 0 
7 827.891 0.317463 0.0223706 0.671106 0.423229 0.183046 -0.152628 -7.18598 -820.552 0 
19 827.906 0.315717 0.0223986 0.672196 0.453965 0.198182 -0.572067 -6.93908 -820.395 0 
6 828.009 0.310173 0.0223819 0.673812 0.455833 0.166256 -2.03426 -4.84277 -821.132 0 
8 827.21 0.30828 0.0225013 0.678589 0.458409 0.187088 -0.942403 -5.46906 -820.799 0 
2 827.479 0.310419 0.0225099 0.677347 0.42653 0.1558 -0.761965 -5.88429 -820.833 0 
36 827.429 0.309622 0.0224586 0.677504 0.418482 0.189941 -0.511061 -5.7267 -821.192 0 
3 826.719 0.311011 0.0224189 0.675529 0.424415 0.164262 -0.157559 -5.47916 -821.083 0 
4 827.845 0.300692 0.0225173 0.683844 0.433822 0.163576 -1.25143 -4.5318 -822.061 0 
54 827.181 0.310126 0.0224804 0.676137 0.403725 0.153496 -0.480542 -5.21961 -821.481 0 
10 828.814 0.299914 0.0224875 0.685373 0.417931 0.244061 -1.42797 -4.7198 -822.666 0 
4 828.897 0.301578 0.0225208 0.68372 0.427405 0.233563 -1.63298 -4.59217 -822.671 0 
69 829.942 0.313595 0.0224552 0.672152 0.444771 0.18181 -3.45716 -5.5805 -820.905 0 
14 827.95 0.311516 0.0225158 0.674138 0.453814 0.201679 -1.67353 -5.09033 -821.186 0 
2 827.607 0.315967 0.0225525 0.67137 0.446857 0.177777 -1.1419 -5.67966 -820.786 0 
23 827.722 0.308581 0.0224585 0.679782 0.460364 0.266902 -0.677623 -5.98539 -821.059 0 
14 827.844 0.302791 0.0225933 0.682715 0.483947 0.248196 -1.61069 -4.61087 -821.622 0 
3 829.493 0.301785 0.0226354 0.683869 0.463514 0.239258 -2.95605 -4.62667 -821.91 0 
7 827.27 0.30383 0.022502 0.681426 0.500675 0.24506 -1.41444 -4.7519 -821.104 0 
11 827.224 0.314421 0.0224366 0.672634 0.465574 0.180373 -0.670038 -6.13559 -820.418 0 
1 827.705 0.310827 0.0224001 0.67545 0.464873 0.239072 -1.32956 -5.18941 -821.186 0 
25 827.491 0.310117 0.0223174 0.67469 0.468916 0.233162 -1.25502 -5.01906 -821.217 0 
23 828.361 0.304309 0.0223199 0.682862 0.457648 0.273027 -1.43696 -5.5741 -821.35 0 
3 827.527 0.305775 0.0225029 0.681533 0.44534 0.268705 -0.495084 -5.37049 -821.662 0 
4 827.605 0.304754 0.0224239 0.679787 0.44676 0.222524 -1.01124 -4.65789 -821.935 0 
41 827.354 0.304857 0.0223892 0.681686 0.439835 0.225402 -0.709539 -5.19246 -821.452 0 
7 827.647 0.302651 0.0223586 0.683458 0.404286 0.180002 -0.779452 -5.25326 -821.615 0 
1 827.982 0.30798 0.0225107 0.679331 0.435227 0.160866 -1.72389 -5.15319 -821.105 0 
28 827.274 0.314727 0.0223557 0.671445 0.423757 0.130081 -0.878156 -5.48133 -820.915 0 
17 828.816 0.319209 0.022294 0.669893 0.408745 0.145291 -0.160829 -8.367 -820.288 0 
3 830.41 0.312915 0.0224295 0.675752 0.419571 0.188983 -2.37272 -7.45831 -820.579 0 
1 830.142 0.299737 0.0226319 0.685216 0.402524 0.149631 -2.60177 -4.60859 -822.932 0 
63 830.451 0.294369 0.0225692 0.691384 0.47688 0.240153 -3.66687 -4.53191 -822.252 0 
5 829.512 0.295885 0.0226918 0.688066 0.525088 0.188844 -3.31044 -4.69627 -821.506 0 
9 829.582 0.301837 0.0226936 0.682201 0.457336 0.103816 -3.31203 -4.5035 -821.767 0 
7 829.112 0.317458 0.0225228 0.672237 0.439737 0.145072 -1.56359 -7.3195 -820.229 0 
13 827.724 0.311591 0.0224717 0.673781 0.482932 0.0955029 -2.19774 -5.24886 -820.278 0 
14 825.746 0.308126 0.0224918 0.677167 0.538957 0.102813 -1.04748 -4.75875 -819.94 0 
13 825.71 0.303675 0.0225048 0.680501 0.56615 0.143105 -1.26129 -4.47825 -819.97 0 
82 825.86 0.307928 0.0224817 0.676991 0.547205 0.130205 -1.1034 -4.88278 -819.873 0 
7 826.688 0.311082 0.0225187 0.673138 0.538607 0.163646 -1.83584 -4.68765 -820.165 0 
6 829.393 0.312952 0.0227135 0.673952 0.49903 0.175525 -3.89123 -5.0193 -820.482 0 
1 829.976 0.3184 0.0224095 0.670638 0.484774 0.218607 -2.89993 -6.90297 -820.173 0 
3 829.01 0.312051 0.0224392 0.674005 0.486344 0.235883 -3.0518 -4.92723 -821.031 0 
3 827.718 0.312547 0.022417 0.674325 0.505022 0.296878 -0.933894 -6.06306 -820.721 0 
37 828.053 0.304418 0.0222798 0.680266 0.584085 0.396174 -1.90538 -4.98383 -821.164 0 
10 829.54 0.314211 0.0221736 0.671919 0.550877 0.372388 -2.15266 -6.81274 -820.574 0 
20 833.107 0.314015 0.0221538 0.672889 0.548836 0.378439 -5.9822 -6.36766 -820.757 0 
2 831.827 0.323952 0.0221911 0.663829 0.566231 0.385971 -2.79804 -8.914 -820.114 0 
4 831.575 0.325251 0.0221243 0.663278 0.565183 0.357961 -2.80437 -8.84742 -819.924 0 
10 832.232 0.320537 0.0223288 0.666933 0.575544 0.350962 -4.31485 -7.98494 -819.932 0 
2 833.232 0.320319 0.0223732 0.668518 0.58493 0.380634 -6.31445 -6.67986 -820.238 0 
2 832.12 0.308773 0.0222151 0.679031 0.554375 0.469643 -3.73655 -6.35518 -822.028 0 
29 832.034 0.321679 0.022232 0.66899 0.549853 0.46538 -0.678747 -10.5517 -820.803 0 
7 829.577 0.312924 0.0222012 0.673921 0.584417 0.479095 -1.24735 -6.85751 -821.472 0 
1 830.18 0.322418 0.0223657 0.667356 0.63074 0.467831 -0.914947 -9.13415 -820.131 0 
34 829.861 0.322823 0.0223234 0.667082 0.629581 0.500295 -0.487301 -8.84799 -820.526 0 
10 827.761 0.315094 0.0222854 0.670781 0.640557 0.444209 -1.20163 -6.22298 -820.336 0 
7 826.244 0.311806 0.0223667 0.674171 0.655017 0.437105 -0.456139 -5.49547 -820.292 0 
41 826.461 0.310559 0.0224607 0.677008 0.679808 0.472607 -0.23015 -6.03622 -820.195 0 
14 827.181 0.318651 0.0223698 0.668818 0.675594 0.421223 -0.901256 -6.56516 -819.715 0 
5 826.104 0.316259 0.0224158 0.670648 0.67359 0.426748 -0.0748761 -6.20616 -819.823 0 
1 827.842 0.313926 0.0223382 0.671826 0.692804 0.448111 -2.48693 -5.38217 -819.973 0 
6 826.126 0.309282 0.0225361 0.676312 0.704839 0.428565 -1.4341 -4.79197 -819.899 0 
118 825.924 0.312839 0.022618 0.671632 0.679892 0.355994 -1.59975 -4.54476 -819.779 0 
1 828.86 0.318186 0.0226646 0.670153 0.655847 0.365229 -3.13205 -6.08736 -819.641 0 
69 828.643 0.302341 0.0227348 0.680756 0.680883 0.373379 -3.77013 -4.49414 -820.379 0 
10 827.78 0.305995 0.0226866 0.678136 0.674785 0.375459 -3.08082 -4.42037 -820.279 0 
5 828.48 0.318069 0.022454 0.671341 0.659659 0.449232 -1.04224 -7.53097 -819.907 0 
4 827.015 0.317758 0.0224625 0.669333 0.592489 0.375705 -0.58778 -6.14395 -820.284 0 
12 831.557 0.324615 0.0224473 0.666738 0.574569 0.360226 -1.95474 -9.80493 -819.797 0 
7 827.502 0.307443 0.0226182 0.67792 0.548751 0.331446 -1.51145 -4.59037 -821.4 0 
1 826.458 0.312007 0.0225274 0.673075 0.576156 0.31691 -1.09505 -4.84625 -820.517 0 
36 826.7 0.307295 0.0225678 0.678424 0.615655 0.362368 -1.46069 -4.85781 -820.381 0 
4 826.468 0.310583 0.0225325 0.675363 0.585233 0.337288 -1.05826 -4.85656 -820.553 0 
34 826.812 0.310701 0.0225203 0.675943 0.561001 0.334801 -0.991496 -5.09854 -820.722 0 
9 826.866 0.313305 0.0224322 0.67299 0.520086 0.293612 -0.56631 -5.63819 -820.661 0 
12 830.283 0.305405 0.0224969 0.682726 0.597687 0.410366 -4.113 -5.26758 -820.903 0 
3 829.366 0.301438 0.0223546 0.680992 0.593134 0.369443 -3.47426 -4.46522 -821.427 0 
39 827.797 0.302636 0.0223562 0.682144 0.590821 0.423669 -1.33876 -4.76157 -821.696 0 
25 827.874 0.301864 0.0224036 0.685498 0.564221 0.443671 -0.507796 -5.3427 -822.023 0 
5 828.464 0.311471 0.022283 0.676694 0.526612 0.38436 -0.26784 -7.32484 -820.872 0 
69 828.535 0.311484 0.0224297 0.677652 0.490422 0.351642 -0.585211 -6.78814 -821.162 0 
7 829.959 0.307848 0.0222412 0.677503 0.576929 0.416447 -3.37247 -5.17216 -821.415 0 
15 834.511 0.306681 0.0220302 0.680808 0.578944 0.547489 -4.34407 -7.38881 -822.778 0 
3 832.255 0.304237 0.022178 0.679367 0.582181 0.455076 -5.02089 -5.04682 -822.188 0 
6 835.088 0.304232 0.0220522 0.678655 0.5466 0.407125 -8.03379 -4.97769 -822.076 0 
2 835.526 0.30774 0.0223667 0.676483 0.544705 0.36589 -8.95485 -5.26778 -821.303 0 
19 833.3 0.31469 0.0226062 0.67542 0.504315 0.398084 -4.55922 -7.36972 -821.371 0 
7 831.784 0.319387 0.022549 0.67172 0.532747 0.37598 -3.13094 -8.16338 -820.49 0 
2 831.933 0.30708 0.0224518 0.679677 0.524796 0.382723 -4.90917 -4.88534 -822.139 0 
12 831.112 0.299739 0.0223511 0.683471 0.529464 0.412193 -2.95816 -4.65462 -823.499 0 
58 830.79 0.300268 0.0226369 0.685037 0.483024 0.388127 -1.85191 -4.7169 -824.222 0 
4 830.757 0.305744 0.0226601 0.682421 0.414291 0.312143 -2.65067 -5.26006 -822.847 0 
1 829.903 0.301403 0.0224418 0.682162 0.465001 0.284337 -2.34411 -4.59203 -822.967 0 
123 831.011 0.301345 0.0227498 0.686354 0.426012 0.246416 -3.79977 -4.71585 -822.495 0 
2 829.624 0.309105 0.0224587 0.678057 0.43939 0.245598 -2.41147 -6.01259 -821.2 0 
35 829.279 0.29974 0.0224284 0.684113 0.497663 0.276659 -2.62231 -4.5149 -822.142 0 
28 826.796 0.310262 0.0223115 0.676238 0.528084 0.27801 -0.585491 -5.86783 -820.343 0 
4 827.673 0.30788 0.0225416 0.678138 0.47375 0.19386 -1.74026 -5.04558 -820.887 0 
22 828.716 0.319366 0.0222848 0.669064 0.476316 0.239063 -0.389114 -8.20179 -820.125 0 
31 828.323 0.320856 0.0222736 0.667116 0.43514 0.215702 -0.453041 -7.31213 -820.558 0 
10 830.216 0.320856 0.0222087 0.668061 0.442714 0.259877 -0.712964 -9.12816 -820.375 0 
4 830.843 0.322071 0.0223348 0.667084 0.476004 0.264865 -1.71908 -8.97753 -820.146 0 
4 830.468 0.312166 0.0226022 0.676216 0.439198 0.272667 -3.00696 -6.04588 -821.415 0 
19 831.296 0.309045 0.0226431 0.680691 0.365095 0.241918 -3.14284 -5.99689 -822.156 0 
2 835.565 0.314154 0.0227206 0.676847 0.353702 0.236133 -7.18969 -6.35516 -822.021 0 
3 830.034 0.304546 0.0225866 0.681745 0.411189 0.250889 -2.59474 -4.9498 -822.489 0 
58 829.069 0.307851 0.0226245 0.679033 0.410414 0.252902 -1.63758 -4.92305 -822.508 0 
12 828.364 0.308824 0.0223699 0.678141 0.410122 0.263998 -0.609119 -5.98095 -821.773 0 
48 828.235 0.310307 0.0224579 0.67684 0.393707 0.224765 -0.872797 -5.35964 -822.002 0 
35 828.634 0.306041 0.0225082 0.681497 0.422001 0.275095 -1.08213 -5.59698 -821.955 0 
26 830.53 0.302267 0.0225004 0.68477 0.440595 0.295344 -3.11943 -4.8134 -822.597 0 
13 829.176 0.302523 0.0224365 0.681729 0.402152 0.246419 -1.27679 -4.66442 -823.234 0 
35 829.231 0.300493 0.0225568 0.685973 0.409555 0.277606 -1.37838 -4.8708 -822.982 0 
31 828.465 0.311929 0.0224152 0.676033 0.384544 0.25263 -0.27197 -6.40442 -821.789 0 
70 828.23 0.306638 0.0225218 0.67994 0.387166 0.238672 -0.589068 -5.04874 -822.592 0 
15 833.431 0.301671 0.0225011 0.687024 0.343925 0.25543 -4.98837 -5.18213 -823.261 0 
88 830.323 0.302026 0.0224968 0.687308 0.392463 0.311058 -1.87747 -5.70697 -822.739 0 
57 829.45 0.304379 0.0224883 0.683457 0.35784 0.255733 -1.19413 -5.28433 -822.972 0 
16 829.848 0.307723 0.0224874 0.680763 0.328576 0.230578 -1.16094 -6.25974 -822.427 0 
37 828.99 0.302124 0.022432 0.684417 0.342691 0.256847 -0.362553 -5.13356 -823.494 0 
21 829.217 0.302798 0.0224825 0.685493 0.312749 0.236374 -0.420701 -5.71551 -823.081 0 
3 829.417 0.305306 0.0224684 0.684126 0.331097 0.24388 -0.528583 -6.55342 -822.335 0 
10 828.505 0.305752 0.022427 0.681184 0.32227 0.207575 -0.187666 -5.42012 -822.898 0 
51 829.493 0.305101 0.0223603 0.68115 0.319068 0.21408 -1.06436 -5.15173 -823.277 0 
27 829.76 0.303805 0.0223474 0.682673 0.303642 0.249298 -0.674491 -5.3005 -823.785 0 
35 831.286 0.312064 0.0222125 0.67708 0.293452 0.277217 -0.589017 -8.369 -822.328 0 
22 834.212 0.310544 0.022031 0.67592 0.284874 0.258824 -4.35843 -7.04519 -822.808 0 
37 833.377 0.318565 0.0221397 0.671947 0.29296 0.257145 -1.60269 -10.255 -821.519 0 
5 833.08 0.306319 0.0221087 0.6801 0.342209 0.284603 -4.09028 -6.09285 -822.897 0 
2 835.442 0.307269 0.0222555 0.681532 0.403388 0.355238 -6.37144 -6.3442 -822.726 0 
7 833.504 0.316775 0.0224694 0.671672 0.40063 0.247006 -4.92581 -7.39952 -821.179 0 
4 834.176 0.312315 0.0223637 0.677966 0.426991 0.326338 -5.38842 -7.24361 -821.544 0 
1 829.002 0.307987 0.0224761 0.68126 0.422635 0.314348 -0.716729 -6.39031 -821.895 0 
4 830.97 0.307593 0.0225056 0.683058 0.428824 0.32694 -2.36087 -6.91525 -821.694 0 
37 830.04 0.298193 0.0226224 0.689731 0.415419 0.315729 -1.75356 -4.87356 -823.413 0 
19 830.495 0.2994 0.0226741 0.685435 0.410146 0.218825 -2.33935 -4.6769 -823.479 0 
13 828.989 0.299664 0.0225972 0.686679 0.457758 0.290265 -1.68673 -4.62152 -822.681 0 
21 828.366 0.305475 0.0226031 0.681775 0.47742 0.295114 -1.6502 -4.90751 -821.808 0 
30 828.248 0.309788 0.022551 0.678497 0.484279 0.316521 -1.21295 -5.67538 -821.359 0 
16 828.213 0.299296 0.0224322 0.686946 0.490009 0.345019 -0.994328 -4.80092 -822.418 0 
5 830.349 0.294685 0.0224823 0.68952 0.489095 0.346055 -2.04466 -4.68488 -823.62 0 
47 828.566 0.30197 0.0225637 0.683342 0.469346 0.27099 -1.80419 -4.64804 -822.113 0 
11 828.202 0.30741 0.0225966 0.678703 0.471232 0.267504 -1.61886 -4.68373 -821.899 0 
12 827.18 0.30636 0.0225027 0.680658 0.485882 0.292292 -0.620593 -5.14659 -821.413 0 
10 827.321 0.306662 0.0225445 0.677474 0.506276 0.207322 -1.76827 -4.52455 -821.028 0 
47 827.882 0.304355 0.0222687 0.679635 0.536211 0.24359 -2.57133 -4.81517 -820.496 0 
11 828.774 0.308928 0.0223474 0.674686 0.485334 0.167499 -3.20308 -4.84719 -820.724 0 
6 828.804 0.320538 0.0222545 0.667966 0.468064 0.157241 -0.927303 -7.95346 -819.923 0 
86 826.243 0.309257 0.0224557 0.674855 0.498231 0.139407 -1.00748 -4.63217 -820.603 0 
27 826.358 0.314274 0.0225683 0.671911 0.496137 0.137785 -0.99406 -5.01431 -820.349 0 
14 826.099 0.312509 0.0224264 0.671644 0.506194 0.109825 -1.0719 -4.66527 -820.362 0 
12 827.06 0.309441 0.0225185 0.675501 0.503152 0.12842 -1.93251 -4.56282 -820.565 0 
8 826.285 0.312875 0.0223225 0.672828 0.538956 0.139492 -0.922676 -5.61767 -819.745 0 
34 826.112 0.312213 0.0224966 0.674275 0.503586 0.133014 -0.728321 -5.23443 -820.149 0 
90 826.051 0.314082 0.0224589 0.670628 0.548057 0.120926 -1.19349 -5.07858 -819.779 0 
2 826.093 0.312348 0.0223265 0.672031 0.572821 0.202311 -1.18452 -5.1441 -819.764 0 
5 826.855 0.310315 0.0223409 0.673783 0.58223 0.187818 -2.30273 -4.80249 -819.75 0 
19 826.999 0.314554 0.0225949 0.669963 0.589871 0.171552 -2.55544 -4.77227 -819.672 0 
4 826.524 0.322681 0.0223718 0.664425 0.61508 0.195583 -0.00775937 -7.07483 -819.441 0 
5 825.888 0.315718 0.0223446 0.667882 0.65901 0.221996 -1.38555 -5.12377 -819.379 0 
48 825.412 0.313542 0.0224612 0.669431 0.680791 0.239791 -1.36819 -4.67713 -819.367 0 
14 826.915 0.315254 0.0226569 0.671333 0.61934 0.240917 -2.23039 -5.11341 -819.571 0 
10 829.413 0.319044 0.0224375 0.669847 0.618359 0.257688 -2.70419 -7.2399 -819.469 0 
26 825.749 0.312403 0.0224594 0.67306 0.656379 0.252985 -1.13293 -5.20082 -819.416 0 
30 825.191 0.3118 0.0224351 0.673575 0.615259 0.194939 -0.411027 -5.31546 -819.464 0 
16 825.837 0.317498 0.0223342 0.667527 0.605425 0.187079 -0.75535 -5.61692 -819.465 0 
28 826.276 0.312832 0.0224138 0.673064 0.644297 0.224076 -1.3375 -5.53552 -819.403 0 
4 826.765 0.314708 0.0223421 0.66997 0.667234 0.225333 -2.00699 -5.3795 -819.378 0 
4 825.444 0.315701 0.022486 0.669957 0.646938 0.246632 -0.68703 -5.32885 -819.428 0 
37 827.185 0.325727 0.0225476 0.661162 0.663457 0.220423 -1.29834 -6.44103 -819.446 0 
8 825.902 0.318605 0.0224346 0.66788 0.692023 0.306861 -0.160849 -6.31366 -819.428 0 
1 828.132 0.318489 0.0224186 0.667916 0.655107 0.291653 -3.00255 -5.67457 -819.455 0 
46 825.872 0.32021 0.0223726 0.665116 0.688235 0.292868 -0.385935 -6.0706 -819.415 0 
29 825.568 0.31487 0.0225127 0.669548 0.672409 0.27162 -1.14862 -5.01317 -819.407 0 
6 825.075 0.315485 0.0224882 0.668778 0.677697 0.263941 -0.759806 -4.92789 -819.387 0 
9 825.372 0.309449 0.0225256 0.674892 0.652561 0.295212 -1.09645 -4.61004 -819.666 0 
15 826.804 0.310941 0.02246 0.671539 0.682448 0.317395 -2.7044 -4.43945 -819.66 0 
18 827.083 0.3157 0.0225866 0.670171 0.691565 0.307341 -2.65337 -5.02202 -819.408 0 
6 827.453 0.317979 0.0226783 0.668791 0.714823 0.350691 -2.66769 -5.38067 -819.405 0 
41 825.917 0.317703 0.0225661 0.668505 0.709743 0.355095 -1.04068 -5.45787 -819.419 0 
56 825.819 0.319544 0.022492 0.66693 0.684275 0.365815 -0.562374 -5.74134 -819.515 0 
2 828.1 0.311902 0.0223048 0.672288 0.745297 0.439888 -2.97665 -5.63441 -819.489 0 
5 826.735 0.310515 0.0224493 0.673038 0.778968 0.422463 -2.66362 -4.67225 -819.4 0 
7 825.709 0.314332 0.0226151 0.670515 0.752464 0.411159 -1.45349 -4.80721 -819.449 0 
11 826.106 0.311759 0.0225725 0.671689 0.797521 0.404598 -2.11206 -4.64149 -819.352 0 
25 826.949 0.307805 0.0225702 0.673193 0.808576 0.357876 -2.97033 -4.64066 -819.338 0 
4 825.385 0.315251 0.0225096 0.669733 0.755808 0.354488 -0.636856 -5.33308 -819.415 0 
31 826.556 0.32451 0.0223503 0.660867 0.784265 0.385213 -0.368904 -6.52712 -819.66 0 
18 825.98 0.316981 0.0225201 0.667837 0.797397 0.433337 -1.49321 -5.09538 -819.392 0 
69 826.731 0.325444 0.0223684 0.659849 0.817738 0.408938 -0.374789 -6.5324 -819.824 0 
28 826.961 0.315514 0.022552 0.665807 0.842621 0.346584 -2.41409 -4.82759 -819.719 0 
42 825.969 0.316688 0.0224588 0.668167 0.831572 0.425792 -0.594681 -5.71593 -819.659 0 
8 827.544 0.310312 0.0225243 0.670488 0.829455 0.367448 -3.41407 -4.6622 -819.468 0 
15 828.646 0.310464 0.0225768 0.669069 0.841266 0.337409 -4.26484 -4.84871 -819.533 0 
37 828.665 0.312561 0.022587 0.668426 0.866212 0.361675 -3.8567 -4.86866 -819.939 0 
4 828.159 0.31205 0.0226764 0.668532 0.85996 0.391237 -3.82357 -4.90333 -819.432 0 
29 829.184 0.306767 0.0226438 0.672681 0.872756 0.406755 -4.6378 -5.1674 -819.378 0 
8 827.101 0.314553 0.0224587 0.667245 0.868229 0.396866 -2.12894 -5.04508 -819.927 0 
59 827.356 0.311253 0.0224257 0.670129 0.832394 0.354411 -2.86357 -4.83101 -819.661 0 
7 826.954 0.317462 0.022394 0.665532 0.80454 0.325331 -1.6002 -5.47934 -819.875 0 
143 826.751 0.317542 0.0225696 0.664103 0.792909 0.232457 -2.12735 -4.84185 -819.782 0 
7 831.92 0.31519 0.0226932 0.666691 0.790368 0.232677 -7.51926 -4.90669 -819.494 0 
11 833.426 0.312941 0.0228553 0.669817 0.810917 0.221768 -8.69921 -5.02404 -819.703 0 
11 831.369 0.312737 0.0228538 0.667032 0.819261 0.177315 -6.26652 -5.37209 -819.73 0 
20 828.06 0.316725 0.0227237 0.665374 0.783707 0.161312 -3.45829 -4.84403 -819.758 0 
1 828.154 0.318952 0.0226463 0.662874 0.772835 0.177225 -3.60254 -4.80214 -819.75 0 
4 828.508 0.314422 0.022585 0.666628 0.808287 0.210593 -3.71075 -4.92832 -819.869 0 
10 827.474 0.321963 0.0224313 0.662214 0.788999 0.238072 -1.33968 -5.84709 -820.288 0 
1 827.9 0.323849 0.022533 0.66013 0.740649 0.227244 -2.70351 -5.52056 -819.676 0 
54 826.932 0.324947 0.0223991 0.660195 0.72517 0.270123 -0.900231 -6.39904 -819.633 0 
65 826.243 0.327679 0.0224428 0.658484 0.691658 0.259782 -0.264875 -6.48666 -819.492 0 
27 826.194 0.316059 0.0226626 0.668312 0.745574 0.341888 -2.14352 -4.69584 -819.354 0 
8 825.969 0.311197 0.022539 0.674056 0.75179 0.442946 -1.31314 -5.13448 -819.521 0 
39 825.718 0.311293 0.0225416 0.671433 0.790138 0.412587 -1.76896 -4.58607 -819.363 0 
22 826.48 0.308345 0.0224731 0.67542 0.784565 0.458095 -2.37527 -4.59443 -819.51 0 
23 826.309 0.312801 0.0224099 0.6699 0.76383 0.378305 -2.2717 -4.67541 -819.362 0 
21 827.879 0.312937 0.0224068 0.668627 0.799384 0.34667 -3.52414 -4.84547 -819.509 0 
79 825.357 0.318962 0.022476 0.665416 0.758772 0.351344 -0.688718 -5.25246 -819.416 0 
13 826.785 0.317264 0.0223744 0.664987 0.776824 0.327147 -2.24719 -5.0371 -819.501 0 
2 825.957 0.312739 0.0225865 0.670228 0.804148 0.346778 -1.67633 -4.78741 -819.493 0 
1 827.905 0.314596 0.0224959 0.669623 0.799527 0.392768 -3.53953 -4.95077 -819.415 0 
4 828.421 0.31479 0.0224915 0.667005 0.76554 0.330526 -4.36037 -4.6928 -819.368 0 
40 827.766 0.323048 0.0223405 0.66187 0.816087 0.384634 -0.903219 -6.82233 -820.04 0 
55 826.072 0.316903 0.0225636 0.668151 0.85036 0.4533 -1.01157 -5.46196 -819.598 0 
15 827.062 0.318152 0.0226112 0.664891 0.9129 0.484751 -2.13674 -5.10402 -819.821 0 
9 829.265 0.320469 0.022428 0.6634 0.931959 0.499862 -3.41568 -5.67145 -820.177 0 
49 829.192 0.318821 0.0227167 0.663677 0.901215 0.365342 -3.43753 -5.1862 -820.568 0 
4 829.376 0.31648 0.0227239 0.667116 0.862927 0.354513 -3.9147 -5.21069 -820.251 0 
16 828.096 0.329447 0.0224889 0.656951 0.826481 0.369677 -0.491671 -7.20487 -820.399 0 
3 826.094 0.317019 0.0225417 0.66591 0.833065 0.394297 -1.5198 -4.97986 -819.594 0 
4 827.52 0.319365 0.0225485 0.666084 0.810315 0.391568 -2.44659 -5.47974 -819.593 0 
22 827.616 0.314052 0.0227305 0.671172 0.829018 0.448477 -3.38548 -4.84216 -819.388 0 
56 827.778 0.320793 0.0226118 0.664387 0.853546 0.399005 -1.73143 -5.92286 -820.124 0 
138 826.938 0.314632 0.0226425 0.667997 0.905842 0.455876 -2.19976 -4.93054 -819.808 0 
6 827.344 0.321033 0.0224378 0.662738 0.873219 0.474942 -2.47024 -5.26935 -819.604 0 
24 828.248 0.329076 0.0224956 0.656434 0.859239 0.470702 -1.86879 -6.5536 -819.826 0 
9 831.966 0.322621 0.0225138 0.661304 0.886149 0.492794 -6.25065 -5.92824 -819.787 0 
50 828.024 0.312557 0.0227426 0.670612 0.9403 0.513805 -3.4238 -4.8847 -819.715 0 
17 828.456 0.316484 0.0225694 0.666611 0.912229 0.524802 -3.75524 -5.11679 -819.584 0 
27 827.076 0.320858 0.0225585 0.663784 0.868887 0.482133 -2.36148 -5.19237 -819.522 0 
10 826.746 0.318427 0.0226135 0.665559 0.872415 0.438293 -1.88967 -5.12245 -819.734 0 
43 826.841 0.315982 0.0225113 0.66627 0.87147 0.462424 -2.40888 -4.89656 -819.535 0 
32 826.446 0.318596 0.0223699 0.666368 0.8288 0.467864 -1.11099 -5.83512 -819.5 0 
19 826.808 0.309068 0.0225049 0.672199 0.853121 0.43147 -2.76656 -4.64941 -819.392 0 
36 825.854 0.319025 0.022499 0.664821 0.832821 0.430684 -1.00391 -5.30393 -819.546 0 
6 828.613 0.329953 0.0225678 0.658017 0.795785 0.409033 -1.51461 -7.33129 -819.767 0 
24 828.327 0.325372 0.0225303 0.66263 0.809639 0.432786 -1.03501 -7.50497 -819.787 0 
5 828.935 0.329188 0.0223803 0.659044 0.785654 0.427114 -0.274656 -8.83724 -819.823 0 
2 827.523 0.322502 0.0225918 0.664584 0.755173 0.385494 -1.68203 -6.36431 -819.477 0 
36 826.205 0.321267 0.0224013 0.662905 0.763268 0.358414 -1.03688 -5.68472 -819.483 0 
6 826.601 0.316573 0.0224232 0.668544 0.745564 0.388912 -1.89715 -5.30562 -819.399 0 
5 830.758 0.31382 0.0223297 0.667583 0.782371 0.381743 -6.82537 -4.59031 -819.343 0 
39 831.202 0.30883 0.0223526 0.671809 0.761308 0.40517 -7.27598 -4.47577 -819.451 0 
33 828.08 0.302058 0.0224425 0.67997 0.718002 0.426276 -3.57823 -4.39303 -820.108 0 
25 826.938 0.310691 0.0223508 0.674923 0.733882 0.45752 -1.90297 -5.36645 -819.669 0 
4 828.313 0.310709 0.0222824 0.672111 0.732448 0.43383 -3.94013 -4.64948 -819.724 0 
56 827.23 0.30177 0.0223776 0.680892 0.747312 0.463123 -2.81345 -4.43729 -819.979 0 
29 826.693 0.301938 0.0223901 0.682087 0.743393 0.49885 -1.84561 -4.55092 -820.296 0 
23 826.068 0.302367 0.0224601 0.681235 0.72926 0.445058 -1.61572 -4.46939 -819.983 0 
2 826.816 0.301186 0.0224062 0.682266 0.716815 0.457205 -2.07602 -4.48111 -820.259 0 
3 827.359 0.314442 0.0224868 0.670787 0.649891 0.35266 -2.65977 -4.78697 -819.913 0 
45 825.721 0.314099 0.022403 0.670821 0.623552 0.346944 -0.629736 -5.04874 -820.043 0 
39 827.105 0.322746 0.0224676 0.665154 0.651761 0.359888 -0.524469 -7.01999 -819.56 0 
3 826.771 0.313075 0.0225522 0.674125 0.653615 0.425399 -1.12792 -5.42182 -820.221 0 
24 827.148 0.316335 0.022327 0.670428 0.640612 0.446217 -0.67204 -6.10053 -820.375 0 
43 826.555 0.311236 0.0224019 0.675749 0.668302 0.485403 -0.163746 -5.82271 -820.569 0 
13 827.032 0.312362 0.0224709 0.675334 0.642234 0.444767 -0.481902 -6.23102 -820.319 0 
36 827.052 0.307252 0.0225594 0.677899 0.640299 0.406641 -1.73877 -4.54097 -820.772 0 
10 828.962 0.312701 0.0222694 0.672826 0.645837 0.397811 -3.4982 -5.41751 -820.046 0 
10 827.633 0.310776 0.0222558 0.674493 0.635431 0.425243 -1.74042 -5.45558 -820.437 0 
4 829.333 0.314584 0.0222375 0.669441 0.65909 0.42941 -3.60514 -5.5824 -820.146 0 
41 828.418 0.310635 0.022214 0.673053 0.712976 0.463803 -3.36208 -5.05541 -820 0 
7 830.547 0.316713 0.0223857 0.669606 0.660803 0.399861 -5.28378 -5.33442 -819.929 0 
2 831.052 0.315896 0.022152 0.670184 0.680407 0.455572 -3.67891 -7.59424 -819.778 0 
7 831.833 0.312833 0.02216 0.670899 0.710318 0.518495 -6.08704 -4.99155 -820.754 0 
12 829.9 0.318269 0.0221922 0.668892 0.701962 0.532042 -1.75331 -7.95662 -820.19 0 
6 831.713 0.327837 0.022283 0.661693 0.643602 0.480782 -1.70533 -9.98296 -820.025 0 
14 831.004 0.322632 0.0221992 0.66551 0.695955 0.514012 -1.87949 -9.20889 -819.916 0 
3 829.577 0.321324 0.0224606 0.668124 0.699979 0.519645 -1.34748 -8.18325 -820.047 0 
117 825.95 0.319241 0.0225019 0.66721 0.756921 0.503309 -0.460787 -5.75627 -819.732 0 
12 827.172 0.310617 0.0226715 0.675379 0.815384 0.539995 -2.66849 -4.75664 -819.747 0 
5 829.094 0.313527 0.0226778 0.670187 0.795435 0.486406 -4.92836 -4.57133 -819.595 0 
32 826.354 0.315357 0.022424 0.668825 0.848888 0.553528 -1.54047 -5.31474 -819.499 0 
15 827.718 0.317676 0.0222885 0.665552 0.867346 0.518094 -2.99626 -5.27889 -819.442 0 
7 828.436 0.312374 0.0224336 0.671668 0.883455 0.510739 -3.89931 -5.06727 -819.469 0 
3 827.476 0.323792 0.0223744 0.663103 0.875555 0.528989 -0.357684 -7.3741 -819.745 0 
5 827.688 0.320605 0.0222576 0.665708 0.88944 0.592842 -0.62241 -7.5056 -819.56 0 
16 826.214 0.325446 0.0225007 0.66059 0.838046 0.495902 -0.501699 -6.20901 -819.504 0 
19 826.588 0.321459 0.0224036 0.665095 0.882652 0.569075 -0.399749 -6.66462 -819.524 0 
104 825.67 0.315191 0.0225003 0.669873 0.859222 0.5647 -0.811681 -5.35896 -819.499 0 
3 830.425 0.324352 0.0223199 0.662473 0.910737 0.60888 -2.34941 -8.41222 -819.663 0 
34 828.086 0.324179 0.0222584 0.660955 0.9196 0.576373 -1.64297 -6.74869 -819.694 0 
1 827.044 0.325567 0.0223965 0.658604 0.885151 0.490793 -1.05711 -6.13502 -819.852 0 
19 826.38 0.324221 0.022395 0.66099 0.877824 0.515644 -0.305761 -6.39853 -819.676 0 
6 828.287 0.319473 0.0226717 0.664088 0.92085 0.497732 -3.26114 -5.18213 -819.844 0 
32 828.619 0.318237 0.0227107 0.667242 0.920617 0.518679 -3.568 -5.32009 -819.731 0 
10 830.047 0.326274 0.0226569 0.660792 0.874655 0.476499 -3.2535 -6.79568 -819.998 0 
15 832.145 0.336837 0.0224239 0.653226 0.866355 0.494629 -0.901964 -10.6847 -820.558 0 
109 829.897 0.338042 0.0223626 0.64897 0.871499 0.437707 -0.396243 -8.61635 -820.884 0 
6 829.744 0.329336 0.0222235 0.654761 0.878759 0.463076 -2.35817 -7.09055 -820.295 0 
2 829.907 0.326297 0.0221527 0.658405 0.864612 0.495588 -2.7295 -7.30375 -819.874 0 
5 831.577 0.31553 0.0222817 0.667655 0.860103 0.488533 -7.01137 -5.11369 -819.452 0 
2 829.371 0.306816 0.0225287 0.676455 0.837935 0.491144 -5.39862 -4.54371 -819.429 0 
9 826.667 0.314459 0.0226495 0.669411 0.826653 0.427473 -2.39733 -4.85192 -819.418 0 
1 826.866 0.312721 0.0226867 0.670125 0.853132 0.431937 -2.78539 -4.6726 -819.408 0 
9 827.709 0.306516 0.0227479 0.67644 0.866789 0.464398 -3.74515 -4.60169 -819.362 0 
8 828.234 0.321351 0.0225608 0.664162 0.821104 0.433414 -2.54763 -6.07138 -819.615 0 
19 827.161 0.318796 0.0225646 0.665275 0.799999 0.34688 -2.59342 -5.01636 -819.551 0 
12 827.481 0.324474 0.022483 0.657687 0.851344 0.311601 -1.57727 -5.37808 -820.525 0 
6 828.421 0.314169 0.0225144 0.665496 0.84733 0.32181 -3.77212 -4.89706 -819.752 0 
10 827.738 0.310605 0.022535 0.670403 0.866753 0.365662 -3.01031 -4.89042 -819.837 0 
27 828.998 0.32391 0.0226118 0.662512 0.814721 0.293941 -1.60583 -6.72427 -820.668 0 
4 828.848 0.310013 0.0225446 0.66947 0.820519 0.26188 -4.24621 -4.96951 -819.633 0 
29 827.55 0.317283 0.0224965 0.665 0.833948 0.284948 -1.84142 -5.30781 -820.401 0 
12 827.684 0.324683 0.0224583 0.658518 0.801064 0.244728 -1.54168 -5.74599 -820.396 0 
50 829.195 0.321076 0.0227838 0.662115 0.802202 0.175918 -4.06966 -4.99376 -820.132 0 
13 829.68 0.311618 0.0227666 0.668826 0.809723 0.224309 -5.10833 -4.93581 -819.636 0 
17 827.44 0.316787 0.0225331 0.664902 0.785764 0.207142 -2.6118 -4.9304 -819.898 0 
25 828.86 0.333274 0.022305 0.653131 0.745583 0.204289 -0.257955 -8.06033 -820.541 0 
1 831.875 0.331567 0.0225043 0.654672 0.789694 0.237458 -3.1631 -7.71816 -820.994 0 
7 831.333 0.317231 0.0224046 0.664297 0.880277 0.328918 -5.23562 -5.33863 -820.759 0 
34 828.415 0.324559 0.0225142 0.65867 0.864803 0.279132 -1.12169 -5.89553 -821.397 0 
45 828.668 0.31819 0.0225011 0.664399 0.817061 0.310269 -3.31355 -5.32068 -820.034 0 
10 829.015 0.313621 0.0227308 0.668149 0.847168 0.286914 -3.95954 -4.93555 -820.12 0 
18 829.214 0.31614 0.0228109 0.667317 0.815134 0.287921 -4.66917 -4.83112 -819.714 0 
6 829.366 0.3107 0.0227341 0.672186 0.803272 0.317946 -5.22963 -4.73439 -819.402 0 
12 827.864 0.326619 0.0226075 0.660423 0.740808 0.271321 -1.74575 -6.38147 -819.737 0 
7 826.387 0.322684 0.022507 0.662067 0.728441 0.220811 -0.976965 -5.75183 -819.658 0 
18 826.125 0.319759 0.0223759 0.665673 0.691778 0.26103 -0.400532 -6.25926 -819.466 0 
7 826.473 0.322033 0.0225635 0.662295 0.671629 0.162649 -1.93335 -5.16478 -819.375 0 
10 826.903 0.313404 0.0226489 0.670156 0.690765 0.223431 -2.94238 -4.61926 -819.341 0 
12 827.119 0.307985 0.0226862 0.674125 0.735523 0.225447 -3.25679 -4.55044 -819.312 0 
9 826.752 0.310172 0.0226812 0.672932 0.737111 0.208912 -2.73852 -4.6285 -819.385 0 
3 829.223 0.319689 0.0227638 0.666328 0.721664 0.189244 -4.30623 -5.34784 -819.569 0 
4 829.808 0.319392 0.0226215 0.665308 0.704671 0.158662 -4.76418 -5.48585 -819.558 0 
12 828.769 0.309701 0.0226044 0.670704 0.74629 0.135268 -4.54036 -4.88647 -819.342 0 
4 827.64 0.311504 0.0226765 0.670658 0.721307 0.101619 -3.64455 -4.59938 -819.396 0 
2 826.868 0.308728 0.0225665 0.672475 0.739687 0.132665 -2.79748 -4.64611 -819.424 0 
9 826.151 0.311248 0.0224209 0.671119 0.688834 0.120756 -2.11306 -4.68743 -819.35 0 
43 826.197 0.308941 0.0225333 0.673076 0.696728 0.10159 -2.29799 -4.56571 -819.333 0 
35 825.459 0.320137 0.0224578 0.663806 0.676948 0.0925226 -0.745343 -5.26769 -819.446 0 
6 827.216 0.328643 0.0223809 0.658218 0.650343 0.12084 -0.745835 -6.91013 -819.56 0 
9 827.113 0.311586 0.0225036 0.668813 0.703152 0.0918695 -3.23395 -4.57569 -819.303 0 
40 826.51 0.312175 0.0225751 0.672887 0.642779 0.112625 -1.98443 -5.16329 -819.362 0 
30 826.353 0.311704 0.0226729 0.671026 0.686242 0.112836 -2.52429 -4.5182 -819.311 0 
22 828.722 0.317247 0.0226914 0.67062 0.634029 0.131138 -3.33817 -5.98052 -819.403 0 
16 825.283 0.316769 0.0224388 0.667571 0.636242 0.134143 -0.692926 -5.22072 -819.37 0 
8 826.706 0.317961 0.0225255 0.667331 0.637191 0.140988 -2.29862 -5.0359 -819.372 0 
9 826.906 0.310722 0.0226025 0.672338 0.667186 0.127729 -2.99826 -4.57726 -819.331 0 
32 825.897 0.31043 0.022504 0.671734 0.666451 0.136358 -2.0536 -4.50574 -819.338 0 
6 825.305 0.315187 0.0224779 0.668113 0.680316 0.179977 -1.1311 -4.82656 -819.347 0 
16 825.537 0.312921 0.0225683 0.6699 0.695019 0.186612 -1.62956 -4.58116 -819.326 0 
29 825.591 0.308241 0.0224796 0.67463 0.688771 0.197818 -1.64406 -4.61427 -819.333 0 
115 826.412 0.308543 0.0226849 0.674996 0.691232 0.207187 -2.57474 -4.49483 -819.342 0 
9 826.888 0.315519 0.0225868 0.668228 0.647483 0.236519 -2.7204 -4.67881 -819.489 0 
8 826.275 0.308384 0.0224874 0.674125 0.644736 0.256066 -2.11643 -4.41465 -819.744 0 
15 826.916 0.313533 0.0223849 0.672229 0.594737 0.280131 -1.7989 -5.26501 -819.852 0 
13 828.772 0.309986 0.0223532 0.673426 0.545157 0.197497 -3.88031 -4.51054 -820.382 0 
25 828.433 0.304082 0.0223709 0.677722 0.559645 0.215211 -3.43831 -4.40722 -820.587 0 
44 828.769 0.319869 0.0221894 0.667365 0.56097 0.240258 -1.60296 -7.54995 -819.616 0 
15 827.905 0.319585 0.0222524 0.66655 0.540212 0.210639 -1.29857 -6.88245 -819.724 0 
44 828.098 0.324892 0.0222786 0.662964 0.471074 0.169416 -0.282958 -7.85868 -819.957 0 
2 830.57 0.319925 0.0222921 0.666847 0.519218 0.188727 -4.63602 -5.9917 -819.942 0 
13 828.216 0.31228 0.0222299 0.671538 0.509423 0.18358 -2.84117 -5.00994 -820.365 0 
5 829.532 0.319307 0.0221183 0.666589 0.510507 0.194433 -2.59077 -7.09686 -819.844 0 
24 826.7 0.316603 0.0225123 0.670509 0.465251 0.130332 -0.718309 -5.57118 -820.411 0 
1 829.293 0.313267 0.0226138 0.675344 0.455838 0.169971 -2.65796 -6.16364 -820.472 0 
8 828.855 0.312776 0.0226535 0.675919 0.518469 0.197518 -3.01609 -5.78092 -820.058 0 
1 829.997 0.315512 0.0225472 0.674414 0.448824 0.179641 -2.7551 -6.88461 -820.358 0 
19 826.515 0.308464 0.022545 0.677863 0.47715 0.168734 -0.79017 -5.01225 -820.713 0 
26 827.827 0.313087 0.0225497 0.675203 0.482565 0.182502 -1.65985 -5.83949 -820.327 0 
1 829.961 0.321651 0.0222865 0.667464 0.476724 0.14382 -0.894263 -9.34337 -819.724 0 
31 829.399 0.320666 0.0221549 0.666695 0.476954 0.131455 -1.80274 -7.76819 -819.828 0 
13 826.963 0.310143 0.0222766 0.675074 0.520522 0.192002 -1.44531 -5.39937 -820.118 0 
24 826.888 0.315377 0.0225173 0.671683 0.526493 0.181199 -1.43282 -5.44639 -820.009 0 
9 826.658 0.314933 0.0224995 0.669524 0.596698 0.156098 -2.37471 -4.65703 -819.626 0 
25 826.312 0.31539 0.0223667 0.668132 0.584318 0.127233 -1.95172 -4.73926 -819.621 0 
39 825.508 0.312241 0.0223721 0.672325 0.618187 0.188845 -0.865513 -5.18774 -819.454 0 
13 826.323 0.31481 0.0222923 0.670363 0.561078 0.175886 -0.984353 -5.67487 -819.664 0 
79 827.307 0.31531 0.0222634 0.668972 0.554274 0.170723 -2.03574 -5.54886 -819.723 0 
3 826.688 0.321179 0.0223141 0.664725 0.574076 0.152638 -0.657412 -6.54699 -819.484 0 
1 827.218 0.317736 0.0222377 0.666906 0.635725 0.178107 -1.68249 -6.12865 -819.407 0 
8 827.221 0.309746 0.0224499 0.671013 0.662557 0.16585 -3.31982 -4.46635 -819.435 0 
14 825.637 0.308794 0.0225445 0.67466 0.64957 0.183411 -1.65721 -4.5674 -819.413 0 
73 826.867 0.314371 0.0226539 0.67215 0.603928 0.148133 -2.1683 -5.23801 -819.461 0 
83 826.668 0.313838 0.0226717 0.671945 0.617624 0.175584 -2.28804 -4.89904 -819.481 0 
2 826.496 0.312378 0.0226079 0.670124 0.639458 0.163592 -2.57298 -4.42426 -819.499 0 
5 827.771 0.327249 0.0223258 0.660627 0.627049 0.205061 -0.0327873 -8.22201 -819.516 0 
26 827.706 0.328813 0.0223349 0.659144 0.643346 0.242868 -0.0588334 -8.1315 -819.516 0 
2 825.701 0.318054 0.0223983 0.665719 0.679821 0.257584 -1.34506 -4.98214 -819.374 0 
26 826.02 0.317647 0.0223291 0.666708 0.682668 0.26416 -1.09709 -5.53523 -819.388 0 
8 827.694 0.317611 0.0222624 0.667888 0.658589 0.320246 -2.25954 -5.95203 -819.482 0 
6 828.03 0.314918 0.0223336 0.669958 0.60284 0.276434 -2.55271 -5.80833 -819.669 0 
106 825.805 0.315018 0.0224448 0.671395 0.565437 0.214458 -0.465464 -5.5792 -819.76 0 
22 825.935 0.313851 0.0223911 0.672245 0.567098 0.2101 -0.629348 -5.57236 -819.733 0 
11 825.409 0.313157 0.022471 0.672863 0.586813 0.212413 -0.32161 -5.45615 -819.631 0 
4 826.964 0.319946 0.0224118 0.667329 0.559082 0.220453 -1.05556 -6.19424 -819.715 0 
4 827.084 0.320487 0.0222609 0.666131 0.578692 0.231224 -0.609931 -6.91527 -819.559 0 
1 827.003 0.31624 0.0224698 0.672116 0.55441 0.224391 -0.490411 -6.83094 -819.682 0 
22 827.812 0.321606 0.0222187 0.664987 0.59127 0.24174 -0.873136 -7.43007 -819.509 0 
16 826.359 0.312115 0.0223723 0.670459 0.625116 0.238688 -2.12558 -4.54169 -819.692 0 
35 827.412 0.30749 0.0224681 0.678679 0.60528 0.30625 -2.47155 -4.92447 -820.016 0 
54 826.863 0.301789 0.0225383 0.681183 0.629748 0.240686 -2.64615 -4.39234 -819.825 0 
2 828.572 0.299889 0.0223883 0.681601 0.637277 0.273775 -4.12828 -4.41111 -820.033 0 
21 825.889 0.310558 0.0224546 0.673852 0.636017 0.257652 -1.56788 -4.71868 -819.602 0 
55 825.535 0.310565 0.0224316 0.675158 0.59881 0.233768 -0.657045 -5.22528 -819.653 0 
52 825.995 0.31283 0.0224598 0.673548 0.527307 0.174744 -0.424064 -5.63509 -819.936 0 
10 825.72 0.315183 0.0224784 0.67144 0.546547 0.143556 -0.30447 -5.72665 -819.688 0 
2 827.828 0.314949 0.022591 0.671206 0.537885 0.108755 -3.07466 -4.81847 -819.934 0 
37 825.809 0.309351 0.0224973 0.677175 0.508989 0.139736 -0.425027 -5.28102 -820.103 0 
136 826.042 0.309343 0.0223905 0.676175 0.510615 0.136569 -0.806496 -5.09341 -820.142 0 
9 825.765 0.310884 0.0224414 0.675744 0.512182 0.12286 -0.266603 -5.5583 -819.94 0 
19 827.633 0.312914 0.022636 0.673082 0.514946 0.0737824 -2.77568 -4.66874 -820.188 0 
23 828.133 0.301718 0.0226506 0.683526 0.472049 0.143806 -2.22165 -4.46564 -821.445 0 
50 826.904 0.308658 0.0225451 0.676186 0.469184 0.0916522 -1.40468 -4.53483 -820.964 0 
8 826.81 0.303827 0.0226051 0.681254 0.521557 0.127611 -1.85656 -4.45409 -820.5 0 
6 828.499 0.299002 0.0226992 0.686442 0.510288 0.165286 -3.14473 -4.4429 -820.911 0 
9 828.506 0.297341 0.0225853 0.686691 0.536718 0.148825 -3.20852 -4.49017 -820.807 0 
32 827.01 0.301895 0.0226326 0.682137 0.547273 0.159801 -2.12434 -4.4032 -820.482 0 
72 828.031 0.303772 0.0227338 0.681337 0.529639 0.10582 -3.13836 -4.41069 -820.482 0 
10 828.798 0.30403 0.0227182 0.680841 0.507262 0.0470836 -3.8103 -4.4324 -820.555 0 
120 826.194 0.305445 0.0226201 0.680687 0.546701 0.0676454 -1.6414 -4.70279 -819.85 0 
26 827.866 0.300529 0.0226788 0.683299 0.522511 0.076343 -2.61796 -4.47461 -820.773 0 
16 827.492 0.308537 0.0222599 0.676742 0.488473 0.0969125 -1.98789 -5.34782 -820.156 0 
4 827.22 0.308787 0.0222982 0.67491 0.531736 0.0933474 -2.48374 -4.7526 -819.984 0 
1 826.574 0.309621 0.0224853 0.676149 0.585071 0.119548 -2.05571 -4.96847 -819.55 0 
45 826.845 0.305964 0.0226111 0.676279 0.619922 0.0963127 -2.83123 -4.4114 -819.603 0 
22 825.655 0.310844 0.0226127 0.673724 0.604383 0.0955117 -1.55194 -4.58474 -819.518 0 
12 825.608 0.317797 0.0225539 0.666874 0.601609 0.128221 -1.18492 -4.94051 -819.483 0 
54 826.281 0.307067 0.0226049 0.678112 0.625292 0.192866 -2.14229 -4.58933 -819.549 0 
25 826.15 0.309013 0.0225454 0.673069 0.626725 0.143184 -2.15221 -4.40984 -819.588 0 
21 825.906 0.309838 0.0223649 0.673701 0.655684 0.207782 -1.58653 -4.94115 -819.378 0 
13 827.056 0.315942 0.022561 0.67169 0.609915 0.142936 -1.61582 -6.02929 -819.411 0 
2 830.019 0.308057 0.0224431 0.672363 0.670869 0.125455 -6.24893 -4.43693 -819.333 0 
10 829.9 0.321495 0.0221981 0.663063 0.64949 0.0907226 -4.3658 -6.06197 -819.472 0 
12 828.469 0.321796 0.0224625 0.665191 0.603832 0.0452936 -1.92004 -7.09609 -819.453 0 
20 826.082 0.319242 0.0225466 0.667169 0.628599 0.0499903 -0.802653 -5.87515 -819.404 0 
31 829.485 0.323499 0.0226823 0.664658 0.618444 0.0337602 -3.59826 -6.4529 -819.433 0 
12 828.686 0.319625 0.0226226 0.666582 0.612857 0.0156515 -3.54999 -5.74957 -819.386 0 
4 825.199 0.314872 0.0225227 0.669785 0.618176 0.0240728 -0.91191 -4.91114 -819.376 0 
64 825.402 0.316028 0.0225167 0.668037 0.637006 0.00292306 -1.08374 -4.96711 -819.351 0 
135 825.48 0.317314 0.0224727 0.667873 0.595914 0.00527466 -0.632246 -5.44417 -819.404 0 
69 825.647 0.318074 0.0224066 0.668062 0.591544 0.0243368 -0.13537 -6.10408 -819.408 0 
66 825.547 0.311836 0.0224533 0.670991 0.630142 0.0261435 -1.55765 -4.62314 -819.366 0 
105 825.736 0.311208 0.0223938 0.671906 0.637216 0.0301745 -1.6006 -4.78891 -819.346 0 
5 830.153 0.307972 0.0224025 0.670955 0.717974 0.0733138 -6.19252 -4.64245 -819.318 0 
7 827.592 0.316786 0.0224456 0.667273 0.675182 0.0524659 -3.18524 -5.00394 -819.403 0 
6 827.92 0.310773 0.0225269 0.669608 0.727945 0.0665549 -3.88935 -4.61938 -819.411 0 
20 828.241 0.324369 0.0225794 0.663673 0.660161 0.128356 -1.70694 -6.93585 -819.598 0 
10 828.437 0.320724 0.0226508 0.664881 0.648142 0.0745174 -3.57954 -5.46416 -819.393 0 
15 828.38 0.318412 0.0227628 0.667192 0.668787 0.105404 -4.05078 -4.96468 -819.364 0 
4 828.524 0.317756 0.0227222 0.668687 0.680134 0.177936 -4.00888 -5.13734 -819.378 0 
11 827.531 0.315502 0.0227327 0.669402 0.629481 0.121737 -3.54389 -4.54789 -819.44 0 
27 826.66 0.320228 0.0225594 0.666784 0.597839 0.122955 -1.48707 -5.74614 -819.427 0 
3 825.979 0.314723 0.0225751 0.668919 0.667825 0.187712 -1.89951 -4.72792 -819.351 0 
77 825.965 0.313096 0.0224797 0.669337 0.691849 0.217747 -1.99882 -4.62888 -819.337 0 
22 825.898 0.315404 0.022557 0.666423 0.691189 0.130899 -2.04797 -4.53486 -819.315 0 
47 826.145 0.314526 0.0226546 0.669878 0.666214 0.162768 -2.06831 -4.73342 -819.344 0 
46 826.646 0.311902 0.0226761 0.672142 0.646092 0.166797 -2.68482 -4.54705 -819.414 0 
18 826.313 0.316625 0.0224715 0.669422 0.621537 0.20482 -1.45315 -5.41284 -819.447 0 
1 827.397 0.318888 0.022425 0.666747 0.61705 0.202215 -1.83822 -6.12891 -819.43 0 
12 826.44 0.319326 0.0225407 0.667722 0.568487 0.208232 -1.07415 -5.65914 -819.707 0 
39 827.215 0.319392 0.02251 0.66868 0.558963 0.236719 -0.852614 -6.64989 -819.713 0 
5 829.96 0.31903 0.0224113 0.670139 0.578734 0.312116 -1.69059 -8.59652 -819.673 0 
4 829.615 0.310426 0.0223724 0.670175 0.70641 0.243584 -5.77777 -4.50564 -819.332 0 
14 829.4 0.31291 0.0223883 0.667093 0.713301 0.217946 -5.50611 -4.57586 -819.318 0 
18 826.069 0.319531 0.0224862 0.666524 0.715216 0.268802 -0.36077 -6.17245 -819.536 0 
5 826.284 0.313209 0.0226425 0.66978 0.719891 0.246518 -2.38467 -4.57065 -819.329 0 
36 826.864 0.307981 0.0225728 0.674447 0.705654 0.276434 -3.01934 -4.46679 -819.378 0 
24 827.122 0.303052 0.0225371 0.678497 0.685472 0.278448 -3.05652 -4.45626 -819.609 0 
71 826.62 0.305392 0.0223789 0.677421 0.647257 0.28345 -2.39878 -4.52644 -819.695 0 
10 825.922 0.30624 0.0224946 0.677393 0.663748 0.302646 -1.75481 -4.47373 -819.694 0 
66 825.739 0.308467 0.0225895 0.677624 0.643569 0.282483 -1.20255 -4.96128 -819.575 0 
7 826.209 0.313472 0.022641 0.670018 0.664597 0.206347 -2.28133 -4.52931 -819.399 0 
23 826.188 0.315377 0.0225858 0.670842 0.687092 0.282845 -1.24899 -5.54924 -819.39 0 
14 828.514 0.320127 0.0224428 0.665732 0.712455 0.282132 -3.43324 -5.64844 -819.432 0 
28 826.741 0.325028 0.0225361 0.662073 0.678019 0.240559 -0.855738 -6.42094 -819.464 0 
1 827.573 0.320705 0.0225986 0.666528 0.694047 0.259295 -1.72389 -6.36531 -819.483 0 
5 827.836 0.314955 0.0226318 0.672931 0.676381 0.297691 -2.51018 -5.91259 -819.413 0 
5 827.783 0.310471 0.0224317 0.672211 0.699721 0.260449 -3.87442 -4.54637 -819.362 0 
29 827.134 0.309532 0.022526 0.673512 0.666406 0.192981 -3.13572 -4.63864 -819.36 0 
2 827.54 0.310405 0.022699 0.67284 0.659903 0.165743 -3.69319 -4.45505 -819.391 0 
45 826.285 0.316557 0.0226281 0.667948 0.657745 0.147957 -2.05782 -4.87772 -819.35 0 
36 825.967 0.312644 0.0224655 0.669463 0.689225 0.122713 -1.98676 -4.63895 -819.341 0 
1 826.96 0.315211 0.0225513 0.668726 0.692553 0.10357 -2.76629 -4.80652 -819.387 0 
4 827.601 0.323109 0.022571 0.661109 0.720101 0.0950213 -2.29947 -5.51515 -819.786 0 
27 829.092 0.317496 0.0226244 0.667379 0.689294 0.120097 -4.87612 -4.84 -819.376 0 
12 827.106 0.311785 0.0225321 0.670842 0.706291 0.194635 -3.21525 -4.5723 -819.319 0 
15 825.666 0.31536 0.0224682 0.66851 0.673605 0.218759 -1.25868 -5.04541 -819.362 0 
39 825.844 0.319811 0.0225124 0.66661 0.642347 0.197866 -0.520339 -5.92453 -819.399 0 
13 827.393 0.311286 0.0223618 0.670332 0.650274 0.233996 -3.37306 -4.4998 -819.521 0 
7 827.677 0.321482 0.0222537 0.662438 0.650241 0.209164 -2.85354 -5.43955 -819.384 0 
10 826.616 0.315591 0.0223164 0.670258 0.623805 0.212073 -1.17847 -6.01259 -819.425 0 
30 826.059 0.311459 0.0223285 0.673461 0.585612 0.215826 -1.10829 -5.27288 -819.677 0 
46 826.305 0.309466 0.0223623 0.673485 0.65362 0.221565 -2.21661 -4.65672 -819.431 0 
69 825.952 0.318516 0.0223852 0.666545 0.695598 0.20498 -0.502723 -5.92522 -819.525 0 
5 826.717 0.319896 0.0226005 0.663874 0.71964 0.163301 -2.12306 -5.06288 -819.531 0 
7 826.934 0.320262 0.0225678 0.664733 0.723534 0.183578 -2.07653 -5.2791 -819.578 0 
13 827.647 0.321711 0.0225044 0.66142 0.768974 0.228062 -2.36545 -5.38517 -819.896 0 
47 827.681 0.32526 0.022448 0.660856 0.760374 0.221759 -0.561188 -6.81569 -820.304 0 
83 827.4 0.330175 0.0223817 0.655239 0.713313 0.133406 -0.517922 -6.84846 -820.033 0 
16 826.953 0.326233 0.0223988 0.657716 0.738729 0.161261 -1.43353 -5.6363 -819.883 0 
8 826.205 0.323344 0.0224577 0.661214 0.727953 0.153975 -0.655916 -5.72827 -819.821 0 
114 826.828 0.324275 0.0224839 0.659425 0.708416 0.0935796 -1.67534 -5.47322 -819.68 0 
34 827.215 0.321284 0.0224199 0.659988 0.74781 0.159097 -2.67127 -4.88131 -819.662 0 
13 827.525 0.323688 0.0223939 0.659211 0.785987 0.220971 -1.91367 -5.4573 -820.154 0 
20 826.948 0.323598 0.0226563 0.66066 0.760421 0.194025 -1.95943 -5.17777 -819.81 0 
4 826.873 0.326562 0.0226074 0.658056 0.738646 0.169622 -1.60301 -5.47558 -819.795 0 
34 826.062 0.320325 0.0226039 0.664706 0.702799 0.204694 -1.36311 -5.26231 -819.437 0 
13 826.988 0.317747 0.02259 0.669269 0.689967 0.220791 -1.46215 -6.04038 -819.485 0 
22 826.186 0.322281 0.0224645 0.663614 0.699198 0.220713 -0.318711 -6.29468 -819.572 0 
15 825.331 0.314741 0.0224441 0.668935 0.672309 0.199151 -1.09946 -4.87972 -819.352 0 
12 828.431 0.312466 0.0222952 0.668481 0.641839 0.144845 -4.53022 -4.47795 -819.423 0 
29 826.617 0.322345 0.0223104 0.663392 0.656225 0.175423 -0.516951 -6.60994 -819.49 0 
6 825.356 0.319992 0.0224323 0.663946 0.670932 0.164181 -0.853482 -5.13053 -819.372 0 
119 825.733 0.321319 0.0225958 0.663175 0.685304 0.120299 -1.26148 -5.05649 -819.415 0 
74 826.058 0.322945 0.0226115 0.661317 0.70403 0.135788 -1.49401 -5.07948 -819.484 0 
18 826.903 0.320058 0.0226336 0.664613 0.737663 0.177193 -1.85101 -5.33471 -819.717 0 
2 827.272 0.327241 0.0224763 0.658651 0.760561 0.223087 -0.305061 -6.70316 -820.263 0 
2 825.88 0.318113 0.0225096 0.664679 0.738926 0.217608 -1.46512 -4.91398 -819.501 0 
7 827.72 0.314757 0.0223076 0.667271 0.72086 0.256634 -3.56956 -4.79073 -819.36 0 
4 825.416 0.317423 0.0224272 0.667509 0.655118 0.228961 -0.716068 -5.31001 -819.39 0 
55 828.575 0.319823 0.0222159 0.666238 0.660295 0.301467 -1.61604 -7.49666 -819.463 0 
2 829.623 0.32546 0.0222893 0.662909 0.639245 0.272673 -2.02162 -8.11348 -819.488 0 
3 827.013 0.313128 0.022407 0.669243 0.656367 0.263794 -2.87232 -4.62153 -819.519 0 
21 826.979 0.316818 0.0224921 0.669394 0.686336 0.306903 -2.10774 -5.46695 -819.405 0 
49 826.484 0.31629 0.0223064 0.667261 0.68425 0.309199 -1.80649 -5.26365 -819.414 0 
7 828.659 0.321476 0.0225583 0.665578 0.689426 0.309085 -2.61083 -6.60999 -819.439 0 
5 828.391 0.315459 0.0225676 0.669069 0.728605 0.30607 -3.68247 -5.30692 -819.402 0 
18 825.917 0.311892 0.0224407 0.672928 0.733785 0.345321 -1.39887 -5.1403 -819.378 0 
11 826.68 0.309276 0.0224402 0.673655 0.678622 0.320113 -2.55122 -4.46952 -819.659 0 
83 826.209 0.310374 0.0225531 0.673221 0.649459 0.281028 -1.99722 -4.55321 -819.659 0 
15 827.294 0.318278 0.0225848 0.669322 0.653077 0.272362 -1.90128 -5.96588 -819.427 0 
3 827.676 0.325583 0.0224194 0.663028 0.58198 0.196156 -0.322158 -7.87168 -819.482 0 
33 827.648 0.323439 0.0223212 0.664209 0.558259 0.183048 -0.298888 -7.82598 -819.523 0 
39 828.563 0.318068 0.0221609 0.667572 0.529295 0.216333 -2.15218 -6.55287 -819.857 0 
24 830.37 0.32342 0.0221634 0.661955 0.523939 0.203835 -3.53093 -7.04722 -819.792 0 
9 829.983 0.320096 0.0221954 0.666876 0.570456 0.283207 -3.32087 -6.91183 -819.75 0 
17 827.453 0.323953 0.0222663 0.663045 0.559773 0.248171 -0.79027 -6.96695 -819.696 0 
15 828.438 0.322724 0.0223047 0.665375 0.525213 0.232089 -0.529521 -8.15923 -819.749 0 
25 828.152 0.317762 0.0223027 0.667336 0.573722 0.240373 -3.01582 -5.28783 -819.848 0 
2 827.772 0.314963 0.0222967 0.67188 0.571622 0.305543 -1.6145 -6.18649 -819.971 0 
6 828.258 0.314506 0.0222214 0.669364 0.537336 0.232298 -2.76011 -5.34189 -820.156 0 
9 827.59 0.315721 0.0223142 0.669995 0.533044 0.274723 -1.73964 -5.445 -820.406 0 
24 826.053 0.316253 0.0224654 0.670264 0.56566 0.209679 -0.462308 -5.89932 -819.692 0 
94 825.638 0.315308 0.0223644 0.669917 0.579797 0.204586 -0.545086 -5.43809 -819.655 0 
12 826.684 0.30869 0.0223784 0.673787 0.61961 0.181065 -2.59645 -4.48302 -819.604 0 
38 826.151 0.31592 0.0225551 0.670888 0.580449 0.123144 -1.11011 -5.54223 -819.499 0 
13 826.081 0.309123 0.0224861 0.673269 0.594649 0.113372 -1.92609 -4.40858 -819.746 0 
13 828.943 0.307423 0.0223009 0.673834 0.583911 0.10713 -4.7544 -4.43112 -819.757 0 
13 827.131 0.309255 0.0225109 0.675622 0.553367 0.0838208 -2.67095 -4.58253 -819.877 0 
26 828.047 0.300689 0.0224357 0.680681 0.589277 0.0623014 -3.69865 -4.45147 -819.897 0 
8 828.791 0.310627 0.0226259 0.67486 0.524779 0.0300656 -3.94779 -4.92155 -819.922 0 
1 829.263 0.309675 0.0227234 0.677713 0.503819 0.0370319 -4.28212 -4.80449 -820.177 0 
7 827.971 0.303306 0.0225788 0.678681 0.543101 0.0315295 -3.0505 -4.4686 -820.452 0 
21 827.619 0.299436 0.0226911 0.684662 0.552261 0.088644 -2.79702 -4.45079 -820.371 0 
18 826.549 0.310341 0.022412 0.672504 0.580058 0.0657412 -2.31785 -4.6096 -819.621 0 
9 829.152 0.320543 0.0221568 0.66534 0.564226 0.0565683 -2.1762 -7.52185 -819.454 0 
14 827.861 0.309187 0.0223188 0.672765 0.638448 0.0534935 -3.94321 -4.55907 -819.359 0 
4 829.005 0.319344 0.0222841 0.665724 0.612689 0.094157 -3.98051 -5.63498 -819.389 0 
12 827.967 0.311746 0.0224916 0.669772 0.620757 0.063694 -4.07041 -4.42648 -819.47 0 
85 825.442 0.313347 0.022576 0.670177 0.644762 0.0816419 -1.46757 -4.62647 -819.348 0 
89 825.993 0.315961 0.0224316 0.667652 0.683526 0.112865 -1.28882 -5.24755 -819.456 0 
23 826.784 0.32322 0.0223754 0.661856 0.705072 0.0763875 -0.553652 -6.31881 -819.912 0 
88 826.746 0.310788 0.0225835 0.670448 0.720741 0.0395931 -2.72764 -4.64708 -819.371 0 
27 827.646 0.321817 0.0226542 0.663041 0.705497 0.048721 -2.61453 -5.37405 -819.657 0 
58 826.418 0.319103 0.0225152 0.664891 0.674312 0.0227151 -1.69079 -5.26649 -819.461 0 
33 826.738 0.311592 0.0226005 0.669425 0.690967 0.0149243 -2.84966 -4.59305 -819.295 0 
115 825.166 0.314788 0.0225217 0.669937 0.635748 0.0287012 -0.762795 -5.04782 -819.355 0 
19 825.687 0.319309 0.0223842 0.66522 0.650922 0.00413962 -0.603316 -5.64441 -819.439 0 
17 827.288 0.317648 0.0223528 0.669092 0.608141 0.00628735 -1.34587 -6.51351 -819.429 0 
44 827.161 0.324739 0.0223619 0.662474 0.621992 0.0136408 -0.00751733 -7.58738 -819.566 0 
111 827.374 0.310272 0.022506 0.670946 0.668691 0.015178 -3.51115 -4.54181 -819.321 0 
22 825.887 0.310353 0.0225445 0.671691 0.662234 0.0582598 -2.07604 -4.48587 -819.325 0 
23 825.984 0.317568 0.0225948 0.668119 0.643121 0.0353095 -1.23885 -5.36334 -819.382 0 
52 825.926 0.315272 0.0225138 0.67049 0.633286 0.0306946 -1.17783 -5.37437 -819.374 0 
17 825.647 0.315405 0.0224998 0.670849 0.625785 0.0737934 -0.454779 -5.79896 -819.394 0 
16 826.102 0.303763 0.0225638 0.678698 0.645262 0.0432402 -2.27113 -4.44603 -819.385 0 
6 825.875 0.307007 0.0225555 0.675419 0.679264 0.086094 -2.04503 -4.51892 -819.312 0 
3 826.431 0.309167 0.0226536 0.673476 0.662612 0.0659803 -2.6301 -4.47084 -819.33 0 
18 825.958 0.318276 0.0226207 0.666445 0.638787 0.0343396 -1.8131 -4.79776 -819.347 0 
20 828.856 0.31722 0.0225076 0.66581 0.618635 0.00495094 -4.65552 -4.82399 -819.377 0 
17 827.91 0.302222 0.0225279 0.678762 0.644796 0.089556 -3.73866 -4.63388 -819.537 0 
21 827.519 0.308805 0.0224414 0.671917 0.608731 0.0406894 -3.42638 -4.43545 -819.657 0 
11 826.801 0.31077 0.0225846 0.672856 0.590037 0.0156521 -2.69695 -4.43534 -819.669 0 
14 826.991 0.312849 0.0226126 0.672513 0.594056 0.0212767 -2.80227 -4.68953 -819.499 0 
6 827.231 0.319063 0.0222435 0.664529 0.611044 0.0312198 -2.30461 -5.54518 -819.381 0 
7 825.636 0.319663 0.0224122 0.663834 0.615871 0.0281091 -1.23345 -5.02794 -819.375 0 
3 825.213 0.314663 0.0225141 0.670369 0.61047 0.0775539 -0.678182 -5.13969 -819.395 0 
6 826.932 0.316029 0.0223715 0.66774 0.644573 0.0852508 -2.10193 -5.4436 -819.386 0 
21 826.891 0.323812 0.0223283 0.663101 0.617507 0.122603 -0.109906 -7.30183 -819.48 0 
2 826.145 0.313953 0.0223792 0.668461 0.643035 0.130947 -2.1386 -4.63556 -819.371 0 
4 825.15 0.310519 0.0225237 0.673579 0.657815 0.213586 -1.05299 -4.69675 -819.401 0 
88 825.22 0.316658 0.0224632 0.667587 0.616055 0.146721 -0.896249 -4.87592 -819.448 0 
86 825.503 0.318893 0.0223805 0.664658 0.620743 0.122614 -1.10593 -5.00108 -819.396 0 
36 825.464 0.320125 0.022462 0.664785 0.636949 0.132659 -0.844631 -5.24943 -819.37 0 
6 826.367 0.310823 0.022616 0.674693 0.654739 0.160253 -2.15251 -4.85822 -819.357 0 
12 830.179 0.300522 0.0227714 0.681298 0.660313 0.195461 -5.7909 -4.69067 -819.697 0 
6 828.982 0.311519 0.0227804 0.674073 0.614887 0.174917 -4.85052 -4.49081 -819.641 0 
4 828.269 0.308916 0.0226 0.67487 0.618969 0.230623 -4.00271 -4.55131 -819.715 0 
61 828.194 0.29973 0.0224287 0.683647 0.615044 0.308752 -3.3074 -4.41483 -820.472 0 
9 828.444 0.304118 0.0225262 0.68163 0.611638 0.341085 -3.42425 -4.56502 -820.455 0 
14 827.281 0.314212 0.0224669 0.673698 0.555777 0.327351 -0.574859 -6.48392 -820.222 0 
1 830.474 0.304206 0.022422 0.678598 0.582958 0.330127 -5.05442 -4.51549 -820.904 0 
78 826.753 0.301353 0.0224961 0.683122 0.603026 0.352917 -1.44283 -4.52584 -820.784 0 
26 826.584 0.306895 0.022422 0.67626 0.614754 0.302833 -1.89351 -4.45421 -820.236 0 
15 827.419 0.31158 0.0222702 0.67403 0.569425 0.309564 -1.35205 -5.99088 -820.076 0 
15 827.605 0.306567 0.0223273 0.676697 0.546186 0.250313 -2.40379 -4.56025 -820.641 0 
76 826.406 0.302872 0.0224315 0.683071 0.547296 0.323102 -0.526077 -4.98095 -820.899 0 
73 827.366 0.298001 0.0225087 0.686024 0.588559 0.314925 -1.95482 -4.43324 -820.978 0 
7 827.425 0.309011 0.022687 0.675912 0.602953 0.250809 -2.89363 -4.43887 -820.093 0 
5 826.582 0.311157 0.0225314 0.675185 0.615186 0.289031 -1.75053 -5.04473 -819.787 0 
34 826.168 0.313835 0.0226026 0.672355 0.604135 0.248434 -1.35863 -5.11252 -819.697 0 
2 827.138 0.307096 0.0226683 0.677004 0.635782 0.232654 -2.96484 -4.42025 -819.753 0 
9 830.296 0.313275 0.0226513 0.672181 0.609913 0.189015 -5.66709 -5.12007 -819.509 0 
2 829.914 0.323588 0.0224838 0.664676 0.61189 0.16811 -2.40845 -8.01686 -819.488 0 
6 830.133 0.324294 0.022342 0.661917 0.652349 0.196265 -4.63856 -6.07688 -819.417 0 
5 829.229 0.327691 0.0222248 0.659129 0.679779 0.214505 -1.60881 -7.89553 -819.725 0 
21 828.505 0.326398 0.0222331 0.659341 0.608103 0.134022 -2.62643 -6.46054 -819.418 0 
24 827.036 0.319612 0.0222675 0.66345 0.617125 0.126644 -2.43372 -5.20676 -819.396 0 
158 828.12 0.318279 0.022184 0.666006 0.608092 0.13849 -2.6489 -6.0629 -819.408 0 
12 832.219 0.32581 0.0224288 0.662984 0.537921 0.158917 -3.87328 -8.80911 -819.537 0 
5 834.313 0.330862 0.0223695 0.659129 0.497995 0.115577 -4.17967 -10.5525 -819.581 0 
3 832.916 0.327456 0.0224938 0.664083 0.489368 0.095441 -2.98123 -10.3423 -819.593 0 
10 833.126 0.327691 0.0224252 0.661525 0.484584 0.0511709 -4.33237 -9.17714 -819.617 0 
14 827.704 0.314183 0.0223033 0.671442 0.472714 0.0890851 -1.563 -6.04506 -820.096 0 
14 828.402 0.316063 0.0222419 0.669779 0.484392 0.104472 -2.51589 -5.83161 -820.055 0 
52 827.595 0.3159 0.0224534 0.669712 0.46668 0.0628586 -1.80343 -5.51183 -820.28 0 
5 828.231 0.305505 0.0223988 0.679049 0.523989 0.105741 -3.43752 -4.56896 -820.225 0 
34 826.886 0.308669 0.0226449 0.677129 0.499611 0.0747292 -1.84492 -4.6679 -820.373 0 
8 827.3 0.306918 0.0225823 0.678501 0.512258 0.0959109 -2.37442 -4.52655 -820.399 0 
10 825.728 0.312108 0.0224488 0.672221 0.534272 0.117632 -0.917176 -4.82482 -819.986 0 
10 827.955 0.303654 0.0223025 0.679839 0.555906 0.166086 -3.33298 -4.56165 -820.06 0 
5 826.741 0.311847 0.0223126 0.67436 0.500951 0.0903563 -0.712801 -6.19698 -819.831 0 
26 825.43 0.310705 0.0224478 0.673939 0.534139 0.0826106 -0.698327 -4.80662 -819.925 0 
19 827.686 0.324916 0.0223639 0.663511 0.5714 0.14384 -0.0905438 -8.12011 -819.476 0 
14 827.933 0.323942 0.0221918 0.6612 0.577227 0.108755 -2.09417 -6.39242 -819.446 0 
1 827.555 0.313623 0.0223257 0.671931 0.608893 0.149713 -2.54611 -5.59056 -819.418 0 
2 827.757 0.320871 0.0223334 0.667505 0.579358 0.146704 -0.129009 -8.15321 -819.475 0 
24 826.486 0.316157 0.0226004 0.66892 0.608983 0.0927889 -2.03055 -5.04225 -819.414 0 
33 826.23 0.313194 0.0223595 0.669961 0.587355 0.109938 -1.86099 -4.81371 -819.555 0 
38 825.683 0.312846 0.0225049 0.673407 0.58648 0.167957 -0.811504 -5.31329 -819.558 0 
6 826.455 0.315303 0.0223458 0.667973 0.58024 0.141866 -2.05381 -4.71687 -819.684 0 
5 826.195 0.308474 0.0224354 0.675187 0.565209 0.109805 -1.81812 -4.52202 -819.855 0 
100 825.548 0.31146 0.0225309 0.673466 0.527861 0.0801751 -0.793978 -4.7265 -820.027 0 
3 829.741 0.316581 0.0223414 0.672698 0.49707 0.144206 -2.30448 -7.6991 -819.738 0 
2 831.045 0.304222 0.022342 0.67978 0.540463 0.16588 -6.23255 -4.4904 -820.322 0 
8 826.276 0.30764 0.0225493 0.675917 0.553369 0.0924656 -1.81404 -4.45678 -820.005 0 
114 826.201 0.320078 0.0224202 0.666957 0.527234 0.110363 -0.10987 -6.43734 -819.653 0 
85 825.594 0.313129 0.0224999 0.671239 0.524283 0.0993193 -0.784057 -4.6844 -820.126 0 
200 827.722 0.319966 0.022604 0.667944 0.507162 0.0756044 -2.05769 -5.82328 -819.841 0 
59 827.787 0.307792 0.0226089 0.678227 0.485248 0.0789579 -2.57485 -4.59868 -820.614 0 
7 826.499 0.307792 0.0224772 0.675411 0.529783 0.0850329 -1.79629 -4.47068 -820.232 0 
7 826.974 0.315329 0.0222702 0.670096 0.510261 0.0832989 -1.14629 -6.04857 -819.779 0 
5 827.7 0.310642 0.0224532 0.673778 0.496381 0.0732054 -2.53081 -4.93197 -820.237 0 
19 827.08 0.310888 0.0224214 0.674344 0.462757 0.0511595 -1.42924 -5.23553 -820.416 0 
46 826.201 0.306885 0.0224694 0.678443 0.453821 0.0370069 -0.628871 -4.84458 -820.727 0 
6 827.863 0.299937 0.0225884 0.683233 0.496289 0.0482749 -2.22168 -4.5076 -821.134 0 
6 827.153 0.307495 0.0226484 0.67718 0.509407 0.0226425 -2.21186 -4.42952 -820.512 0 
165 825.787 0.306619 0.0225717 0.677816 0.568686 0.045325 -1.52484 -4.48511 -819.777 0 
38 826.631 0.305883 0.0225591 0.678084 0.537606 0.00507679 -2.09886 -4.48981 -820.042 0 
6 828.168 0.303254 0.0225303 0.679934 0.526756 0.0252987 -3.18101 -4.44411 -820.543 0 
1 828.29 0.309472 0.0227376 0.677099 0.519425 0.0410542 -3.51111 -4.67413 -820.105 0 
7 827.729 0.311269 0.0226115 0.6746 0.518735 0.04758 -2.95776 -4.63662 -820.134 0 
1 827.108 0.31662 0.0224476 0.671668 0.548143 0.081726 -0.722494 -6.88448 -819.501 0 
20 826.045 0.315187 0.0223377 0.669577 0.513536 0.0244408 -0.838759 -5.35228 -819.854 0 
42 828.969 0.325518 0.0222503 0.662764 0.493183 0.0371775 -0.544965 -8.83553 -819.589 0 
8 828.312 0.308156 0.0222223 0.675873 0.480786 0.0712174 -2.96246 -5.01966 -820.33 0 
1 828.295 0.311391 0.0223019 0.671071 0.503059 0.0317132 -3.37233 -4.63689 -820.286 0 
44 826.861 0.322701 0.022335 0.664405 0.493042 0.00795884 -0.144478 -7.00762 -819.709 0 
19 828.255 0.309806 0.0225254 0.673915 0.477632 0.0166143 -3.0023 -4.57397 -820.679 0 
6 826.88 0.31446 0.0224967 0.673818 0.518085 0.0800211 -0.69036 -6.52887 -819.661 0 
30 828.321 0.322171 0.0223706 0.666395 0.529745 0.0624004 -0.463281 -8.34945 -819.508 0 
22 828.265 0.317147 0.0222663 0.668598 0.534896 0.0843595 -2.80778 -5.80687 -819.65 0 
32 826.231 0.306332 0.0224497 0.676332 0.592411 0.113403 -2.09193 -4.44456 -819.695 0 
15 827.325 0.302566 0.0223514 0.680258 0.565857 0.143162 -2.87388 -4.4447 -820.006 0 
3 826.9 0.315379 0.0223692 0.671711 0.524587 0.113869 -0.470239 -6.79418 -819.636 0 
49 826.741 0.316515 0.022346 0.668521 0.585024 0.103921 -1.92582 -5.33969 -819.476 0 
7 825.852 0.313324 0.0225083 0.673296 0.568583 0.0980574 -0.829845 -5.48945 -819.532 0 
23 826.53 0.309643 0.02257 0.675146 0.589027 0.0809488 -2.35677 -4.5681 -819.605 0 
39 825.937 0.312526 0.0226075 0.673161 0.570901 0.0644519 -1.4906 -4.83375 -819.613 0 
9 828.92 0.31875 0.0226828 0.668743 0.544785 0.0180464 -3.61765 -5.71716 -819.585 0 
8 828.699 0.305105 0.0227972 0.678849 0.576392 0.0354521 -4.26562 -4.43571 -819.998 0 
10 827.245 0.308454 0.0225843 0.676655 0.590968 0.117398 -3.04065 -4.55827 -819.646 0 
8 826.085 0.315019 0.0224087 0.669274 0.568098 0.0531068 -1.36537 -5.17653 -819.543 0 
20 827.951 0.308888 0.0225703 0.673167 0.572309 0.0373994 -3.6604 -4.38037 -819.91 0 
4 828.819 0.304713 0.0227621 0.680283 0.585383 0.0622759 -4.68049 -4.44932 -819.69 0 
51 826.805 0.308597 0.0225778 0.674099 0.60593 0.0328311 -2.83475 -4.42273 -819.547 0 
30 827.432 0.301819 0.0226838 0.680959 0.620607 0.112548 -3.14429 -4.54289 -819.745 0 
6 827.701 0.307097 0.0225803 0.676258 0.584436 0.0882809 -3.40172 -4.42316 -819.876 0 
17 827.146 0.306391 0.0226154 0.679456 0.586021 0.133224 -2.84893 -4.61815 -819.679 0 
6 826.755 0.310424 0.0226285 0.67458 0.544186 0.0844238 -2.17347 -4.65832 -819.923 0 
115 825.778 0.305 0.022523 0.679781 0.548003 0.14213 -1.14065 -4.54212 -820.096 0 
42 825.695 0.310934 0.0225495 0.674235 0.556167 0.131793 -1.03347 -4.8464 -819.815 0 
31 826.805 0.312397 0.0226124 0.672888 0.597084 0.145006 -2.33006 -4.94614 -819.529 0 
27 827.235 0.306426 0.0226775 0.676158 0.7044 0.172811 -3.42385 -4.50152 -819.31 0 
6 826.943 0.311074 0.0226301 0.671915 0.677511 0.13353 -3.06123 -4.55796 -819.324 0 
14 831.039 0.318737 0.0225045 0.668783 0.616875 0.15648 -5.81 -5.82278 -819.407 0 
20 827.172 0.315036 0.0225775 0.670243 0.605056 0.125912 -2.92538 -4.74335 -819.503 0 
1 826.417 0.316669 0.022452 0.669581 0.626428 0.158045 -1.32912 -5.69472 -819.394 0 
20 826.819 0.317845 0.0225938 0.667569 0.643362 0.178394 -2.11693 -5.32339 -819.378 0 
1 825.587 0.321896 0.0224849 0.663971 0.648899 0.212669 -0.539878 -5.65538 -819.392 0 
1 826.698 0.315216 0.0224491 0.67011 0.657314 0.240086 -1.50495 -5.79634 -819.397 0 
11 826.797 0.31545 0.0224457 0.670312 0.654848 0.253586 -2.03457 -5.34885 -819.414 0 
5 830.689 0.330947 0.0222746 0.657623 0.629985 0.23233 -1.20478 -9.86179 -819.623 0 
33 827.773 0.317857 0.0224141 0.663178 0.698803 0.167701 -3.81457 -4.61864 -819.34 0 
7 827.154 0.316534 0.0223792 0.665735 0.727865 0.204378 -2.57661 -5.05975 -819.518 0 
20 826.891 0.322576 0.0224346 0.662037 0.720763 0.214906 -1.86158 -5.47401 -819.555 0 
25 825.86 0.32498 0.0224338 0.659079 0.732865 0.242098 -0.68489 -5.57891 -819.596 0 
76 827.186 0.32455 0.0223582 0.65989 0.707916 0.197958 -1.30168 -6.21338 -819.67 0 
7 829.205 0.328287 0.0223911 0.658064 0.701271 0.195557 -1.69086 -7.61892 -819.896 0 
12 830.652 0.332254 0.0223483 0.654533 0.685558 0.196963 -2.52334 -8.26631 -819.862 0 
63 827.29 0.330139 0.0223037 0.655289 0.686688 0.210263 -0.785602 -6.88557 -819.619 0 
3 825.385 0.316407 0.0224886 0.66682 0.664151 0.200427 -1.36802 -4.64432 -819.373 0 
2 826.512 0.319436 0.0224802 0.667519 0.627017 0.248399 -0.627945 -6.43561 -819.448 0 
32 826.218 0.31993 0.0224206 0.664558 0.648088 0.167978 -1.728 -5.12237 -819.368 0 
32 826.25 0.309133 0.0224835 0.674059 0.68042 0.222522 -2.33063 -4.55384 -819.366 0 
27 825.834 0.319262 0.022545 0.666701 0.595719 0.141682 -1.10165 -5.24926 -819.483 0 
95 826.678 0.318044 0.0222624 0.667211 0.596107 0.17592 -1.07729 -6.14613 -819.454 0 
8 825.935 0.322316 0.0223525 0.663493 0.588197 0.142701 -0.25415 -6.23426 -819.446 0 
18 826.679 0.32128 0.0223153 0.6642 0.607752 0.167696 -0.843456 -6.4123 -819.423 0 
48 826.145 0.314844 0.0223295 0.668752 0.61773 0.166327 -1.71874 -4.97918 -819.447 0 
26 827.1 0.308388 0.0225247 0.674177 0.615815 0.13366 -3.09371 -4.45001 -819.556 0 
3 825.782 0.312719 0.0225917 0.670928 0.568469 0.0494865 -1.51813 -4.46814 -819.795 0 
64 825.347 0.306318 0.0225444 0.677915 0.623267 0.13749 -1.31169 -4.56259 -819.473 0 
28 826.08 0.315213 0.022555 0.670909 0.655315 0.197541 -1.02913 -5.6621 -819.389 0 
55 825.847 0.309959 0.0225984 0.674752 0.675059 0.223202 -1.64271 -4.84447 -819.36 0 
40 825.152 0.308801 0.0225211 0.676131 0.673564 0.273514 -0.867541 -4.86548 -819.419 0 
18 825.74 0.316969 0.0225216 0.669202 0.66358 0.23187 -0.723312 -5.62756 -819.389 0 
1 827.078 0.311224 0.0224473 0.671301 0.64136 0.200224 -3.01926 -4.59611 -819.463 0 
89 825.673 0.320126 0.0224458 0.665236 0.659081 0.243269 -0.839982 -5.43907 -819.393 0 
7 826.058 0.316532 0.0224374 0.668777 0.647784 0.211288 -0.880378 -5.78392 -819.394 0 
44 826.295 0.320155 0.0223525 0.663154 0.685186 0.187719 -1.79978 -5.11215 -819.383 0 
14 826.003 0.319231 0.0224024 0.664396 0.712943 0.232 -1.16392 -5.37415 -819.465 0 
38 826.882 0.328356 0.0224555 0.656909 0.721828 0.194226 -0.719273 -6.3405 -819.822 0 
16 826.536 0.324869 0.022372 0.659064 0.731877 0.175061 -0.856248 -5.83438 -819.845 0 
6 826.389 0.319691 0.0224164 0.662472 0.702494 0.15337 -2.27196 -4.74218 -819.375 0 
11 826.7 0.322125 0.022447 0.662558 0.747756 0.197625 -0.559684 -6.11392 -820.027 0 
14 826.287 0.323376 0.0224358 0.659711 0.709775 0.0941666 -1.36895 -5.28321 -819.634 0 
15 828.723 0.322691 0.0224666 0.661711 0.697145 0.127504 -3.09449 -5.95907 -819.669 0 
10 827.225 0.315028 0.0225131 0.667426 0.715716 0.116183 -3.12472 -4.69362 -819.406 0 
42 825.987 0.319495 0.0224317 0.664339 0.721345 0.140774 -0.808909 -5.46714 -819.711 0 
26 825.824 0.320649 0.0224444 0.664146 0.702749 0.157458 -0.512745 -5.70676 -819.604 0 
30 827.929 0.325965 0.0224426 0.661062 0.666248 0.103672 -1.60351 -6.69222 -819.633 0 
47 827.316 0.317094 0.0223893 0.664244 0.727507 0.100341 -2.98903 -4.78685 -819.541 0 
47 827.712 0.327254 0.0223873 0.656577 0.748742 0.102306 -1.16187 -6.1797 -820.37 0 
9 829.387 0.331021 0.0223368 0.655247 0.736109 0.108952 -0.445275 -8.14353 -820.798 0 
38 827.819 0.321279 0.0224214 0.660003 0.743681 0.0822095 -3.30676 -4.83759 -819.675 0 
9 829.04 0.319902 0.0223085 0.661181 0.734432 0.0952911 -4.19173 -5.079 -819.77 0 
1 827.893 0.321785 0.0224532 0.661495 0.701779 0.125416 -2.92608 -5.39372 -819.573 0 
1 827.392 0.327433 0.0223337 0.658221 0.707123 0.156869 -0.720752 -6.77691 -819.895 0 
9 828.548 0.325841 0.0224351 0.661355 0.681839 0.125525 -1.87883 -6.91334 -819.756 0 
8 827.743 0.314031 0.0226417 0.669571 0.707906 0.10417 -3.68698 -4.67825 -819.378 0 
33 827.091 0.311451 0.0226999 0.670753 0.719825 0.0576207 -3.08717 -4.64074 -819.363 0 
4 827.004 0.311887 0.0226675 0.671021 0.716507 0.0628482 -2.95663 -4.65201 -819.395 0 
9 829.327 0.308951 0.0224864 0.670822 0.75366 0.0439411 -4.99887 -4.71732 -819.611 0 
1 827.692 0.31305 0.02238 0.668309 0.742418 0.0670363 -2.99431 -4.92296 -819.775 0 
132 827.178 0.323888 0.022498 0.657772 0.771581 0.000236631 -1.87256 -5.08751 -820.218 0 
22 828.91 0.318447 0.0224673 0.660879 0.780238 0.0193999 -4.0788 -4.90522 -819.926 0 
49 827.022 0.317748 0.0226304 0.66363 0.755112 0.000957051 -2.5467 -4.78176 -819.693 0 
1 828.319 0.317952 0.0226163 0.665075 0.709611 0.0501134 -3.88215 -4.90239 -819.535 0 
46 828.49 0.330921 0.0224302 0.656782 0.688822 0.0650346 -0.614609 -7.77647 -820.098 0 
18 827.962 0.327959 0.0224261 0.659339 0.671026 0.056089 -0.941773 -7.20978 -819.811 0 
41 826.358 0.322163 0.0223507 0.662946 0.665121 0.0464579 -0.456644 -6.29738 -819.604 0 
15 827.47 0.325904 0.0224767 0.661763 0.621618 0.046832 -0.596251 -7.34675 -819.527 0 
3 832.692 0.324667 0.022329 0.66143 0.610981 0.0289043 -7.462 -5.8369 -819.394 0 
74 828.355 0.327741 0.0223974 0.660743 0.58543 0.0226673 -1.16143 -7.72011 -819.473 0 
1 828.148 0.322755 0.0224709 0.665089 0.603822 0.022099 -1.08159 -7.57266 -819.494 0 
4 828.865 0.320327 0.0226008 0.666913 0.608162 0.0382306 -3.01731 -6.43068 -819.417 0 
21 826.925 0.311594 0.0227237 0.671752 0.674005 0.0511866 -3.09215 -4.52013 -819.313 0 
21 826.972 0.315629 0.0226946 0.669205 0.674102 0.0768057 -2.69959 -4.89887 -819.373 0 
1 825.736 0.310379 0.0225894 0.674021 0.695983 0.17386 -1.576 -4.79866 -819.361 0 
17 825.644 0.313452 0.0225239 0.670818 0.68483 0.125591 -1.302 -4.95156 -819.391 0 
7 826.833 0.320258 0.0224616 0.663746 0.68669 0.0845383 -1.72756 -5.54745 -819.558 0 
2 828.057 0.323285 0.0223808 0.66188 0.698162 0.0993025 -1.36832 -6.77044 -819.918 0 
15 828.133 0.330071 0.0222999 0.65575 0.712888 0.125477 -0.719269 -7.2532 -820.16 0 
6 832.95 0.320965 0.0221515 0.658618 0.721409 0.155957 -8.62993 -4.82875 -819.491 0 
28 829.837 0.331507 0.0222395 0.656243 0.676055 0.178448 -0.430572 -9.37602 -820.03 0 
14 829.042 0.332483 0.0223544 0.653906 0.71724 0.180917 -0.956729 -7.8962 -820.189 0 
143 827.252 0.322934 0.022352 0.660504 0.768799 0.21747 -1.34138 -5.80395 -820.106 0 
79 825.777 0.313126 0.0225569 0.670029 0.759672 0.267228 -1.52159 -4.79498 -819.46 0 
17 826.466 0.315327 0.0225868 0.669543 0.766956 0.296128 -1.73688 -5.17429 -819.555 0 
6 829.006 0.314479 0.0224773 0.668538 0.755086 0.311846 -4.43614 -5.11868 -819.451 0 
10 829.279 0.314816 0.0225507 0.664492 0.777977 0.253775 -5.22884 -4.67399 -819.377 0 
23 828.724 0.308756 0.0225636 0.671346 0.768328 0.272477 -4.79554 -4.60416 -819.324 0 
24 826.045 0.31338 0.0225114 0.669161 0.75839 0.272839 -1.92158 -4.71278 -819.411 0 
31 826.995 0.322119 0.0224115 0.663051 0.675555 0.24609 -1.43686 -6.1325 -819.426 0 
35 827.066 0.314006 0.0224495 0.667277 0.713991 0.264506 -3.21582 -4.50174 -819.348 0 
3 826.437 0.315768 0.0223485 0.667947 0.661709 0.261427 -1.76575 -5.26391 -819.407 0 
37 826.024 0.312101 0.022445 0.67051 0.704922 0.318808 -2.04684 -4.52311 -819.454 0 
7 826.359 0.310088 0.0224798 0.673298 0.643276 0.334875 -1.78349 -4.45399 -820.122 0 
6 826.705 0.309276 0.0225343 0.67463 0.624618 0.320362 -2.01936 -4.57438 -820.111 0 
11 826.094 0.308826 0.0224775 0.673879 0.678498 0.361493 -1.72021 -4.42509 -819.949 0 
16 825.683 0.317172 0.0224417 0.666755 0.690904 0.331216 -1.39559 -4.79927 -819.488 0 
6 826.779 0.31811 0.0223664 0.666932 0.684551 0.329894 -1.97267 -5.35991 -819.447 0 
17 826.796 0.319386 0.0224698 0.66769 0.657542 0.392964 -0.699187 -6.37198 -819.725 0 
13 827.491 0.308753 0.0224933 0.67351 0.683287 0.39266 -2.90717 -4.41027 -820.173 0 
3 828.219 0.308195 0.0226394 0.680137 0.65483 0.441297 -2.40485 -5.44699 -820.368 0 
11 828.922 0.298349 0.0224287 0.684725 0.695505 0.483924 -3.25938 -4.44903 -821.214 0 
8 829.907 0.301439 0.0222195 0.681733 0.663815 0.439965 -4.5802 -4.59884 -820.728 0 
22 828.762 0.309725 0.0222729 0.676378 0.637957 0.421984 -2.8944 -5.54355 -820.325 0 
15 826.833 0.310979 0.0223638 0.674665 0.636187 0.389851 -1.1099 -5.6931 -820.03 0 
4 827.305 0.316573 0.0223513 0.667643 0.651905 0.373871 -2.11397 -5.34169 -819.849 0 
9 827.161 0.313163 0.022392 0.672803 0.59462 0.382067 -1.29229 -5.22418 -820.645 0 
1 826.924 0.312494 0.0223873 0.675008 0.615947 0.378221 -0.743234 -6.15497 -820.026 0 
18 827.517 0.309138 0.0224595 0.673238 0.639396 0.308987 -2.95513 -4.41219 -820.15 0 
42 826.167 0.319449 0.0223262 0.666567 0.656887 0.320068 -0.424496 -6.2677 -819.475 0 
4 827.219 0.322423 0.0224897 0.66487 0.590526 0.23378 -1.06048 -6.62007 -819.538 0 
2 827.439 0.318742 0.0225048 0.666664 0.668623 0.231148 -2.94653 -5.11917 -819.373 0 
33 826.489 0.320272 0.0224751 0.666688 0.644512 0.257435 -0.521932 -6.53838 -819.429 0 
1 826.777 0.313496 0.0224161 0.671322 0.6553 0.258631 -2.33489 -4.99831 -819.444 0 
8 827.219 0.311596 0.0222418 0.672711 0.601916 0.262804 -2.12245 -5.40919 -819.687 0 
37 826.344 0.316628 0.0224217 0.670124 0.565088 0.232474 -0.764986 -5.80152 -819.778 0 
1 828.959 0.316808 0.0225324 0.667874 0.569638 0.212788 -4.00502 -5.0958 -819.858 0 
1 830.635 0.318006 0.0225573 0.671151 0.554006 0.231619 -4.51622 -6.35743 -819.762 0 
13 827.994 0.315266 0.0225075 0.671419 0.530165 0.206133 -2.11173 -5.92359 -819.958 0 
10 827.072 0.315636 0.0224809 0.670617 0.548089 0.208135 -1.44447 -5.78574 -819.842 0 
2 826.841 0.313671 0.0224122 0.674176 0.541811 0.251982 -0.547703 -6.35554 -819.937 0 
45 827.597 0.308192 0.0222931 0.675305 0.621043 0.282114 -3.06915 -4.70928 -819.818 0 
15 826.342 0.315603 0.0223459 0.671303 0.616571 0.305019 -0.302113 -6.43875 -819.601 0 
80 826.228 0.308142 0.0225037 0.674302 0.669456 0.254273 -2.25094 -4.43492 -819.542 0 
8 826.598 0.320173 0.0224334 0.667229 0.65979 0.267952 -0.13989 -7.00789 -819.45 0 
1 828.636 0.326412 0.0224293 0.662599 0.62967 0.222463 -0.528794 -8.57595 -819.532 0 
16 827.367 0.325992 0.022458 0.661812 0.656413 0.22803 -0.820378 -7.06669 -819.48 0 
5 826.69 0.317214 0.022397 0.665286 0.736829 0.252589 -2.4402 -4.83951 -819.411 0 
35 826.788 0.317971 0.0223665 0.666594 0.723121 0.30257 -1.33845 -5.97301 -819.476 0 
20 826.61 0.313051 0.0223653 0.670206 0.756571 0.352605 -2.00285 -5.20228 -819.404 0 
87 826.699 0.314267 0.0224971 0.669014 0.708591 0.324747 -2.50424 -4.79421 -819.4 0 
7 827.369 0.316756 0.0223339 0.664565 0.706565 0.266579 -3.4428 -4.57966 -819.346 0 
7 825.783 0.322624 0.0224987 0.663079 0.657556 0.241574 -0.628945 -5.75714 -819.397 0 
23 825.349 0.31768 0.022487 0.66803 0.677698 0.3188 -0.385813 -5.52276 -819.44 0 
38 825.478 0.320878 0.022434 0.663968 0.687073 0.279875 -0.504927 -5.58222 -819.391 0 
10 827.801 0.322583 0.0222867 0.663969 0.712501 0.30616 -0.983281 -7.23012 -819.588 0 
9 827.268 0.328299 0.0223203 0.656604 0.734236 0.21934 -0.666236 -6.65146 -819.95 0 
19 827.707 0.3295 0.0225264 0.655953 0.774849 0.257387 -1.10624 -6.4124 -820.189 0 
19 830.182 0.3321 0.0221964 0.653657 0.766521 0.273438 -1.42615 -8.23581 -820.52 0 
8 829.154 0.334163 0.0224277 0.654258 0.692295 0.235943 -0.637732 -8.65307 -819.863 0 
4 826.55 0.324395 0.0224513 0.662456 0.685183 0.244294 -0.191015 -6.8272 -819.532 0 
12 826.2 0.319994 0.0223426 0.665159 0.660753 0.251337 -0.683198 -6.10764 -819.409 0 
13 825.447 0.311059 0.0224708 0.673511 0.58126 0.236092 -0.706398 -4.78487 -819.956 0 
24 826.42 0.312976 0.022488 0.670678 0.560085 0.201668 -1.67053 -4.62972 -820.12 0 
25 826.291 0.310749 0.0224297 0.675962 0.514874 0.205943 -0.601396 -5.47492 -820.214 0 
40 826.925 0.309304 0.0223323 0.675903 0.537342 0.238188 -1.55758 -5.07629 -820.291 0 
33 827.4 0.309898 0.0222447 0.676201 0.531068 0.270101 -1.10548 -6.09934 -820.195 0 
148 826.561 0.309229 0.0223417 0.675727 0.532252 0.24836 -1.08996 -5.02372 -820.447 0 
5 828.867 0.309447 0.0224831 0.674374 0.593521 0.266579 -4.11744 -4.43936 -820.31 0 
27 826.131 0.314464 0.0224646 0.670835 0.550141 0.217608 -1.09767 -4.90465 -820.128 0 
49 826.465 0.315514 0.022449 0.671858 0.576873 0.261001 -0.328739 -6.43539 -819.701 0 
4 826.737 0.314839 0.0225495 0.671343 0.569487 0.249624 -1.43541 -5.37908 -819.923 0 
8 826.084 0.31081 0.0225335 0.67557 0.564828 0.278282 -0.698458 -5.20695 -820.179 0 
2 826.381 0.312187 0.0223727 0.674088 0.554696 0.301811 -0.324945 -5.82756 -820.228 0 
8 826.752 0.312935 0.0224283 0.673487 0.575418 0.275231 -1.40114 -5.37321 -819.978 0 
2 826.431 0.306598 0.0225865 0.679449 0.631806 0.344163 -1.6186 -4.71391 -820.099 0 
54 826.772 0.307739 0.0226179 0.679382 0.610388 0.33256 -1.59499 -5.10123 -820.076 0 
116 826.759 0.302486 0.0226587 0.682779 0.662823 0.382752 -2.01844 -4.45635 -820.285 0 
18 828.134 0.3089 0.0224927 0.673942 0.630949 0.284313 -3.62685 -4.41836 -820.089 0 
11 826.832 0.306273 0.0223973 0.677544 0.623852 0.315408 -2.1195 -4.74086 -819.971 0 
1 826.88 0.318118 0.0224617 0.669851 0.629315 0.319497 -0.393289 -6.93766 -819.549 0 
45 825.612 0.31744 0.0223711 0.666562 0.660835 0.329419 -0.940792 -5.06611 -819.606 0 
69 826.218 0.319706 0.0223765 0.667151 0.692671 0.382174 -0.133329 -6.60295 -819.482 0 
12 825.69 0.315982 0.022453 0.669819 0.709661 0.393112 -0.74463 -5.43559 -819.51 0 
10 826.331 0.312348 0.0224317 0.670328 0.683659 0.351606 -2.08832 -4.47088 -819.772 0 
10 827.614 0.308038 0.0223524 0.673459 0.725468 0.393476 -3.50406 -4.43851 -819.672 0 
48 829.059 0.310117 0.0224776 0.672198 0.718362 0.378204 -4.9447 -4.54265 -819.572 0 
50 825.743 0.313161 0.0225642 0.673017 0.702661 0.386834 -0.948146 -5.24438 -819.55 0 
9 827.3 0.304402 0.0226404 0.678317 0.738762 0.450204 -2.53974 -4.48041 -820.28 0 
8 826.959 0.308276 0.0226568 0.675031 0.760607 0.454425 -2.73544 -4.41632 -819.808 0 
3 828.412 0.306003 0.0225766 0.680995 0.776393 0.57044 -2.97493 -4.86888 -820.568 0 
36 827.202 0.305865 0.0226382 0.681213 0.80137 0.583669 -1.90427 -4.96279 -820.334 0 
2 826.725 0.304793 0.0223914 0.677938 0.801193 0.517469 -2.40774 -4.51634 -819.801 0 
6 825.558 0.311624 0.0224382 0.671793 0.818134 0.516594 -1.29128 -4.69695 -819.57 0 
54 826.424 0.318199 0.0224627 0.664978 0.816242 0.494009 -2.06934 -4.91113 -819.444 0 
5 827.849 0.320711 0.0222747 0.665957 0.788762 0.571342 -1.40461 -6.56354 -819.881 0 
6 830.157 0.316702 0.0223855 0.668793 0.776042 0.586977 -3.75358 -6.024 -820.379 0 
11 830.353 0.318171 0.0222873 0.671513 0.761863 0.641925 -0.401301 -9.21283 -820.739 0 
1 829.1 0.313868 0.0223743 0.674764 0.792297 0.629092 -0.911467 -7.83872 -820.349 0 
23 825.668 0.315642 0.022374 0.669091 0.801367 0.538419 -0.645611 -5.32082 -819.701 0 
17 825.466 0.316966 0.0224318 0.667488 0.807204 0.496206 -0.698301 -5.31199 -819.456 0 
45 826.339 0.321588 0.0225922 0.663561 0.800507 0.466659 -1.6399 -5.28549 -819.414 0 
25 826.261 0.311218 0.0225751 0.675064 0.813083 0.528949 -1.2821 -5.42825 -819.551 0 
23 829.077 0.302644 0.0223591 0.681422 0.839135 0.595881 -4.30438 -4.55549 -820.217 0 
6 831.015 0.299765 0.0223255 0.681727 0.786522 0.579298 -5.05039 -4.50071 -821.464 0 
7 832.525 0.30138 0.0223479 0.681154 0.758657 0.590073 -6.14281 -4.56168 -821.821 0 
57 827.344 0.309596 0.0224021 0.676439 0.717057 0.575243 -0.443352 -5.42793 -821.473 0 
22 827.714 0.308358 0.0224991 0.676097 0.731696 0.504741 -2.54322 -4.80277 -820.368 0 
9 829.186 0.307524 0.022333 0.674469 0.780463 0.534657 -4.41381 -4.5284 -820.244 0 
45 829.155 0.307702 0.0221943 0.676119 0.783123 0.555864 -3.95138 -5.05646 -820.147 0 
3 827.933 0.310445 0.022378 0.674265 0.75489 0.553156 -2.44389 -4.77676 -820.713 0 
16 827.505 0.309465 0.0223 0.675565 0.710347 0.530684 -1.34962 -5.3937 -820.761 0 
19 828.065 0.311254 0.0223841 0.671586 0.735659 0.502692 -3.03151 -4.65291 -820.38 0 
3 827.953 0.30706 0.0224012 0.675237 0.733373 0.516165 -2.48382 -4.43914 -821.03 0 
37 827.636 0.301448 0.0224919 0.682505 0.754223 0.563374 -1.78 -4.50014 -821.355 0 
10 825.745 0.31609 0.0224104 0.669636 0.778803 0.517109 -0.308249 -5.78313 -819.653 0 
2 826.872 0.320292 0.0223394 0.666043 0.744327 0.473909 -1.11903 -6.16596 -819.587 0 
7 825.79 0.311109 0.0224498 0.674125 0.705641 0.459021 -0.750383 -4.94297 -820.096 0 
14 825.942 0.321057 0.0224182 0.664868 0.700438 0.415418 -0.357678 -5.99196 -819.592 0 
9 827.691 0.318557 0.0223491 0.666812 0.703046 0.41943 -2.64664 -5.36874 -819.676 0 
13 828.945 0.317842 0.0222277 0.667982 0.680073 0.427421 -2.28947 -6.97659 -819.679 0 
10 828.857 0.320008 0.0221706 0.664422 0.746702 0.412927 -3.29755 -6.12753 -819.432 0 
3 828.949 0.32522 0.0223949 0.663805 0.740617 0.424098 -1.0245 -8.38354 -819.541 0 
3 830.092 0.330649 0.0223452 0.656794 0.717423 0.372745 -2.06013 -8.46565 -819.566 0 
10 829.093 0.322517 0.0222296 0.664321 0.723778 0.431727 -2.48793 -7.11383 -819.492 0 
21 828.059 0.325399 0.0222551 0.6619 0.732285 0.436212 -0.854421 -7.71193 -819.492 0 
16 827.956 0.324296 0.0224079 0.661743 0.752397 0.461339 -1.85673 -6.60964 -819.49 0 
24 826.693 0.315593 0.022283 0.669627 0.804074 0.54724 -1.20479 -5.8271 -819.661 0 
6 830.454 0.311556 0.0222082 0.671567 0.811848 0.534591 -5.89487 -4.87933 -819.68 0 
3 828.972 0.317181 0.0221624 0.667284 0.758563 0.491557 -3.1018 -6.28886 -819.582 0 
18 828.7 0.306918 0.0223507 0.680956 0.786194 0.648296 -1.34277 -6.02282 -821.335 0 
42 827.803 0.302529 0.0223963 0.682068 0.803088 0.639507 -1.37461 -4.65396 -821.775 0 
12 828.729 0.311923 0.0223336 0.671959 0.799857 0.613461 -2.81078 -5.10018 -820.818 0 
26 828.609 0.30194 0.0223976 0.682841 0.796246 0.661853 -1.27827 -4.69853 -822.632 0 
23 830.161 0.299323 0.0225385 0.68598 0.818861 0.700696 -1.96058 -4.71937 -823.481 0 
20 829.424 0.301835 0.0225644 0.684374 0.818239 0.684908 -1.91691 -4.6626 -822.845 0 
26 829.848 0.30131 0.0223811 0.683809 0.837807 0.733268 -1.1419 -4.90579 -823.801 0 
1 829.111 0.300537 0.0223761 0.685434 0.841902 0.728122 -0.883567 -4.99116 -823.236 0 
37 828.213 0.304518 0.0224055 0.681312 0.828296 0.701542 -0.607993 -5.01637 -822.589 0 
28 829.957 0.30136 0.0223749 0.683302 0.837776 0.715754 -1.97608 -4.86224 -823.119 0 
62 829.407 0.302487 0.0223937 0.681532 0.836405 0.705703 -1.58947 -4.66275 -823.155 0 
13 828.432 0.310941 0.0223328 0.674573 0.891043 0.727037 -1.68414 -5.23028 -821.517 0 
36 825.949 0.31472 0.022579 0.669942 0.912783 0.650811 -1.32015 -4.73711 -819.892 0 
9 827.144 0.324264 0.022576 0.662374 0.900455 0.600326 -1.46064 -6.1907 -819.493 0 
3 829.508 0.323872 0.0225288 0.66566 0.833877 0.562758 -2.01968 -7.95068 -819.538 0 
11 826.911 0.319725 0.0223775 0.663228 0.902556 0.546635 -2.04277 -5.36655 -819.501 0 
19 826.937 0.314561 0.0223683 0.667081 0.86365 0.53745 -2.89501 -4.5851 -819.457 0 
4 827.016 0.31983 0.0223499 0.666136 0.849991 0.574654 -0.79177 -6.70323 -819.521 0 
34 828.164 0.324445 0.0224387 0.664477 0.803126 0.550619 -0.636038 -7.96344 -819.565 0 
4 828.42 0.314804 0.0224391 0.66861 0.749194 0.484872 -3.65894 -4.8873 -819.874 0 
9 829.325 0.315367 0.0225038 0.671503 0.744815 0.521997 -3.93134 -5.2283 -820.165 0 
1 828.047 0.314875 0.0224311 0.672767 0.775448 0.571885 -1.87343 -6.03206 -820.141 0 
3 826.774 0.307256 0.0225082 0.67621 0.748213 0.50214 -1.86527 -4.43448 -820.474 0 
1 826.649 0.30794 0.0225842 0.67799 0.729066 0.475913 -1.82921 -4.72779 -820.092 0 
4 828.115 0.302743 0.0223944 0.680236 0.758142 0.491586 -3.49042 -4.42853 -820.196 0 
2 828.63 0.315067 0.022338 0.670122 0.717363 0.441786 -3.70445 -5.1889 -819.736 0 
27 827.84 0.3137 0.0222672 0.673372 0.685394 0.488949 -0.688306 -7.08288 -820.069 0 
68 827.245 0.31336 0.0225317 0.674639 0.681028 0.470953 -0.937856 -6.17636 -820.131 0 
26 826.521 0.316922 0.0225487 0.670034 0.702067 0.453638 -0.937888 -5.72929 -819.854 0 
16 827.042 0.322271 0.0223118 0.66414 0.752465 0.499493 -1.0202 -6.36858 -819.653 0 
30 826.954 0.319998 0.0225266 0.665934 0.753705 0.470209 -1.64831 -5.74223 -819.563 0 
17 825.377 0.313081 0.0225713 0.671023 0.790766 0.447453 -1.21201 -4.75052 -819.415 0 
14 825.646 0.315266 0.022604 0.668232 0.764362 0.402216 -1.63494 -4.60303 -819.408 0 
2 830.261 0.324799 0.0225255 0.663261 0.736546 0.415477 -3.08792 -7.68121 -819.492 0 
4 826.106 0.308786 0.0224506 0.674315 0.824147 0.495919 -2.04722 -4.59273 -819.466 0 
15 825.966 0.3117 0.0224265 0.670677 0.834688 0.482859 -1.91843 -4.66227 -819.386 0 
13 826.13 0.321582 0.0224323 0.662905 0.852382 0.485264 -0.763051 -5.8168 -819.551 0 
4 826.964 0.323738 0.0225036 0.662705 0.846712 0.503468 -0.799653 -6.60031 -819.564 0 
30 828.201 0.331343 0.0223514 0.656986 0.842188 0.5503 -0.252156 -8.36895 -819.58 0 
6 830.698 0.324882 0.0224561 0.663541 0.838224 0.566955 -4.28092 -6.88843 -819.528 0 
18 829.076 0.322466 0.0226211 0.665209 0.857433 0.553177 -2.87216 -6.70933 -819.495 0 
14 826.788 0.317273 0.0226769 0.668043 0.855446 0.497059 -2.27667 -5.0922 -819.419 0 
17 826.948 0.315772 0.0225977 0.670624 0.815193 0.491113 -2.16567 -5.35475 -819.427 0 
8 827.036 0.318086 0.0225691 0.66313 0.86197 0.416375 -2.75084 -4.7342 -819.551 0 
3 826.832 0.322674 0.0224928 0.663187 0.827481 0.450134 -1.38307 -5.89125 -819.558 0 
15 827.886 0.318378 0.0225178 0.667014 0.858876 0.440887 -2.36452 -5.71362 -819.808 0 
9 827.333 0.318975 0.0223625 0.662214 0.827445 0.405088 -3.11719 -4.76987 -819.446 0 
38 827.507 0.322193 0.0224052 0.658844 0.83553 0.34435 -2.70528 -4.96391 -819.838 0 
74 826.479 0.321696 0.0225014 0.663013 0.863751 0.43151 -0.578502 -5.90432 -819.996 0 
5 827.337 0.319978 0.0224203 0.664074 0.893678 0.442239 -0.996863 -5.98763 -820.353 0 
40 828.212 0.319171 0.0224346 0.663583 0.893685 0.405932 -2.27266 -5.48644 -820.453 0 
68 828.084 0.323236 0.0223944 0.660062 0.896668 0.436126 -1.46382 -6.09583 -820.525 0 
5 828.935 0.327761 0.0225323 0.659973 0.859819 0.464632 -1.56278 -7.31801 -820.054 0 
9 826.635 0.308518 0.0225694 0.673177 0.855575 0.477225 -2.70602 -4.57349 -819.355 0 
22 826.801 0.305335 0.0224468 0.676878 0.804763 0.522138 -2.42234 -4.42115 -819.957 0 
3 825.549 0.311029 0.0224468 0.673027 0.801287 0.512004 -1.14414 -4.76031 -819.645 0 
13 825.766 0.312556 0.0223593 0.672239 0.801604 0.499559 -0.874328 -5.4131 -819.479 0 
30 826.756 0.30556 0.0223375 0.678734 0.782268 0.561157 -1.54589 -4.88055 -820.329 0 
53 826.252 0.306503 0.0225116 0.67715 0.77648 0.503932 -1.78225 -4.54639 -819.924 0 
20 826.652 0.302169 0.0224523 0.683344 0.82426 0.638566 -0.786812 -4.76685 -821.098 0 
4 827.834 0.304388 0.0223641 0.679878 0.835098 0.66493 -1.53084 -4.77461 -821.528 0 
12 828.305 0.306284 0.0224026 0.678618 0.767846 0.643724 -0.853731 -4.88987 -822.561 0 
24 828.727 0.303759 0.0224158 0.684104 0.739575 0.650471 -0.190378 -5.90974 -822.627 0 
71 828.558 0.30404 0.0224068 0.680953 0.72554 0.592399 -1.48606 -4.91875 -822.153 0 
44 830.228 0.3033 0.022422 0.684715 0.778426 0.72424 -0.109378 -5.79441 -824.324 0 
9 831.895 0.297871 0.0224329 0.689129 0.776122 0.722529 -1.44646 -5.02844 -825.42 0 
11 831.095 0.303825 0.0224939 0.683623 0.764915 0.70949 -1.085 -5.21927 -824.791 0 
16 831.753 0.297078 0.0227258 0.689567 0.787738 0.679627 -2.99208 -4.66687 -824.094 0 
3 832.001 0.297708 0.0226131 0.690099 0.769217 0.710535 -1.89218 -5.10617 -825.003 0 
2 830.542 0.309631 0.022436 0.678442 0.818641 0.686976 -2.36231 -6.85696 -821.323 0 
8 829.992 0.309593 0.0226827 0.678897 0.814279 0.63988 -3.73378 -5.33521 -820.923 0 
8 828.493 0.317597 0.0225391 0.670781 0.768652 0.571649 -1.63601 -6.7775 -820.079 0 
5 828.31 0.306134 0.0225513 0.674706 0.831952 0.511235 -3.83258 -4.67307 -819.804 0 
20 828.623 0.307239 0.0225498 0.676569 0.856659 0.577743 -4.2016 -4.71182 -819.71 0 
2 829.136 0.308928 0.0224865 0.672842 0.847044 0.555333 -4.9422 -4.45821 -819.735 0 
3 825.936 0.31052 0.0226267 0.674379 0.875905 0.583152 -1.59705 -4.74654 -819.592 0 
14 826.672 0.308659 0.0225436 0.676453 0.914658 0.60868 -2.29891 -4.87284 -819.501 0 
23 826.528 0.313999 0.0225822 0.672904 0.896724 0.60805 -1.2388 -5.77742 -819.511 0 
27 826.303 0.317586 0.0226512 0.666439 0.849072 0.509105 -2.14377 -4.75484 -819.404 0 
2 830.515 0.310743 0.0223754 0.67103 0.839289 0.528628 -6.38677 -4.4869 -819.642 0 
2 829.842 0.318404 0.022509 0.665761 0.854574 0.484874 -4.62051 -5.68315 -819.538 0 
9 828.412 0.308092 0.0223826 0.672277 0.888537 0.564618 -4.39692 -4.47778 -819.537 0 
19 827.865 0.306875 0.0225695 0.67504 0.920771 0.574958 -3.91721 -4.54106 -819.407 0 
8 826.835 0.306193 0.022578 0.676709 0.899502 0.556325 -2.85766 -4.55631 -819.421 0 
47 826.34 0.312883 0.0226626 0.670399 0.864414 0.500413 -2.345 -4.62128 -819.374 0 
38 827.75 0.310807 0.0225045 0.670316 0.915581 0.498589 -3.49948 -4.76415 -819.486 0 
23 826.857 0.325123 0.022459 0.66122 0.868469 0.503673 -0.592722 -6.56311 -819.701 0 
52 825.484 0.315052 0.0224275 0.66891 0.892443 0.580354 -0.94482 -5.08131 -819.458 0 
20 826.647 0.310252 0.0225673 0.673522 0.89367 0.574756 -2.55864 -4.60062 -819.488 0 
12 827.354 0.314056 0.0225072 0.672406 0.863054 0.600471 -2.30311 -5.36887 -819.682 0 
9 828.072 0.320578 0.0226679 0.666814 0.84945 0.570082 -2.74004 -5.79535 -819.537 0 
15 828.82 0.319545 0.0225715 0.669528 0.803689 0.595524 -1.98556 -6.89977 -819.935 0 
7 828.531 0.315695 0.0226339 0.672593 0.789291 0.564584 -2.73659 -5.84601 -819.949 0 
64 827.274 0.315673 0.0224451 0.668976 0.778352 0.560673 -1.84006 -5.19052 -820.244 0 
72 825.876 0.317928 0.0224638 0.668624 0.808545 0.544688 -0.335772 -5.93295 -819.607 0 
4 826.336 0.317912 0.0225603 0.667414 0.82391 0.526722 -1.81955 -4.98248 -819.534 0 
32 826.466 0.318278 0.0223717 0.663954 0.852869 0.498281 -2.1637 -4.90452 -819.398 0 
17 826.627 0.316532 0.0223206 0.666521 0.875402 0.550985 -1.97569 -5.21938 -819.432 0 
3 827.98 0.313332 0.0223803 0.667508 0.913525 0.531562 -3.79487 -4.73871 -819.446 0 
20 827.46 0.317167 0.0223062 0.666218 0.852515 0.526339 -2.47574 -5.54686 -819.438 0 
11 831.74 0.314914 0.0223333 0.666648 0.832731 0.494914 -7.42086 -4.9155 -819.404 0 
1 829.264 0.312996 0.0223831 0.667383 0.836905 0.485251 -5.36406 -4.50184 -819.399 0 
14 826.061 0.314162 0.0225174 0.669952 0.85602 0.491272 -1.39305 -5.21806 -819.45 0 
33 826.039 0.31683 0.0225219 0.666812 0.882584 0.508746 -1.38421 -5.15954 -819.495 0 
23 826.271 0.31759 0.022522 0.666469 0.936723 0.542816 -1.15182 -5.3775 -819.741 0 
16 826.686 0.326892 0.0224943 0.658477 0.889748 0.486671 -0.428425 -6.28639 -819.971 0 
23 829 0.324221 0.022552 0.663446 0.895016 0.511447 -1.24016 -7.62437 -820.135 0 
17 828.004 0.32345 0.022585 0.659974 0.927698 0.441701 -1.80456 -5.5391 -820.66 0 
13 831.429 0.317593 0.0227107 0.661822 0.938614 0.394217 -5.52036 -5.54773 -820.361 0 
19 828.392 0.317047 0.0226481 0.663261 0.930401 0.44324 -3.39614 -5.04252 -819.954 0 
67 826.135 0.30909 0.0225814 0.674268 0.921836 0.566099 -1.94167 -4.77657 -819.417 0 
27 826.841 0.316636 0.0225097 0.666617 0.921659 0.599313 -2.42512 -4.97054 -819.445 0 
14 826.324 0.31494 0.0226372 0.667898 0.932651 0.565002 -2.23729 -4.68285 -819.404 0 
10 827.605 0.316345 0.0225995 0.666518 0.963598 0.59154 -3.13011 -4.95072 -819.524 0 
8 826.489 0.317642 0.0224058 0.664576 0.962437 0.612799 -2.16484 -4.87611 -819.448 0 
14 826.98 0.319882 0.0224133 0.664501 0.928079 0.587929 -2.08364 -5.41139 -819.485 0 
1 825.84 0.310044 0.0224544 0.673611 0.934884 0.671036 -1.19803 -4.75716 -819.885 0 
7 826.208 0.318018 0.0224433 0.668576 0.900803 0.637871 -0.497827 -6.09508 -819.615 0 
7 827.834 0.313793 0.022411 0.672005 0.944071 0.68086 -1.89101 -6.30133 -819.642 0 
8 828.426 0.307177 0.0223184 0.674673 0.989426 0.715416 -3.88256 -4.62102 -819.922 0 
10 829.169 0.324901 0.0222532 0.660922 0.990805 0.715246 -1.905 -7.64205 -819.622 0 
1 827.939 0.320657 0.0224763 0.663281 1.05441 0.698342 -2.28828 -5.92726 -819.724 0 
64 826.877 0.318209 0.0226932 0.665279 1.01523 0.664052 -2.58819 -4.82145 -819.468 0 
82 827.324 0.311216 0.0226007 0.672174 1.05318 0.704509 -3.04713 -4.79385 -819.483 0 
30 829.399 0.308978 0.0225464 0.672433 1.04714 0.677754 -5.15594 -4.80187 -819.441 0 
33 827.556 0.303442 0.0225828 0.67818 1.00289 0.690248 -3.1821 -4.61534 -819.759 0 
36 826.502 0.316382 0.0224704 0.670667 0.959806 0.708997 -0.304333 -6.45479 -819.743 0 
27 826.585 0.308696 0.0223841 0.674621 1.01278 0.734496 -1.85741 -4.92294 -819.805 0 
1 828.009 0.306165 0.0226345 0.678367 1.00739 0.767231 -2.77361 -4.61571 -820.619 0 
17 827.817 0.306864 0.0223862 0.678808 1.05235 0.86167 -0.526372 -5.29891 -821.992 0 
25 828.424 0.315311 0.0223798 0.67046 1.03736 0.818824 -1.61924 -6.22497 -820.58 0 
4 828.229 0.305581 0.0224098 0.67856 1.07821 0.856092 -1.8752 -4.91522 -821.438 0 
1 827.818 0.312612 0.0224017 0.674402 1.08353 0.875774 -0.405216 -6.12614 -821.287 0 
4 827.092 0.311418 0.0224225 0.673715 1.1095 0.837213 -1.64417 -5.29043 -820.158 0 
4 828.103 0.311397 0.0225046 0.668838 1.05122 0.690645 -3.97955 -4.67006 -819.454 0 
6 827.784 0.311794 0.0225002 0.668369 1.04815 0.698281 -3.60988 -4.69559 -819.479 0 
1 828.131 0.3196 0.0225252 0.665445 1.04749 0.720682 -2.45426 -6.07816 -819.599 0 
5 827.755 0.305972 0.0224281 0.675038 1.04828 0.73151 -3.53383 -4.55238 -819.669 0 
8 827.766 0.310691 0.0225392 0.673323 1.04927 0.722286 -3.39422 -4.84552 -819.526 0 
2 830.227 0.310109 0.0227488 0.672211 1.0682 0.691183 -5.89293 -4.88568 -819.449 0 
1 829.036 0.325019 0.0225654 0.66184 1.05686 0.737332 -3.29991 -6.13829 -819.598 0 
52 826.584 0.323707 0.0224709 0.660089 1.06168 0.696531 -1.0048 -5.81061 -819.769 0 
55 826.913 0.309049 0.0225391 0.672154 1.09115 0.751425 -2.69902 -4.64501 -819.569 0 
5 828.317 0.318857 0.0225198 0.6689 1.11324 0.819765 -1.75279 -6.82393 -819.741 0 
1 830.368 0.321341 0.0227121 0.660496 1.12546 0.678352 -4.39521 -5.40383 -820.569 0 
9 830.166 0.331067 0.0225858 0.65626 1.11182 0.740541 -2.95006 -7.09364 -820.122 0 
16 827.774 0.317398 0.0225993 0.667124 1.15307 0.816813 -2.5492 -5.57083 -819.654 0 
8 828.648 0.318635 0.0224428 0.668781 1.17538 0.869543 -1.74837 -7.06356 -819.836 0 
10 828.238 0.309905 0.0226311 0.673914 1.22394 0.888288 -3.43956 -4.80674 -819.991 0 
4 827.408 0.307561 0.0225439 0.677895 1.21664 0.91788 -1.80027 -5.12751 -820.48 0 
16 827.298 0.310156 0.0225075 0.675712 1.21623 0.949269 -0.532849 -5.51557 -821.25 0 
20 829.117 0.307206 0.0224329 0.672924 1.26372 0.896523 -4.46054 -4.7954 -819.861 0 
3 831.302 0.302134 0.0224465 0.677568 1.30123 0.952653 -5.85991 -4.71475 -820.728 0 
9 827.844 0.305737 0.0226007 0.677945 1.26536 0.949122 -2.28284 -4.79116 -820.77 0 
8 828.068 0.307443 0.022383 0.675757 1.23842 0.949374 -1.9665 -4.96159 -821.14 0 
24 828.305 0.313238 0.0223026 0.672486 1.23722 0.966592 -0.678307 -6.54385 -821.083 0 
65 827.597 0.315248 0.0223172 0.669006 1.23164 0.937366 -1.21977 -5.84863 -820.529 0 
5 829.125 0.320485 0.022448 0.667298 1.20589 0.894382 -1.7746 -7.45614 -819.895 0 
4 829.587 0.323071 0.0225756 0.660797 1.18797 0.796097 -3.38363 -6.14971 -820.053 0 
15 829.483 0.320774 0.0226896 0.662736 1.15089 0.785097 -4.58418 -5.25328 -819.646 0 
78 826.814 0.314498 0.0226087 0.670886 1.12401 0.832319 -1.56294 -5.33007 -819.921 0 
24 828.519 0.315484 0.0225765 0.672645 1.10624 0.863651 -1.51275 -6.59173 -820.414 0 
22 828.357 0.317922 0.0225146 0.669412 1.16193 0.860726 -1.95584 -6.56166 -819.839 0 
2 827.943 0.318188 0.0223859 0.668523 1.15574 0.880299 -1.23792 -6.57741 -820.128 0 
19 826.67 0.307959 0.0224408 0.674717 1.17774 0.859002 -1.90554 -4.81248 -819.952 0 
16 828.766 0.312445 0.0225763 0.672507 1.21 0.86953 -3.12592 -5.88031 -819.76 0 
15 828.495 0.308635 0.02252 0.674519 1.20791 0.850573 -3.85747 -4.95488 -819.683 0 
5 829.594 0.323936 0.0223853 0.664762 1.19682 0.883337 -0.439288 -9.25053 -819.904 0 
11 830.051 0.314895 0.022379 0.674348 1.20541 0.963431 -0.595048 -8.36967 -821.086 0 
13 827.704 0.312272 0.0224406 0.673836 1.23874 0.974635 -0.231857 -5.94043 -821.531 0 
17 828.181 0.311282 0.0225453 0.674232 1.23699 0.928916 -2.50767 -5.26556 -820.408 0 
35 829.042 0.319412 0.0222603 0.667322 1.22003 0.923133 -1.19352 -7.74451 -820.104 0 
25 829.451 0.318172 0.0222669 0.662683 1.20244 0.84125 -4.59608 -5.1847 -819.67 0 
4 830.773 0.328367 0.022251 0.659777 1.2659 0.930054 -0.332833 -10.3694 -820.071 0 
4 827.64 0.317653 0.0223376 0.665329 1.25959 0.892714 -2.05059 -5.79213 -819.797 0 
13 827.892 0.313905 0.0222975 0.668992 1.22873 0.905184 -2.42745 -5.434 -820.03 0 
21 828.63 0.311139 0.0224529 0.676123 1.19014 0.950958 -0.946074 -6.07091 -821.613 0 
24 826.751 0.311956 0.0224109 0.671352 1.20855 0.879573 -1.69752 -5.16518 -819.889 0 
38 826.875 0.316543 0.0225946 0.6653 1.20316 0.812304 -2.12158 -5.07311 -819.68 0 
10 826.779 0.31436 0.0224463 0.669824 1.23051 0.886661 -1.42033 -5.55307 -819.806 0 
33 826.555 0.313529 0.0225611 0.671604 1.24851 0.899057 -0.980259 -5.74964 -819.826 0 
2 828.316 0.310383 0.0223419 0.673458 1.24464 0.943157 -2.40571 -5.22563 -820.685 0 
56 827.269 0.31886 0.0226222 0.665889 1.22279 0.86931 -1.83535 -5.69236 -819.741 0 
25 828.347 0.320823 0.0225943 0.666435 1.25178 0.926327 -1.60465 -6.74659 -819.996 0 
18 827.267 0.316373 0.0224013 0.666066 1.21705 0.832977 -1.93666 -5.5453 -819.785 0 
56 826.334 0.314263 0.0225462 0.669496 1.21004 0.861988 -1.42397 -5.18387 -819.726 0 
10 828.299 0.312139 0.022705 0.671236 1.2251 0.862705 -3.6015 -4.99829 -819.699 0 
47 827.517 0.313523 0.0226743 0.670882 1.28182 0.896539 -2.24788 -5.48067 -819.788 0 
17 828.378 0.310922 0.0225146 0.670046 1.27235 0.873464 -3.61358 -5.06876 -819.695 0 
7 827.39 0.308738 0.0226111 0.673172 1.30099 0.901247 -2.54247 -5.09024 -819.757 0 
35 826.986 0.311278 0.0225648 0.673538 1.32124 0.956213 -1.16273 -5.7952 -820.028 0 
13 828.395 0.310086 0.0224746 0.670443 1.37062 0.962285 -3.32931 -5.09894 -819.967 0 
9 829.125 0.316446 0.0226576 0.66957 1.3189 0.950739 -2.75465 -6.40208 -819.968 0 
16 827.888 0.321858 0.0225483 0.664713 1.29988 0.948329 -0.870111 -7.02245 -819.996 0 
1 830.359 0.318387 0.0223848 0.661265 1.33554 0.882417 -4.41259 -5.69812 -820.248 0 
10 827.128 0.320862 0.0225702 0.66235 1.32116 0.919691 -1.49171 -5.75264 -819.883 0 
24 826.675 0.312469 0.0225522 0.670532 1.30327 0.931644 -1.54476 -5.21642 -819.914 0 
17 827.755 0.323954 0.0225198 0.662633 1.26693 0.919598 -0.941209 -6.91377 -819.9 0 
10 828.309 0.311545 0.0227218 0.670745 1.31819 0.897572 -3.24275 -5.25597 -819.811 0 
3 828.502 0.316295 0.0225645 0.671203 1.27705 0.953661 -1.22899 -7.1163 -820.157 0 
21 828.336 0.306954 0.0224505 0.674304 1.28925 0.94575 -3.15494 -4.72921 -820.452 0 
4 831.066 0.306043 0.022692 0.674594 1.28749 0.895946 -6.42144 -4.89036 -819.754 0 
2 831.828 0.306216 0.0227479 0.681695 1.26152 0.973605 -4.95653 -5.78937 -821.082 0 
2 828.807 0.31103 0.0227551 0.671925 1.22652 0.847103 -4.20177 -4.95357 -819.652 0 
2 829.53 0.313353 0.0227965 0.669728 1.20181 0.816227 -4.89871 -4.98946 -819.642 0 
6 826.876 0.315356 0.0225695 0.668812 1.23987 0.867664 -1.6328 -5.50559 -819.738 0 
1 828.553 0.308788 0.0225344 0.671044 1.27112 0.880864 -3.88599 -4.95806 -819.709 0 
33 826.83 0.31416 0.0225424 0.671801 1.23638 0.897939 -0.864833 -6.11969 -819.845 0 
21 827.633 0.311378 0.0225498 0.671027 1.25305 0.875782 -2.90665 -5.018 -819.708 0 
1 827.49 0.306721 0.0226571 0.67533 1.23206 0.8738 -2.89027 -4.77323 -819.827 0 
5 826.316 0.31443 0.0225336 0.669891 1.25252 0.899487 -0.898831 -5.59496 -819.822 0 
36 826.534 0.315552 0.0224883 0.667486 1.24924 0.909276 -1.47771 -5.0581 -819.998 0 
2 826.792 0.318558 0.0225982 0.666036 1.23493 0.865332 -1.29099 -5.74229 -819.759 0 
25 827.321 0.317892 0.0224426 0.664446 1.21908 0.837137 -2.25659 -5.3399 -819.724 0 
10 827.042 0.31953 0.0223491 0.664278 1.21592 0.862943 -1.16489 -6.11557 -819.762 0 
27 826.96 0.30896 0.0223701 0.675377 1.25615 0.933133 -1.0944 -5.6775 -820.188 0 
7 826.773 0.308431 0.0224638 0.674286 1.27228 0.899663 -1.74826 -5.23817 -819.786 0 
39 827.065 0.312009 0.0225984 0.673722 1.24875 0.899019 -1.44135 -5.80031 -819.823 0 
61 826.772 0.318837 0.0225062 0.665083 1.24665 0.858325 -0.944816 -5.94909 -819.878 0 
2 828.723 0.320752 0.0225426 0.664814 1.25052 0.884886 -1.94274 -6.8952 -819.885 0 
3 829.12 0.320663 0.0224464 0.666494 1.26256 0.915429 -1.74912 -7.46085 -819.91 0 
4 831.972 0.320062 0.022436 0.670211 1.25499 1.00029 -1.42725 -9.32713 -821.217 0 
30 831.313 0.314356 0.0222624 0.670178 1.30577 1.02463 -2.88069 -6.4223 -822.01 0 
2 832.298 0.310362 0.0224527 0.67002 1.32245 0.928034 -7.35234 -5.10145 -819.845 0 
4 832.191 0.310231 0.0224524 0.671917 1.32671 0.932449 -7.17071 -5.16426 -819.856 0 
11 832.371 0.315923 0.0225932 0.671559 1.35562 0.977703 -5.46146 -6.84825 -820.062 0 
21 829.024 0.319994 0.0225617 0.667072 1.36026 0.966585 -1.09122 -7.82604 -820.106 0 
8 829.437 0.312444 0.0225376 0.667246 1.37704 0.921078 -3.92005 -5.50946 -820.008 0 
11 828.266 0.316005 0.0224534 0.667977 1.37117 0.973532 -1.67559 -6.55336 -820.037 0 
11 828.428 0.312906 0.0224054 0.669338 1.41553 1.02028 -2.58857 -5.37046 -820.469 0 
17 830.059 0.303671 0.0225086 0.675968 1.42445 1.00009 -4.68532 -5.12797 -820.245 0 
6 830.826 0.310142 0.0225219 0.672819 1.42082 1.01141 -4.76007 -5.85477 -820.211 0 
44 827.408 0.308888 0.0225711 0.674446 1.41793 1.02335 -1.59935 -5.28097 -820.528 0 
68 827.698 0.305266 0.0226244 0.677349 1.40078 0.99575 -2.38361 -5.09683 -820.218 0 
11 830.005 0.307012 0.0225539 0.672032 1.39153 0.948982 -4.79444 -5.35908 -819.851 0 
24 828.474 0.321442 0.0223264 0.664072 1.38073 0.997482 -0.475143 -7.82783 -820.171 0 
13 829.411 0.323596 0.0224636 0.661382 1.38213 0.960319 -1.31072 -7.81574 -820.285 0 
31 828.914 0.320731 0.0224246 0.665621 1.39573 0.990681 -0.182021 -8.50749 -820.225 0 
8 830.393 0.318768 0.0223566 0.66624 1.37633 0.967296 -3.11647 -7.16957 -820.107 0 
4 829.645 0.3166 0.0224294 0.671678 1.35154 1.03998 -0.215957 -8.26032 -821.169 0 
36 827.581 0.31408 0.0224814 0.670864 1.36395 1.02368 -0.823673 -5.70909 -821.048 0 
23 827.447 0.317195 0.0226212 0.667352 1.32161 0.959276 -1.74967 -5.61985 -820.077 0 
6 829.447 0.311733 0.0224117 0.676523 1.29837 1.0163 -0.201709 -7.92715 -821.318 0 
11 829.109 0.316542 0.0222265 0.667451 1.23711 0.933049 -2.77749 -6.00631 -820.325 0 
2 828.8 0.315971 0.0222424 0.668956 1.21798 0.93633 -1.9418 -6.27085 -820.588 0 
11 828.714 0.313244 0.0223654 0.673899 1.24175 0.964143 -1.05733 -6.82696 -820.83 0 
16 828.639 0.305706 0.0223525 0.67868 1.25001 0.97727 -1.57935 -5.34923 -821.71 0 
52 828.383 0.305494 0.022287 0.678751 1.22914 0.942846 -2.0841 -5.45229 -820.847 0 
8 828.063 0.31361 0.0226268 0.667711 1.21642 0.79006 -2.8362 -5.26817 -819.958 0 
13 827.847 0.315307 0.0226036 0.67116 1.28215 0.919991 -1.43242 -6.53166 -819.883 0 
5 829.807 0.308637 0.0227366 0.674187 1.30726 0.942294 -4.85662 -4.83089 -820.119 0 
10 831.456 0.318864 0.0225673 0.670586 1.27229 0.98286 -2.33498 -8.51758 -820.604 0 
12 831.864 0.311089 0.0228304 0.675214 1.38802 1.02938 -5.54822 -5.33806 -820.978 0 
26 828.09 0.310326 0.0225517 0.672323 1.4549 1.00919 -2.05439 -5.90672 -820.129 0 
1 832.653 0.319516 0.0224398 0.664538 1.45614 0.998838 -5.53502 -6.83911 -820.279 0 
14 828.634 0.320782 0.0224737 0.665733 1.43228 1.02797 -0.409066 -7.93246 -820.293 0 
5 828.424 0.30576 0.0224535 0.676998 1.46192 1.05251 -2.27104 -5.35366 -820.8 0 
22 828.914 0.310981 0.0224502 0.670963 1.44519 1.03139 -2.95542 -5.5389 -820.42 0 
33 829.16 0.308776 0.0225399 0.673901 1.49132 1.04018 -2.87357 -5.99762 -820.289 0 
8 829.385 0.308753 0.0226029 0.674458 1.48035 1.05529 -3.35258 -5.33802 -820.695 0 
8 828.812 0.307061 0.0224834 0.674296 1.5022 1.04958 -2.89965 -5.49779 -820.415 0 
1 831.239 0.312054 0.0226833 0.666664 1.45898 0.955313 -4.955 -6.07757 -820.206 0 
6 831.611 0.317476 0.0227071 0.666092 1.46788 0.967112 -4.09894 -6.72136 -820.79 0 
17 833.547 0.309901 0.0228719 0.675432 1.52308 1.04336 -7.09467 -6.17958 -820.273 0 
1 833.856 0.309808 0.0226533 0.674755 1.56625 1.09787 -6.22514 -6.8846 -820.746 0 
16 831.442 0.307147 0.0223709 0.678245 1.53369 1.13005 -2.07701 -7.30202 -822.063 0 
3 830.881 0.307871 0.0224713 0.671668 1.51099 1.06002 -4.87827 -5.27383 -820.728 0 
9 834.479 0.308138 0.022685 0.669632 1.48625 0.993776 -8.66239 -5.80191 -820.015 0 
15 835.563 0.310369 0.0226267 0.668115 1.4527 0.992322 -10.2243 -5.33287 -820.006 0 
9 831.685 0.307663 0.0225869 0.67007 1.42368 0.970769 -6.11833 -5.64372 -819.923 0 
1 827.967 0.31414 0.0226802 0.670305 1.3713 0.969072 -2.28352 -5.70365 -819.98 0 
2 831.615 0.320524 0.022774 0.665046 1.37956 0.943975 -5.1736 -6.30477 -820.136 0 
6 830.738 0.313667 0.0225535 0.670938 1.3921 0.982598 -4.85228 -5.85748 -820.028 0 
11 830.379 0.318202 0.0224271 0.662843 1.38134 0.898617 -2.75637 -6.56613 -821.056 0 
6 832.343 0.313017 0.0224116 0.669079 1.39793 0.9664 -6.70823 -5.66183 -819.973 0 
22 830.552 0.314902 0.0222127 0.668415 1.38173 1.00336 -3.45635 -6.84988 -820.245 0 
1 833.709 0.314238 0.0224026 0.670296 1.35158 1.01203 -6.29468 -6.74305 -820.671 0 
5 831.523 0.317685 0.0223795 0.669912 1.35758 1.00311 -3.31069 -7.92617 -820.286 0 
10 831.423 0.311207 0.0223662 0.671432 1.38486 1.01526 -5.05904 -5.80705 -820.557 0 
7 832.138 0.310698 0.0224303 0.667256 1.39001 0.922909 -6.52651 -5.60874 -820.003 0 
44 827.807 0.312801 0.022589 0.669502 1.34728 0.918126 -2.21163 -5.62494 -819.971 0 
80 827.214 0.309656 0.0224862 0.673107 1.38627 0.985898 -1.63646 -5.48721 -820.09 0 
17 828.835 0.310675 0.0226069 0.67255 1.38841 0.985151 -3.21725 -5.55088 -820.066 0 
6 829.846 0.314524 0.0223212 0.666703 1.32723 0.935607 -4.37605 -5.58332 -819.887 0 
14 829.351 0.323589 0.0225167 0.660212 1.2912 0.875026 -2.32948 -6.73011 -820.292 0 
20 827.892 0.315828 0.0223853 0.668786 1.31763 0.950076 -1.66051 -6.25885 -819.973 0 
1 828.883 0.31713 0.022487 0.667922 1.27653 0.916816 -2.26268 -6.7323 -819.888 0 
8 828.026 0.311512 0.0223677 0.673018 1.26707 0.930075 -2.23917 -5.75145 -820.035 0 
55 828.785 0.320817 0.0226137 0.661579 1.23411 0.787361 -2.14557 -5.91191 -820.727 0 
18 827.642 0.325277 0.0224996 0.659557 1.21796 0.817941 -0.530442 -6.81809 -820.294 0 
11 827.931 0.318401 0.0226543 0.665639 1.21674 0.84241 -2.98615 -5.26016 -819.685 0 
10 828.215 0.308885 0.0226544 0.677946 1.24358 0.941233 -2.08046 -5.64329 -820.491 0 
19 826.954 0.314088 0.0226137 0.669382 1.27088 0.882155 -1.83811 -5.35455 -819.761 0 
22 827.66 0.318538 0.0224872 0.667256 1.27975 0.919875 -1.27543 -6.501 -819.883 0 
13 827.25 0.309985 0.022402 0.673276 1.32299 0.955946 -1.58773 -5.62304 -820.039 0 
59 827.218 0.315686 0.0224171 0.667973 1.34693 0.963696 -1.07692 -6.14001 -820.001 0 
36 832.139 0.311145 0.0224087 0.666876 1.32425 0.878175 -6.84211 -5.38346 -819.914 0 
3 833.721 0.311154 0.0222681 0.67117 1.29718 0.930164 -8.50954 -5.28574 -819.926 0 
13 828.13 0.309513 0.0226365 0.67169 1.32678 0.897889 -3.03918 -5.27647 -819.814 0 
14 828.734 0.307533 0.0225867 0.677545 1.32046 0.966702 -3.22095 -5.23734 -820.276 0 
179 826.7 0.305924 0.0225145 0.678044 1.28454 0.937525 -1.46561 -5.10708 -820.127 0 
1 832.505 0.298728 0.0228252 0.682084 1.28392 0.900687 -6.85775 -5.6155 -820.031 0 
1 830.544 0.308698 0.0227232 0.675699 1.29192 0.935208 -5.33753 -5.19584 -820.011 0 
2 829.841 0.303314 0.0226816 0.681836 1.29701 0.973971 -3.96927 -5.04801 -820.824 0 
17 829.527 0.301964 0.0226415 0.681842 1.26985 0.949264 -4.03972 -4.74764 -820.739 0 
1 829.112 0.306921 0.0227268 0.678179 1.23605 0.91612 -3.87682 -4.97987 -820.255 0 
1 831.009 0.318012 0.0226892 0.663872 1.23586 0.814908 -5.60934 -5.37651 -820.024 0 
1 831.228 0.325111 0.0225 0.664557 1.21757 0.913679 -1.5659 -9.68253 -819.98 0 
5 831.577 0.323794 0.0224801 0.662381 1.24952 0.872691 -3.14805 -8.25643 -820.173 0 
4 830.391 0.329457 0.0224534 0.65826 1.19481 0.808916 -0.888973 -8.87293 -820.629 0 
3 830.382 0.329723 0.0223232 0.653396 1.21526 0.772207 -1.66439 -7.28599 -821.431 0 
25 829.193 0.329399 0.0222542 0.65648 1.20287 0.847055 -0.912226 -8.24653 -820.034 0 
12 830.554 0.332922 0.0223203 0.654964 1.19512 0.838064 -0.107025 -10.0989 -820.348 0 
16 829.826 0.33304 0.0223082 0.652033 1.2457 0.833058 -0.692042 -8.27694 -820.857 0 
2 832.403 0.334309 0.0222742 0.654083 1.25879 0.894552 -1.80341 -10.2897 -820.31 0 
4 833.383 0.314599 0.0222117 0.665128 1.29706 0.892602 -8.27926 -5.30875 -819.795 0 
57 827.977 0.319872 0.0224105 0.661207 1.26561 0.86258 -2.80889 -5.35927 -819.809 0 
54 827.083 0.317314 0.0225279 0.664825 1.29813 0.891222 -1.74783 -5.48523 -819.85 0 
21 829.126 0.321389 0.0225542 0.660957 1.2526 0.828684 -3.50967 -5.55461 -820.062 0 
2 832.973 0.323042 0.0224635 0.66116 1.25742 0.856684 -7.00904 -5.99243 -819.971 0 
8 828.32 0.312667 0.0225541 0.667814 1.29061 0.86381 -3.17954 -5.2735 -819.867 0 
8 827.248 0.318284 0.0223641 0.666589 1.27234 0.916388 -0.553146 -6.80446 -819.89 0 
3 833.469 0.31053 0.0225213 0.667817 1.3157 0.850201 -7.58652 -5.82989 -820.053 0 
8 831.851 0.320136 0.0225945 0.66984 1.24256 0.954952 -3.14143 -8.36065 -820.349 0 
16 829.4 0.311235 0.0223441 0.675986 1.23849 1.00135 -0.124683 -6.98511 -822.291 0 
13 828.142 0.317874 0.0225322 0.669313 1.27271 0.959037 -1.15184 -6.66192 -820.329 0 
22 827.853 0.313006 0.0223075 0.669926 1.24806 0.91814 -2.32003 -5.47628 -820.057 0 
15 828.316 0.317817 0.0224741 0.668251 1.23486 0.896001 -2.15999 -6.31941 -819.836 0 
10 828.291 0.324579 0.022418 0.663288 1.16809 0.863665 -0.418032 -8.04675 -819.826 0 
8 828.368 0.323093 0.0223236 0.662513 1.12813 0.790078 -1.65423 -6.94254 -819.771 0 
8 826.856 0.3191 0.0223645 0.666251 1.10115 0.805054 -0.598484 -6.55075 -819.707 0 
1 828.838 0.317049 0.0224553 0.67188 1.12345 0.882116 -0.552223 -7.94757 -820.338 0 
1 827.208 0.314756 0.022608 0.669712 1.14174 0.834975 -2.41838 -4.87966 -819.91 0 
2 829.044 0.32306 0.022361 0.664935 1.16061 0.879271 -0.31847 -8.7926 -819.933 0 
25 827.398 0.312361 0.022426 0.669742 1.18057 0.85403 -2.63367 -4.93401 -819.831 0 
11 827.839 0.315146 0.0224249 0.666775 1.12045 0.799596 -3.24421 -4.9149 -819.68 0 
14 828.234 0.323486 0.0223535 0.663492 1.09864 0.821757 -1.36243 -7.06173 -819.81 0 
23 828.689 0.322897 0.022309 0.66373 1.11833 0.809412 -1.53145 -7.43425 -819.724 0 
30 828.662 0.32118 0.0223032 0.664277 1.12291 0.848223 -1.69309 -7.03665 -819.932 0 
30 827.46 0.32194 0.0223333 0.661619 1.15238 0.81261 -2.05574 -5.74209 -819.662 0 
4 827.269 0.322455 0.0223744 0.661577 1.1724 0.79772 -0.945397 -6.38347 -819.94 0 
20 828.601 0.326548 0.0223067 0.65685 1.15904 0.799855 -2.27775 -6.49035 -819.833 0 
11 831.722 0.33689 0.0222282 0.650694 1.14398 0.780436 -1.39804 -9.77832 -820.546 0 
18 830.97 0.332612 0.0224907 0.649794 1.14652 0.645875 -1.43908 -6.68652 -822.845 0 
4 830.569 0.326283 0.0224781 0.65549 1.13914 0.674522 -2.79822 -6.20506 -821.566 0 
30 830.541 0.332474 0.0224378 0.652968 1.15651 0.707877 -0.281232 -8.14189 -822.118 0 
17 830.768 0.32572 0.0223937 0.658538 1.14242 0.71708 -1.85043 -7.62149 -821.296 0 
11 830.604 0.33221 0.0224044 0.650696 1.15193 0.679057 -1.31509 -7.00586 -822.283 0 
6 831.195 0.333218 0.022596 0.65242 1.16058 0.711973 -1.65575 -7.6562 -821.883 0 
4 831.501 0.330357 0.0224313 0.656406 1.17174 0.788172 -3.53524 -7.61394 -820.352 0 
24 829.962 0.32826 0.0222463 0.655988 1.19084 0.79952 -2.22258 -7.36101 -820.378 0 
6 833.011 0.322716 0.0224102 0.659471 1.17615 0.754769 -5.88757 -6.4414 -820.682 0 
2 833.208 0.317644 0.0225088 0.660619 1.20892 0.727851 -6.50812 -5.6304 -821.069 0 
16 832.292 0.315826 0.0225463 0.666267 1.15909 0.777234 -7.15509 -5.37036 -819.767 0 
1 831.056 0.321155 0.0224503 0.667341 1.16299 0.870435 -3.61586 -7.56449 -819.876 0 
1 830.205 0.307367 0.0225744 0.673769 1.20054 0.829375 -5.64517 -4.93246 -819.627 0 
42 829.763 0.31636 0.0226584 0.671618 1.15312 0.885598 -3.03694 -6.45113 -820.275 0 
1 828.814 0.31342 0.022416 0.674352 1.20903 0.97335 -0.0820481 -6.98272 -821.75 0 
26 827.994 0.311019 0.0225134 0.673225 1.18004 0.898416 -2.45999 -4.79185 -820.742 0 
6 827.922 0.314645 0.0223689 0.671795 1.14998 0.885277 -1.31582 -6.26418 -820.342 0 
2 828.25 0.317393 0.0225258 0.664431 1.17114 0.775223 -3.0741 -5.32516 -819.85 0 
11 830.203 0.324356 0.0223255 0.664898 1.13233 0.866733 -0.782865 -9.48186 -819.938 0 
16 828.245 0.322498 0.0224314 0.664665 1.15842 0.834069 -1.09643 -7.37931 -819.769 0 
8 829.6 0.319888 0.0223226 0.660859 1.144 0.741518 -4.11911 -5.46988 -820.011 0 
10 827.827 0.313132 0.0224273 0.667834 1.14139 0.774258 -3.32117 -4.92658 -819.579 0 
4 825.795 0.314733 0.022519 0.668933 1.11431 0.780356 -1.04037 -5.16503 -819.59 0 
2 827.64 0.315017 0.0223469 0.672345 1.14538 0.874721 -0.0399789 -7.55901 -820.041 0 
1 832.456 0.319264 0.0223761 0.667896 1.10404 0.825613 -6.11648 -6.49454 -819.845 0 
18 828.775 0.307481 0.0222775 0.674536 1.13675 0.829926 -3.9792 -4.91678 -819.879 0 
8 829.282 0.309725 0.0223113 0.670835 1.09123 0.783317 -4.85902 -4.59016 -819.833 0 
6 827.302 0.31439 0.0223454 0.671058 1.06088 0.814076 -1.37372 -5.67889 -820.249 0 
46 827.81 0.310952 0.0223484 0.670657 1.10963 0.809217 -3.18436 -4.69763 -819.928 0 
20 826.002 0.309811 0.0225252 0.674758 1.08666 0.815522 -0.887958 -4.93307 -820.181 0 
4 827.473 0.309529 0.0226737 0.675671 1.05698 0.799731 -2.35369 -4.66733 -820.452 0 
9 831.94 0.305996 0.0228381 0.68074 1.07901 0.825603 -6.55218 -4.80603 -820.582 0 
15 832.191 0.310089 0.0228943 0.676136 1.15698 0.852333 -7.32746 -4.83169 -820.032 0 
2 828.374 0.309423 0.0227151 0.677069 1.13634 0.827618 -3.19393 -5.41494 -819.765 0 
8 827.572 0.303428 0.0226957 0.682028 1.16371 0.866854 -2.5386 -4.80316 -820.231 0 
86 829.354 0.297285 0.0226832 0.688098 1.18257 0.910515 -3.34684 -4.54997 -821.458 0 
20 829.428 0.305503 0.0227533 0.676897 1.17984 0.821161 -4.90254 -4.85454 -819.67 0 
6 829.182 0.303398 0.0223978 0.678041 1.20766 0.897972 -3.99081 -4.59773 -820.594 0 
49 828.951 0.304282 0.0222688 0.680111 1.21658 0.947245 -2.29863 -5.40253 -821.25 0 
7 829.291 0.312078 0.0226195 0.673193 1.22521 0.920481 -3.83785 -4.95421 -820.499 0 
3 829.2 0.301759 0.0226378 0.680642 1.23148 0.939777 -2.80185 -4.61655 -821.781 0 
8 829.533 0.316518 0.0226134 0.669082 1.20202 0.913793 -3.42765 -5.69053 -820.415 0 
74 827.183 0.303756 0.0225531 0.679634 1.28482 0.94599 -1.94868 -4.79752 -820.437 0 
14 829.134 0.299131 0.0226037 0.685194 1.32804 1.01108 -2.52334 -4.76525 -821.845 0 
12 831.344 0.304263 0.0224584 0.682828 1.30326 1.03976 -2.57318 -5.55862 -823.212 0 
6 828.403 0.309438 0.0225457 0.677729 1.28871 0.996475 -0.905303 -6.29123 -821.206 0 
7 828.377 0.301222 0.022425 0.68364 1.29694 1.00936 -1.11223 -5.06079 -822.204 0 
2 826.617 0.309317 0.0225439 0.674874 1.28662 0.934785 -1.33103 -5.25113 -820.035 0 
33 829.298 0.30611 0.0224 0.678791 1.2568 0.981533 -2.34311 -5.08472 -821.87 0 
10 830.855 0.311822 0.0222846 0.676216 1.2311 1.01567 -0.184954 -7.75695 -822.913 0 
2 831.977 0.312976 0.022294 0.675876 1.2113 1.01613 -0.219286 -8.52847 -823.23 0 
5 832.5 0.310876 0.0223189 0.677695 1.1995 0.993408 -2.52492 -7.15102 -822.824 0 
4 833.208 0.316671 0.0223076 0.674288 1.15244 0.964608 -0.660261 -10.8713 -821.676 0 
6 829.966 0.304824 0.0224561 0.6817 1.14493 0.941446 -1.81207 -5.16375 -822.99 0 
10 827.612 0.311837 0.0226623 0.670649 1.1499 0.79696 -3.23965 -4.78929 -819.584 0 
2 826.36 0.313075 0.0225242 0.671446 1.12408 0.832284 -1.17909 -5.24114 -819.94 0 
9 826.512 0.318738 0.0225857 0.664908 1.12545 0.753452 -1.40017 -5.40252 -819.71 0 
1 827.963 0.320329 0.0224651 0.663594 1.14085 0.773278 -1.93845 -6.17326 -819.852 0 
85 826.354 0.322146 0.0224472 0.661562 1.1304 0.783138 -0.955047 -5.74178 -819.657 0 
8 826.453 0.318925 0.0225113 0.667002 1.13519 0.858812 -0.510612 -5.82965 -820.113 0 
20 826.519 0.317955 0.0224465 0.665999 1.18442 0.844524 -1.32285 -5.49805 -819.698 0 
68 826.436 0.314517 0.0224784 0.670566 1.24493 0.917498 -0.621752 -5.7976 -820.017 0 
5 829.904 0.320937 0.0223297 0.666549 1.26862 0.988387 -1.39743 -7.54525 -820.961 0 
4 826.887 0.314148 0.0224479 0.670853 1.27144 0.944176 -0.638039 -6.07761 -820.171 0 
27 827.82 0.32104 0.0224072 0.662909 1.29666 0.895419 -1.28775 -6.49838 -820.034 0 
20 827.458 0.322059 0.0224669 0.661327 1.2784 0.865629 -1.11082 -6.21316 -820.134 0 
10 829.479 0.323631 0.022214 0.661576 1.29187 0.938789 -1.61023 -7.88087 -819.988 0 
62 827.904 0.317953 0.0222854 0.666551 1.24773 0.927535 -1.52121 -6.2991 -820.084 0 
18 827.772 0.323317 0.0224575 0.663166 1.24542 0.899479 -0.327699 -7.55557 -819.889 0 
1 827.79 0.315853 0.0223554 0.666083 1.27212 0.894697 -2.55644 -5.45106 -819.782 0 
19 828.161 0.313362 0.0224787 0.67425 1.21517 0.956179 -0.428214 -6.64227 -821.091 0 
22 829.954 0.310764 0.0223586 0.671656 1.27035 0.931885 -4.45124 -5.40235 -820.1 0 
4 829.791 0.320535 0.0222874 0.6627 1.30207 0.91475 -3.63872 -6.24779 -819.904 0 
17 828.526 0.315114 0.0223923 0.667051 1.35654 0.952314 -3.02663 -5.57674 -819.923 0 
25 827.303 0.317764 0.0223731 0.66544 1.31789 0.956198 -1.54317 -5.69863 -820.061 0 
9 828.469 0.317936 0.0224397 0.662622 1.34122 0.92146 -3.19274 -5.40345 -819.873 0 
14 827.406 0.317057 0.0226111 0.66713 1.37182 0.96456 -1.47058 -5.95815 -819.977 0 
8 829.066 0.317295 0.0225466 0.664278 1.41528 0.941868 -2.63455 -6.0714 -820.36 0 
20 828.955 0.313682 0.0226562 0.672602 1.41039 1.00647 -2.08874 -6.70713 -820.159 0 
48 830.03 0.310934 0.0227838 0.674364 1.3608 0.979866 -4.59499 -5.27457 -820.16 0 
15 832.951 0.310895 0.0228596 0.673085 1.34063 0.971165 -7.74366 -4.9305 -820.277 0 
9 828.096 0.314486 0.0226803 0.669412 1.30238 0.931592 -2.89696 -5.293 -819.906 0 
10 829.249 0.314181 0.0227368 0.670301 1.28459 0.902793 -4.24934 -5.22518 -819.775 0 
14 830.003 0.321623 0.0226 0.661115 1.27951 0.84842 -3.57153 -6.07149 -820.36 0 
2 829.416 0.313623 0.0226758 0.671301 1.32554 0.922708 -3.83676 -5.70467 -819.874 0 
21 828.628 0.317199 0.0227294 0.666338 1.34653 0.921313 -3.08985 -5.6048 -819.933 0 
67 827.578 0.314544 0.0226698 0.668217 1.32242 0.910849 -2.41151 -5.34068 -819.826 0 
15 826.834 0.314206 0.0225314 0.669488 1.36034 0.968103 -1.09024 -5.7447 -819.999 0 
7 830.701 0.307846 0.0224378 0.67173 1.40061 0.952101 -5.31806 -5.43085 -819.952 0 
7 829.16 0.309524 0.0225958 0.671596 1.38334 0.943718 -3.89963 -5.38517 -819.875 0 
28 827.923 0.314962 0.0225543 0.670923 1.40579 1.00512 -0.949997 -6.81143 -820.161 0 
17 828.166 0.317212 0.0223508 0.668131 1.39228 1.0211 -0.680597 -7.07218 -820.413 0 
90 827.643 0.309156 0.0224541 0.673026 1.39604 0.984477 -2.10621 -5.49086 -820.046 0 
29 827.251 0.310519 0.022518 0.672759 1.42722 1.01463 -1.32958 -5.69151 -820.23 0 
23 830.997 0.306409 0.022344 0.676685 1.4556 1.04795 -4.71693 -5.61381 -820.666 0 
31 829.967 0.308547 0.0223661 0.672188 1.41784 0.983733 -4.48767 -5.46989 -820.009 0 
22 828.465 0.314801 0.0223173 0.670364 1.36439 1.00999 -1.25217 -6.74782 -820.465 0 
5 829.379 0.312596 0.0225658 0.667003 1.32894 0.904473 -4.37069 -5.26401 -819.744 0 
3 828.933 0.312228 0.0224974 0.672362 1.29551 0.950493 -3.41235 -5.33341 -820.188 0 
56 827.215 0.319337 0.0225988 0.665163 1.2479 0.860796 -1.52348 -5.84598 -819.845 0 
8 827.88 0.318318 0.0225282 0.667366 1.25666 0.882689 -0.993867 -6.94943 -819.937 0 
23 828.508 0.312573 0.0226614 0.672331 1.25083 0.889605 -3.47689 -5.25977 -819.771 0 
12 828.875 0.307837 0.0225829 0.678904 1.26995 0.974401 -2.33781 -5.46255 -821.074 0 
26 829.872 0.307364 0.0222677 0.677142 1.29552 1.01745 -1.96966 -5.65206 -822.251 0 
15 828.058 0.307231 0.0224415 0.675051 1.26479 0.951946 -2.37706 -4.68729 -820.994 0 
55 826.866 0.316495 0.0224655 0.666432 1.27219 0.89268 -1.42568 -5.6422 -819.798 0 
13 827.677 0.317996 0.0223625 0.66578 1.317 0.953162 -1.70377 -5.96268 -820.011 0 
2 828.871 0.31074 0.0225914 0.674263 1.33447 0.959816 -3.34276 -5.50478 -820.024 0 
12 828.696 0.312077 0.0226577 0.669206 1.33614 0.894826 -3.36054 -5.4221 -819.914 0 
2 829.407 0.311519 0.0227477 0.67145 1.33087 0.91681 -4.39495 -5.21977 -819.792 0 
52 827.964 0.313118 0.0227164 0.671167 1.29989 0.937607 -2.86235 -5.08992 -820.012 0 
30 826.932 0.318024 0.0225791 0.66572 1.29365 0.929129 -1.54063 -5.48336 -819.908 0 
13 827.478 0.320671 0.0226055 0.663096 1.28058 0.869688 -1.47951 -5.96563 -820.033 0 
3 828.014 0.32315 0.0224877 0.664018 1.22902 0.885736 -0.551982 -7.59043 -819.871 0 
13 828.008 0.321731 0.0224469 0.659868 1.21458 0.797563 -2.37074 -5.54835 -820.089 0 
6 826.378 0.318786 0.0224139 0.66566 1.15754 0.826604 -0.644429 -6.04368 -819.69 0 
38 826.796 0.321065 0.0225243 0.660881 1.13933 0.751501 -1.84816 -5.19831 -819.75 0 
7 827.362 0.321744 0.0224142 0.661487 1.15697 0.772771 -1.67151 -5.78937 -819.901 0 
18 827.034 0.316126 0.0225096 0.669756 1.17483 0.841328 -1.24155 -6.08049 -819.712 0 
22 828.798 0.304387 0.0226777 0.676214 1.15851 0.812732 -4.17475 -4.82984 -819.794 0 
2 830.256 0.311141 0.0226548 0.673172 1.19725 0.812431 -5.32857 -5.23098 -819.696 0 
5 832.811 0.308686 0.0228244 0.67063 1.27803 0.804053 -6.7526 -5.79374 -820.264 0 
1 831.36 0.309191 0.0228139 0.673481 1.27571 0.871682 -6.57274 -5.06476 -819.722 0 
14 829.439 0.324028 0.0226184 0.662974 1.23181 0.85157 -2.22351 -7.15448 -820.061 0 
2 828.35 0.322699 0.0226475 0.662493 1.25413 0.855498 -2.15037 -6.18737 -820.012 0 
2 828.767 0.32901 0.0225761 0.656707 1.24986 0.844085 -1.13655 -7.22959 -820.4 0 
13 828.704 0.324833 0.022352 0.659861 1.27219 0.869634 -0.634627 -7.68731 -820.382 0 
29 830.39 0.32992 0.0224081 0.654415 1.25198 0.798126 -0.947837 -7.70306 -821.739 0 
39 831.875 0.329449 0.0224485 0.652125 1.28084 0.778263 -2.02715 -7.03758 -822.81 0 
9 831.995 0.330091 0.0226103 0.653973 1.24397 0.746533 -1.54933 -7.38742 -823.058 0 
12 832.212 0.33015 0.0225486 0.655514 1.24032 0.78527 -2.82262 -7.61056 -821.779 0 
3 830.469 0.327881 0.0225927 0.658772 1.26049 0.835396 -1.55557 -7.9422 -820.972 0 
31 828.183 0.322675 0.0224852 0.66479 1.23538 0.902829 -0.66047 -7.63659 -819.886 0 
1 829.347 0.321953 0.022321 0.664248 1.30276 0.930776 -0.516992 -8.73038 -820.1 0 
4 831.513 0.313539 0.0223416 0.670909 1.31183 0.956723 -5.60126 -5.82677 -820.085 0 
12 831.05 0.317381 0.022422 0.66916 1.29256 0.953669 -4.35273 -6.60724 -820.09 0 
27 827.421 0.306425 0.0225253 0.676151 1.27437 0.931168 -2.37206 -4.77452 -820.274 0 
4 828.55 0.305135 0.0225435 0.677581 1.26182 0.960181 -2.4031 -4.59982 -821.547 0 
2 830.848 0.307563 0.0225098 0.680884 1.22913 1.00868 -1.08279 -6.75705 -823.008 0 
6 828.709 0.308459 0.0223633 0.674437 1.25015 0.941726 -2.94673 -5.15287 -820.61 0 
26 828.585 0.307012 0.0223881 0.677892 1.23749 0.96591 -1.80349 -5.17714 -821.605 0 
1 829.605 0.301011 0.0226269 0.680573 1.29366 0.956468 -3.99813 -4.66407 -820.943 0 
10 828.012 0.302796 0.0226718 0.681329 1.23422 0.924871 -2.64645 -4.6662 -820.7 0 
25 827.331 0.309143 0.0225861 0.674092 1.22259 0.88043 -2.51233 -4.97712 -819.842 0 
1 827.269 0.306238 0.0226532 0.677943 1.17843 0.88572 -2.05418 -4.64212 -820.573 0 
8 827.847 0.309386 0.0225554 0.676645 1.18176 0.923026 -1.28645 -5.48697 -821.073 0 
30 828.325 0.304766 0.0225558 0.680714 1.18323 0.935612 -1.55093 -4.80725 -821.966 0 
33 830.111 0.304957 0.0227036 0.677531 1.22276 0.894638 -5.24672 -4.6088 -820.255 0 
20 829.683 0.309786 0.0227083 0.677559 1.16322 0.891291 -3.59418 -5.64221 -820.446 0 
1 836.213 0.301826 0.022908 0.676109 1.154 0.720126 -9.52639 -7.24289 -819.444 0 
43 835.664 0.304724 0.0228852 0.680097 1.14689 0.771226 -11.2088 -4.9288 -819.527 0 
3 832.954 0.307577 0.0229388 0.673942 1.12098 0.708218 -8.27701 -5.10745 -819.57 0 
15 831.764 0.302093 0.0227376 0.677797 1.11073 0.714162 -7.23319 -5.06334 -819.467 0 
69 830.354 0.307462 0.0228684 0.67713 1.1014 0.742818 -6.04621 -4.79301 -819.515 0 
12 828.849 0.310483 0.0227987 0.673321 1.08788 0.706542 -4.3485 -4.9127 -819.588 0 
6 828.842 0.31289 0.0227989 0.671419 1.07944 0.708643 -4.33512 -4.94492 -819.562 0 
36 826.193 0.316841 0.0225351 0.666175 1.0453 0.680937 -1.61745 -5.02152 -819.554 0 
1 826.378 0.318722 0.0224793 0.667684 1.02748 0.74802 -0.367862 -6.35235 -819.658 0 
9 826.359 0.319955 0.0224723 0.664127 1.00246 0.694473 -1.38593 -5.44434 -819.529 0 
29 826.152 0.312761 0.0225444 0.669801 1.00842 0.709993 -1.8557 -4.59123 -819.705 0 
1 833.824 0.309139 0.0227321 0.679415 1.00266 0.819678 -6.91599 -5.08017 -821.827 0 
35 827.525 0.300042 0.022559 0.685068 1.06155 0.837721 -1.37295 -4.57756 -821.574 0 
36 828.32 0.30004 0.0226724 0.684616 1.04677 0.777299 -3.38987 -4.49898 -820.432 0 
3 828.971 0.306181 0.0226445 0.680449 1.03037 0.809444 -3.08739 -4.79545 -821.088 0 
30 827.328 0.308835 0.0226605 0.673942 1.03281 0.742775 -2.87016 -4.49482 -819.963 0 
24 825.871 0.312794 0.0224679 0.672153 1.0309 0.760763 -0.808417 -5.17717 -819.885 0 
21 826.417 0.314429 0.0224145 0.668875 1.09183 0.813389 -1.44155 -4.87088 -820.104 0 
52 827.953 0.317547 0.0223003 0.669528 1.0748 0.84747 -0.203728 -7.37407 -820.376 0 
3 831.079 0.32931 0.0222732 0.65884 1.04546 0.735477 -2.30647 -8.93329 -819.839 0 
16 830.262 0.322742 0.0221902 0.66313 1.07971 0.81958 -2.42386 -7.97462 -819.863 0 
5 828.452 0.317106 0.0222245 0.666767 1.09821 0.833408 -2.63319 -5.68505 -820.134 0 
10 829.189 0.319292 0.0222785 0.668531 1.14079 0.911285 -0.489015 -7.93276 -820.767 0 
4 828.477 0.315999 0.0222578 0.669562 1.16808 0.909625 -1.14142 -6.78455 -820.551 0 
226 827.332 0.316767 0.022324 0.666577 1.17523 0.884977 -1.70266 -5.3935 -820.236 0 
29 829.33 0.327007 0.0221914 0.658961 1.16204 0.861799 -1.37331 -8.1242 -819.833 0 
96 827.735 0.326334 0.0224587 0.661036 1.13306 0.842564 -0.386328 -7.54705 -819.802 0 
8 827.94 0.320982 0.0224348 0.663108 1.11571 0.752317 -2.51667 -5.69846 -819.725 0 
42 826.84 0.320296 0.0226124 0.663931 1.09351 0.726653 -1.62 -5.51294 -819.707 0 
9 826.855 0.309686 0.0226441 0.672654 1.08142 0.732764 -2.66108 -4.69135 -819.503 0 
92 825.839 0.31494 0.0225435 0.669034 1.11048 0.78183 -1.05487 -5.18456 -819.599 0 
1 829.197 0.306528 0.0224224 0.673658 1.14035 0.811378 -4.67234 -4.66505 -819.86 0 
5 827.665 0.311754 0.0225413 0.668739 1.09619 0.708319 -3.26097 -4.87565 -819.528 0 
20 826.18 0.321813 0.0224598 0.662688 1.0436 0.709726 -1.02672 -5.58981 -819.563 0 
29 826.504 0.310578 0.0223861 0.672142 1.05728 0.751174 -1.96233 -4.89617 -819.645 0 
34 825.858 0.317949 0.022407 0.666661 1.01641 0.724527 -0.751815 -5.49734 -819.608 0 
16 826.231 0.317394 0.0224317 0.666548 1.00491 0.734412 -1.20861 -5.21774 -819.805 0 
9 825.631 0.320572 0.0224329 0.663706 1.02252 0.722865 -0.652976 -5.39613 -819.582 0 
21 827.765 0.317632 0.0222256 0.666992 0.978834 0.717196 -1.9779 -6.07048 -819.716 0 
6 827.014 0.324296 0.0223333 0.661929 0.963765 0.699454 -0.354526 -7.03169 -819.627 0 
27 826.093 0.310516 0.0224417 0.674715 1.0063 0.772754 -0.500798 -5.19566 -820.396 0 
73 827.816 0.310514 0.022435 0.674664 0.980752 0.792001 -1.29628 -4.91364 -821.606 0 
7 827.79 0.316581 0.0226024 0.670262 1.00525 0.746461 -2.01936 -5.95484 -819.816 0 
1 827.427 0.316374 0.0223475 0.669191 0.993539 0.733439 -1.86808 -5.76565 -819.793 0 
36 826.254 0.317232 0.0223752 0.666496 0.987141 0.708589 -1.46849 -5.07315 -819.713 0 
30 826.503 0.316119 0.0223742 0.669216 1.01095 0.759031 -0.61553 -5.97931 -819.908 0 
5 826.526 0.307644 0.0225841 0.677378 1.02253 0.772571 -1.38149 -4.82354 -820.321 0 
40 828.459 0.306202 0.0226264 0.677842 1.03339 0.816075 -2.2799 -4.52462 -821.654 0 
8 827.012 0.306596 0.0225384 0.676475 1.0101 0.748862 -2.20522 -4.52555 -820.281 0 
11 827.857 0.301343 0.0224491 0.683054 1.02694 0.808493 -1.89277 -4.739 -821.226 0 
3 827.472 0.310244 0.0223971 0.676241 1.01287 0.76149 -1.74574 -5.77971 -819.947 0 
4 827.605 0.312168 0.0224442 0.668897 1.03381 0.654745 -3.2698 -4.81935 -819.516 0 
19 827.955 0.311198 0.0224221 0.674846 1.04802 0.785547 -2.47479 -5.51386 -819.967 0 
21 826.966 0.311748 0.0224935 0.671378 1.04238 0.706272 -2.64662 -4.82449 -819.495 0 
25 827.155 0.310952 0.0224547 0.670974 1.0847 0.700681 -2.47089 -5.02709 -819.657 0 
28 827.403 0.313012 0.022589 0.667724 1.06414 0.663471 -2.91405 -4.89418 -819.595 0 
1 828.497 0.308289 0.022649 0.677832 1.10735 0.840126 -2.961 -5.28383 -820.252 0 
1 830.284 0.308508 0.0227039 0.678894 1.08831 0.845745 -4.16961 -5.54119 -820.574 0 
16 829.114 0.312686 0.02273 0.672449 1.09602 0.814601 -4.15798 -4.88792 -820.068 0 
8 828.466 0.316007 0.0223991 0.67191 1.06648 0.873611 -0.0893564 -7.12297 -821.254 0 
27 827.979 0.312115 0.0223618 0.669566 1.11645 0.802052 -3.39486 -4.84879 -819.735 0 
8 827.018 0.318562 0.0223663 0.665498 1.11679 0.783006 -1.23713 -6.12199 -819.659 0 
16 827.373 0.323473 0.0223517 0.662845 1.08779 0.788765 -0.756854 -6.94137 -819.675 0 
6 829.158 0.326589 0.0225226 0.659952 1.19729 0.815594 -0.972889 -7.87427 -820.31 0 
5 829.632 0.320013 0.0225462 0.662566 1.27359 0.863458 -4.34977 -5.43476 -819.848 0 
8 829.686 0.326441 0.0223677 0.661078 1.21774 0.895917 -0.70167 -9.06044 -819.923 0 
1 827.77 0.323023 0.0224578 0.664044 1.17822 0.86887 -0.924528 -7.02231 -819.824 0 
7 828.847 0.326694 0.0225419 0.656962 1.1583 0.768375 -2.71177 -6.08142 -820.054 0 
3 829.124 0.330693 0.0224258 0.652881 1.15805 0.718593 -0.909366 -6.89964 -821.315 0 
23 829.75 0.325598 0.0222287 0.65974 1.18314 0.814615 -1.31829 -8.20978 -820.222 0 
18 832.844 0.33625 0.0222592 0.648639 1.22723 0.772766 -1.34691 -9.03098 -822.466 0 
4 834.186 0.34303 0.0223995 0.644841 1.17758 0.726638 -1.38284 -9.92773 -822.876 0 
9 835.672 0.339653 0.0223719 0.651781 1.17951 0.829862 -1.99598 -12.9319 -820.744 0 
1 835.629 0.330551 0.0223762 0.657855 1.18333 0.836266 -4.10463 -11.1527 -820.372 0 
4 827.601 0.324316 0.022353 0.66151 1.2172 0.888501 -0.315828 -7.43371 -819.852 0 
34 828.223 0.315778 0.0223444 0.66577 1.21281 0.878568 -3.30018 -5.05031 -819.872 0 
36 829.754 0.319725 0.0223885 0.667189 1.20301 0.900255 -2.94943 -6.81649 -819.988 0 
17 829.003 0.319533 0.022543 0.662328 1.23686 0.806027 -2.86313 -5.77355 -820.366 0 
32 829.477 0.304016 0.0227003 0.675982 1.25685 0.855003 -4.67102 -5.1799 -819.626 0 
2 828.195 0.31419 0.0226823 0.671147 1.27732 0.89017 -2.37061 -5.9673 -819.857 0 
5 828.642 0.314657 0.0225409 0.665909 1.26922 0.869613 -3.86255 -5.06264 -819.717 0 
11 828.541 0.31697 0.0226552 0.665478 1.26753 0.841806 -2.87753 -5.57257 -820.091 0 
5 828.573 0.313845 0.0227011 0.669162 1.23233 0.822633 -3.5017 -5.25621 -819.815 0 
1 831.847 0.30271 0.0225096 0.67547 1.26201 0.85594 -6.78045 -5.43905 -819.627 0 
6 830.433 0.308307 0.0226788 0.671265 1.24693 0.817703 -5.268 -5.49225 -819.672 0 
29 828.907 0.305564 0.0227815 0.679781 1.215 0.889884 -4.01395 -4.82413 -820.069 0 
38 826.403 0.309447 0.0225782 0.673695 1.20884 0.868509 -1.69922 -4.88554 -819.819 0 
1 828.791 0.320826 0.0226983 0.665455 1.11356 0.750522 -2.87878 -6.10734 -819.805 0 
12 827.348 0.314315 0.02263 0.668404 1.1453 0.750476 -2.34159 -5.20538 -819.801 0 
4 827.867 0.314941 0.0226546 0.667003 1.12939 0.728654 -3.16202 -5.01962 -819.686 0 
2 829.144 0.315349 0.0225074 0.670842 1.15619 0.853736 -3.60258 -5.66847 -819.873 0 
28 827.874 0.31902 0.0226083 0.667931 1.13899 0.814691 -1.86 -6.33129 -819.683 0 
11 828.862 0.318459 0.022733 0.666899 1.15276 0.783617 -3.70801 -5.459 -819.695 0 
26 828.102 0.322995 0.0225956 0.661014 1.20482 0.83424 -2.53434 -5.80179 -819.766 0 
1 826.99 0.313029 0.0223728 0.67135 1.19565 0.916357 -0.887664 -5.45809 -820.644 0 
8 831.507 0.315038 0.0224759 0.669115 1.16215 0.822096 -6.7107 -5.14602 -819.65 0 
17 827.246 0.316096 0.022339 0.66956 1.16424 0.896353 -0.444484 -6.43298 -820.368 0 
23 828.106 0.319355 0.0223668 0.668383 1.13842 0.878094 -0.402643 -7.5547 -820.149 0 
1 830.448 0.314553 0.0225736 0.665502 1.14122 0.763683 -6.12229 -4.78364 -819.543 0 
28 828.069 0.306228 0.0224921 0.675691 1.19011 0.866047 -3.31813 -4.64959 -820.101 0 
35 827.126 0.312722 0.0224027 0.670759 1.20205 0.882009 -2.00885 -5.14554 -819.971 0 
29 827.539 0.320666 0.0225184 0.665846 1.20006 0.860925 -0.685061 -7.05432 -819.8 0 
2 828.095 0.318224 0.0225183 0.669101 1.25449 0.938987 -0.744793 -7.24665 -820.104 0 
1 828.663 0.309559 0.022658 0.675422 1.23839 0.930695 -3.04728 -5.12383 -820.492 0 
14 830.406 0.304409 0.0225189 0.674488 1.27111 0.887197 -5.59524 -5.00683 -819.804 0 
3 829.072 0.309179 0.0223584 0.672399 1.28757 0.941339 -3.92959 -4.86281 -820.28 0 
50 828.228 0.305879 0.0223418 0.677466 1.33956 0.993508 -2.21795 -5.35683 -820.653 0 
19 827.845 0.310485 0.0223514 0.673845 1.32253 0.992252 -1.39896 -5.72504 -820.721 0 
4 828.732 0.312318 0.0223936 0.668427 1.305 0.892235 -3.56123 -5.3414 -819.829 0 
22 828.611 0.309736 0.0223804 0.675306 1.30318 0.99977 -1.72223 -5.55732 -821.332 0 
10 828.204 0.316036 0.0225636 0.665041 1.32388 0.893974 -2.95504 -5.37451 -819.875 0 
11 828.509 0.321097 0.0224944 0.663886 1.29127 0.899373 -2.15686 -6.40541 -819.947 0 
2 829.529 0.32129 0.0223813 0.66435 1.32224 0.929396 -1.00227 -8.32803 -820.199 0 
1 827.558 0.306562 0.0224964 0.676433 1.35118 1.00013 -1.72644 -4.99154 -820.84 0 
6 829.666 0.309905 0.0223224 0.675808 1.32352 1.0261 -1.84381 -6.065 -821.757 0 
3 828.712 0.314921 0.0223045 0.667443 1.31906 0.958835 -3.14037 -5.44592 -820.126 0 
2 829.063 0.316907 0.0225261 0.665876 1.32316 0.905221 -3.54105 -5.61222 -819.91 0 
19 827.455 0.321452 0.0224892 0.662932 1.28661 0.89714 -0.919973 -6.57206 -819.963 0 
5 829.1 0.315445 0.0227503 0.668601 1.32619 0.906941 -3.60591 -5.58396 -819.91 0 
56 828.833 0.30318 0.0225307 0.679271 1.37367 1.02083 -2.68307 -4.79262 -821.357 0 
24 829.301 0.304495 0.0223564 0.679981 1.32943 1.03561 -1.49765 -5.25348 -822.55 0 
9 829.206 0.308744 0.0224411 0.676534 1.31919 1.03174 -1.16268 -5.7384 -822.305 0 
5 830.566 0.307404 0.022335 0.67599 1.31761 0.992832 -4.06247 -5.64246 -820.861 0 
5 829.029 0.303794 0.0225196 0.680516 1.28555 0.972402 -2.95049 -5.15574 -820.923 0 
13 829.731 0.301214 0.0225221 0.678712 1.31956 0.908991 -4.8248 -5.15085 -819.755 0 
6 836.689 0.30454 0.0225616 0.672221 1.33368 0.833989 -9.59246 -6.69574 -820.4 0 
1 832.864 0.307206 0.0224433 0.672216 1.31035 0.89671 -8.00514 -5.0888 -819.77 0 
9 834.226 0.3099 0.0226566 0.667199 1.33861 0.824335 -6.78593 -6.42726 -821.013 0 
2 829.994 0.324188 0.0225589 0.657912 1.30296 0.82289 -2.13406 -6.41038 -821.45 0 
4 828.913 0.319801 0.0225689 0.663889 1.27401 0.854606 -2.90504 -5.89421 -820.114 0 
23 828.397 0.317013 0.0224386 0.664007 1.28232 0.857573 -2.88608 -5.51069 -820 0 
51 828.225 0.322211 0.0223477 0.660657 1.27936 0.879671 -1.76836 -6.41998 -820.037 0 
16 828.159 0.310339 0.0224401 0.670449 1.32284 0.93313 -3.25089 -5.02334 -819.884 0 
5 828.283 0.315484 0.0225175 0.666353 1.30289 0.897222 -3.2325 -5.26859 -819.782 0 
21 832.449 0.328248 0.0227563 0.6583 1.27543 0.84166 -4.58063 -7.07112 -820.798 0 
3 829.14 0.319245 0.0225373 0.668901 1.2839 0.944216 -1.09419 -8.04006 -820.006 0 
8 829.275 0.325188 0.0224504 0.658566 1.27789 0.876716 -2.33229 -6.8036 -820.139 0 
16 829.781 0.315186 0.0222553 0.667432 1.25846 0.937466 -4.15841 -5.27535 -820.347 0 
39 830.546 0.316206 0.0222067 0.667144 1.278 0.954532 -3.89197 -6.38802 -820.266 0 
37 827.439 0.318885 0.0223398 0.664871 1.29905 0.95501 -1.24165 -6.06934 -820.128 0 
21 827.432 0.317718 0.0224418 0.665682 1.31335 0.912706 -1.19591 -6.27043 -819.965 0 
23 828.108 0.31938 0.0224299 0.663932 1.30052 0.87668 -1.40061 -6.4238 -820.283 0 
61 828.263 0.307819 0.0223982 0.675498 1.38708 1.02463 -2.04647 -5.29904 -820.918 0 
11 827.364 0.316067 0.0224249 0.668699 1.38371 1.00945 -0.509235 -6.52913 -820.325 0 
14 829.563 0.321977 0.0223734 0.665277 1.407 1.02124 -0.0122794 -9.24655 -820.304 0 
7 830.922 0.316833 0.0226509 0.668421 1.42767 1.02263 -4.05528 -6.60259 -820.265 0 
3 830.605 0.30889 0.0227726 0.67686 1.43838 1.05873 -4.03724 -5.34113 -821.227 0 
50 831.045 0.30632 0.0226084 0.680729 1.46355 1.12044 -1.71502 -5.84598 -823.484 0 
16 829.419 0.313427 0.0225799 0.667953 1.49915 1.0034 -2.76935 -6.27503 -820.374 0 
3 830.911 0.312876 0.0226115 0.674472 1.51028 1.11839 -1.82333 -7.25503 -821.833 0 
47 829.203 0.313793 0.0226696 0.668853 1.51876 1.04728 -3.11787 -5.79798 -820.287 0 
90 829.014 0.319857 0.0225469 0.663966 1.46601 0.992604 -1.2221 -7.26709 -820.525 0 
13 828.594 0.31729 0.0225328 0.664692 1.44277 0.969092 -1.87787 -6.34463 -820.372 0 
6 830.214 0.307281 0.0226153 0.673418 1.46833 1.01015 -4.65191 -5.46625 -820.096 0 
5 828.302 0.307246 0.0227005 0.675315 1.41262 0.994673 -3.01755 -5.1634 -820.121 0 
25 828.54 0.316487 0.0224422 0.666067 1.3738 0.959403 -2.44463 -6.09641 -819.999 0 
23 828.582 0.316068 0.0222851 0.669111 1.3642 1.00453 -0.981997 -7.27608 -820.324 0 
38 828.939 0.32242 0.0223048 0.662114 1.39674 0.994827 -1.05729 -7.71658 -820.165 0 
17 831.81 0.331051 0.022275 0.654739 1.39517 0.959168 -0.904364 -10.039 -820.867 0 
21 830.023 0.321086 0.022344 0.663446 1.45838 1.02856 -2.44956 -7.29849 -820.275 0 
1 829.308 0.321635 0.0223504 0.664611 1.42943 1.02261 -0.5154 -8.5025 -820.29 0 
66 828.233 0.315519 0.022359 0.667682 1.43693 1.02152 -1.6483 -6.34142 -820.243 0 
12 828.96 0.307941 0.0223819 0.674334 1.43888 1.01251 -3.09031 -5.69917 -820.17 0 
6 827.858 0.318035 0.0224272 0.666828 1.41356 0.997754 -0.42788 -7.26631 -820.164 0 
107 827.512 0.317855 0.0224627 0.666652 1.43153 1.04303 -0.630554 -6.25736 -820.624 0 
2 829.403 0.3193 0.0224383 0.663019 1.42633 0.972009 -2.99171 -6.23108 -820.18 0 
18 829.163 0.307304 0.0226094 0.673761 1.46883 1.02807 -3.56591 -5.25848 -820.339 0 
3 829.093 0.308304 0.0226105 0.673385 1.45537 1.01995 -3.53605 -5.33543 -820.221 0 
4 829.474 0.308172 0.022507 0.673034 1.4449 1.02875 -3.81694 -5.10625 -820.551 0 
27 828.42 0.319105 0.0224087 0.665727 1.40126 1.00571 -1.56092 -6.67722 -820.182 0 
4 829.946 0.322348 0.0226679 0.66381 1.42449 0.999052 -2.47829 -7.27929 -820.188 0 
1 830.766 0.32155 0.022512 0.658898 1.44799 0.971693 -4.40271 -6.07164 -820.292 0 
8 830.778 0.321967 0.0225595 0.663174 1.43738 1.01175 -3.04276 -7.50636 -820.229 0 
5 827.844 0.310626 0.022502 0.673342 1.46217 1.06247 -1.09026 -5.85392 -820.9 0 
12 829.144 0.310696 0.0225099 0.669435 1.47909 1.01858 -3.51993 -5.48285 -820.141 0 
20 830.381 0.303206 0.0226825 0.67908 1.45162 1.07421 -3.19375 -4.78534 -822.402 0 
17 831.027 0.3015 0.0226173 0.680412 1.45759 1.06742 -4.3947 -4.8331 -821.799 0 
15 830.553 0.3103 0.0227516 0.67457 1.43673 1.01216 -4.45163 -5.95143 -820.15 0 
52 829.18 0.317689 0.0225656 0.666768 1.50996 1.02324 -1.0284 -7.57925 -820.572 0 
5 828.478 0.313168 0.0226046 0.670693 1.54104 1.0685 -1.52156 -6.51174 -820.444 0 
4 832.613 0.320517 0.0225873 0.667072 1.53524 1.09115 -3.78752 -8.1476 -820.678 0 
51 832.386 0.326281 0.0224942 0.661091 1.6144 1.14327 -1.06128 -10.0988 -821.226 0 
5 832.756 0.320571 0.0226503 0.665562 1.54893 1.08938 -4.04303 -8.0783 -820.635 0 
7 831.205 0.321871 0.022555 0.664186 1.55776 1.06915 -2.26635 -8.33836 -820.6 0 
20 829.339 0.314877 0.0226716 0.668308 1.55384 1.05288 -2.44464 -6.50212 -820.392 0 
3 830.212 0.311742 0.0226253 0.674642 1.54169 1.10187 -2.41874 -6.82817 -820.965 0 
56 828.922 0.309652 0.0225524 0.672752 1.56681 1.07289 -2.28606 -6.18547 -820.451 0 
2 830.332 0.304637 0.0226502 0.678281 1.5585 1.08512 -4.00024 -5.60557 -820.726 0 
5 829.872 0.303931 0.0225384 0.68126 1.56437 1.14629 -1.22393 -5.81224 -822.836 0 
38 829.459 0.304532 0.0226047 0.679851 1.5376 1.11388 -2.00927 -5.67699 -821.773 0 
3 830.295 0.313135 0.0226313 0.67255 1.52064 1.11312 -2.50729 -5.95797 -821.829 0 
42 829.4 0.307331 0.0225751 0.676257 1.52719 1.12022 -1.61661 -5.32171 -822.462 0 
14 829.309 0.314566 0.0226602 0.666689 1.50825 1.01125 -3.04594 -6.02048 -820.243 0 
5 829.493 0.307048 0.0227126 0.676589 1.46424 1.05794 -3.33372 -5.18505 -820.974 0 
2 832.587 0.308466 0.0226596 0.670152 1.45608 0.997498 -7.14959 -5.39829 -820.039 0 
1 829.578 0.314991 0.0225128 0.66747 1.45499 1.00237 -3.06186 -6.33478 -820.181 0 
12 828.678 0.317146 0.0224496 0.668273 1.42023 1.02091 -1.61137 -6.7999 -820.267 0 
20 827.597 0.321668 0.0225565 0.663551 1.36859 0.974986 -0.896116 -6.66037 -820.04 0 
2 827.988 0.318025 0.0225995 0.665211 1.33557 0.922165 -2.52158 -5.58327 -819.884 0 
17 827.439 0.31901 0.0225621 0.664228 1.37166 0.947184 -1.54854 -5.90073 -819.989 0 
1 831.331 0.322567 0.0227054 0.664347 1.30636 0.906584 -3.76851 -7.39834 -820.164 0 
5 831.777 0.314397 0.0225916 0.666226 1.29885 0.871344 -6.66422 -5.35118 -819.762 0 
18 827.74 0.322209 0.022616 0.660637 1.27382 0.856097 -1.97781 -5.7191 -820.043 0 
3 829.284 0.317519 0.0226663 0.667657 1.30941 0.915592 -3.02434 -6.32436 -819.935 0 
37 828.098 0.322437 0.022458 0.661582 1.32329 0.903486 -0.844076 -6.96434 -820.289 0 
7 828.794 0.324085 0.0223749 0.657696 1.33301 0.909395 -2.53161 -6.15785 -820.105 0 
4 829.419 0.314608 0.0224524 0.666499 1.39646 0.948435 -3.69838 -5.69507 -820.025 0 
4 830.514 0.322305 0.0224796 0.662648 1.35737 0.939316 -3.67414 -6.72429 -820.115 0 
11 830.176 0.315573 0.0224757 0.664878 1.3927 0.905991 -3.22077 -6.18046 -820.775 0 
11 828.305 0.313597 0.0224405 0.668984 1.42212 0.969735 -1.74175 -6.35349 -820.21 0 
6 829.277 0.320708 0.0223929 0.665491 1.44557 1.02043 -0.404307 -8.54503 -820.327 0 
2 830.392 0.316353 0.0223115 0.665668 1.49944 1.0296 -3.34478 -6.73223 -820.315 0 
26 829.847 0.309941 0.0225595 0.672289 1.50638 1.05062 -3.88174 -5.57537 -820.39 0 
51 831.331 0.309959 0.0224731 0.672064 1.47935 1.04025 -5.0661 -5.93267 -820.332 0 
14 830.937 0.315525 0.0224513 0.671857 1.47798 1.08955 -1.12511 -8.79207 -821.02 0 
31 829.176 0.3165 0.0225519 0.669477 1.46358 1.03106 -1.67035 -7.2314 -820.274 0 
28 828.399 0.311458 0.0225049 0.671479 1.50703 1.06048 -2.05349 -5.84958 -820.495 0 
11 829.286 0.305613 0.0223995 0.677616 1.48041 1.07828 -2.30081 -5.75835 -821.227 0 
4 829.823 0.305305 0.0224584 0.675822 1.48563 1.05797 -3.80404 -5.16421 -820.854 0 
42 829.077 0.299368 0.0225043 0.684783 1.46495 1.09141 -1.57167 -5.14768 -822.357 0 
47 829.503 0.309939 0.0223407 0.672843 1.43294 1.05207 -2.95819 -5.44532 -821.099 0 
47 828.856 0.307996 0.0224957 0.678059 1.49385 1.10741 -0.501024 -6.48103 -821.874 0 
25 828.441 0.30772 0.0225597 0.676151 1.51906 1.09883 -1.37969 -5.5826 -821.479 0 
16 830.583 0.302853 0.0225074 0.679338 1.54972 1.0842 -4.24324 -5.53926 -820.801 0 
3 830.925 0.309473 0.0227182 0.676971 1.50197 1.07661 -3.95939 -6.2052 -820.76 0 
16 830.186 0.2984 0.0226208 0.684545 1.53463 1.09398 -3.56281 -5.17908 -821.444 0 
1 830.066 0.3013 0.0226604 0.683141 1.53577 1.12184 -2.38508 -5.26416 -822.417 0 
25 832.224 0.302125 0.0227345 0.677235 1.54353 1.06923 -5.8476 -5.56904 -820.807 0 
31 832.882 0.303129 0.0228654 0.679466 1.54347 1.104 -5.81222 -5.11502 -821.955 0 
5 829.131 0.306558 0.0225957 0.675937 1.58553 1.11422 -2.23157 -5.64414 -821.255 0 
21 830.874 0.308405 0.0228041 0.674218 1.55378 1.04555 -4.4998 -6.07085 -820.303 0 
4 830.914 0.306419 0.0228028 0.67634 1.54308 1.04652 -4.72703 -5.91217 -820.275 0 
10 830.174 0.306536 0.0225514 0.675436 1.55705 1.08371 -3.84556 -5.61147 -820.716 0 
9 830.228 0.314868 0.022402 0.672068 1.50866 1.12879 -0.0567616 -7.97781 -822.193 0 
314 828.699 0.31445 0.0224306 0.668924 1.55414 1.10258 -1.30173 -6.39996 -820.997 0 
34 829.482 0.324256 0.0224768 0.658126 1.53389 1.02359 -1.42203 -7.33698 -820.723 0 
12 829.921 0.316542 0.0225388 0.663646 1.56099 1.03875 -3.15742 -6.34545 -820.418 0 
9 830.676 0.304755 0.0225365 0.677984 1.57286 1.13164 -3.00902 -5.49571 -822.171 0 
7 833.035 0.31178 0.0222669 0.671614 1.58776 1.16643 -3.04499 -6.70564 -823.285 0 
9 830.479 0.315047 0.0223208 0.668238 1.57149 1.13126 -1.97974 -6.79629 -821.703 0 
6 830.653 0.318269 0.0223813 0.664883 1.56916 1.04898 -1.57347 -8.20452 -820.875 0 
13 832.532 0.306924 0.0223804 0.67226 1.55225 1.06716 -6.42322 -5.61641 -820.492 0 
6 830.65 0.30607 0.0224918 0.673333 1.52467 1.05641 -4.748 -5.40472 -820.498 0 
2 829.835 0.304972 0.0226784 0.678774 1.44121 1.06287 -3.2348 -5.00491 -821.595 0 
7 828.49 0.306609 0.022459 0.676401 1.45733 1.07099 -1.71416 -5.28643 -821.49 0 
9 830.358 0.318762 0.02224 0.664306 1.43532 1.03801 -3.44691 -6.42412 -820.487 0 
4 831.115 0.311926 0.0224332 0.666845 1.42105 0.949805 -5.3808 -5.65464 -820.079 0 
24 828.803 0.31228 0.0224009 0.672257 1.42841 1.05891 -1.30666 -6.41058 -821.086 0 
1 831.503 0.314232 0.0226343 0.666066 1.39474 0.924286 -5.69804 -5.74999 -820.055 0 
2 830.161 0.317136 0.0225771 0.662706 1.36751 0.881821 -3.58896 -5.9389 -820.633 0 
2 831.066 0.317231 0.0225243 0.663301 1.38875 0.903354 -3.95826 -6.23919 -820.869 0 
6 832.096 0.318083 0.0224006 0.668806 1.38269 1.00151 -4.35014 -7.56293 -820.183 0 
8 829.393 0.312862 0.0225173 0.674156 1.38127 1.04312 -1.19016 -7.15487 -821.048 0 
5 830.124 0.310139 0.0224123 0.675971 1.36952 1.04551 -1.7837 -6.94546 -821.395 0 
11 827.579 0.312311 0.022515 0.668876 1.33209 0.929185 -2.59156 -5.15507 -819.832 0 
7 829.375 0.31135 0.0226881 0.673676 1.29445 0.938609 -4.19444 -5.1271 -820.054 0 
1 827.265 0.314967 0.0224108 0.670273 1.27992 0.962603 -0.845198 -5.9627 -820.457 0 
4 830.368 0.311279 0.0222402 0.674636 1.30311 1.02422 -1.83783 -6.59905 -821.931 0 
23 827.873 0.31413 0.0223342 0.669298 1.3187 0.971562 -1.73548 -5.86705 -820.271 0 
9 826.845 0.314205 0.0224943 0.669937 1.34635 0.990328 -0.811367 -5.62316 -820.411 0 
47 828.338 0.31501 0.0223843 0.670161 1.32871 1.02329 -0.620353 -6.21919 -821.498 0 
4 831.344 0.304291 0.0224618 0.679517 1.36442 1.02541 -4.66137 -5.42693 -821.256 0 
6 832.85 0.312404 0.0223112 0.668279 1.38769 0.948394 -7.20932 -5.65872 -819.982 0 
18 830.342 0.311117 0.0225771 0.667793 1.36225 0.891677 -4.5443 -5.67791 -820.12 0 
35 829.105 0.309701 0.0226994 0.672245 1.38116 0.960389 -3.99112 -5.20009 -819.914 0 
3 827.881 0.307581 0.0226306 0.674478 1.41864 0.991297 -2.56414 -5.26527 -820.052 0 
23 830.038 0.31308 0.0227091 0.667263 1.3844 0.903204 -3.9066 -5.80112 -820.33 0 
31 827.443 0.321585 0.0226075 0.663278 1.34049 0.949954 -1.41619 -6.08747 -819.939 0 
13 827.222 0.314923 0.022609 0.668945 1.37275 0.967843 -1.52812 -5.71969 -819.975 0 
17 827.484 0.309393 0.0226314 0.674557 1.33412 0.962249 -2.11535 -5.27921 -820.089 0 
24 827.803 0.315727 0.0223826 0.66559 1.27011 0.902791 -2.90414 -5.08016 -819.818 0 
1 835.239 0.31621 0.0222492 0.673119 1.22366 0.99348 -4.95916 -8.53967 -821.74 0 
8 833.787 0.306122 0.0223448 0.682809 1.25625 1.06568 -0.626734 -7.87299 -825.288 0 
3 832.693 0.308711 0.0225605 0.678909 1.21894 0.974739 -4.33278 -6.61686 -821.743 0 
8 832.063 0.29974 0.0225205 0.688259 1.26913 1.04302 -1.73715 -6.03419 -824.291 0 
1 830.203 0.31133 0.0223539 0.672524 1.25087 0.950982 -3.77043 -5.806 -820.627 0 
1 832.729 0.318406 0.0223569 0.671319 1.20949 0.95991 -3.17744 -8.71799 -820.833 0 
25 826.807 0.310116 0.0224135 0.673718 1.21098 0.916713 -1.12376 -5.14205 -820.542 0 
6 826.575 0.314671 0.0224345 0.669888 1.22332 0.903033 -0.751415 -5.84235 -819.981 0 
8 826.564 0.313682 0.0224631 0.6704 1.21678 0.916021 -0.985136 -5.14304 -820.436 0 
27 827.051 0.309161 0.0224957 0.676178 1.18821 0.925189 -0.713052 -5.17429 -821.164 0 
10 828.413 0.306041 0.022567 0.67566 1.17862 0.870844 -3.47032 -4.55491 -820.387 0 
25 827.762 0.30736 0.0226614 0.675733 1.13185 0.851678 -2.56304 -4.51693 -820.682 0 
12 828.285 0.307316 0.0226625 0.675977 1.09525 0.826743 -3.12215 -4.5055 -820.657 0 
10 827.894 0.307337 0.0225143 0.674757 1.104 0.819102 -3.06455 -4.53684 -820.293 0 
2 827.364 0.31129 0.0223251 0.673932 1.05817 0.835557 -0.977708 -5.54266 -820.844 0 
5 828.817 0.305231 0.0223923 0.681531 1.09429 0.914841 -0.294042 -5.64414 -822.879 0 
26 827.673 0.303696 0.0224647 0.681096 1.07355 0.863629 -0.927052 -4.75128 -821.995 0 
1 827.426 0.309972 0.0224137 0.67637 1.07521 0.86626 -0.420028 -5.62493 -821.381 0 
14 827.379 0.309587 0.022422 0.672981 1.0877 0.824046 -2.19388 -4.57365 -820.611 0 
6 826.895 0.312048 0.0225104 0.672602 1.0854 0.818026 -1.75312 -4.86914 -820.272 0 
11 826.004 0.311565 0.0224285 0.672273 1.06059 0.786485 -1.02028 -4.99634 -819.987 0 
13 826.968 0.308951 0.0224065 0.676717 1.06612 0.816449 -1.28016 -5.37562 -820.312 0 
35 825.703 0.312548 0.0225097 0.672442 1.054 0.768204 -0.724609 -5.21463 -819.764 0 
15 827.181 0.315839 0.0227185 0.667267 1.01455 0.669672 -3.04843 -4.67996 -819.453 0 
14 827.243 0.313443 0.022556 0.669756 1.00091 0.665335 -2.80614 -4.9619 -819.475 0 
3 829.431 0.310893 0.0224139 0.66825 0.988181 0.590303 -5.1769 -4.79448 -819.46 0 
14 827.634 0.306354 0.0224849 0.67441 0.984326 0.654504 -3.57062 -4.54393 -819.519 0 
43 827.631 0.309731 0.022516 0.672294 0.988638 0.638948 -3.45242 -4.7348 -819.444 0 
17 829.588 0.306213 0.0224814 0.67297 0.994828 0.633759 -5.44269 -4.72979 -819.416 0 
1 829.32 0.314215 0.0223925 0.67132 0.944091 0.71975 -3.10498 -6.13787 -820.077 0 
1 829.325 0.319641 0.0224938 0.668406 0.954059 0.722682 -2.02757 -7.46878 -819.828 0 
15 828.735 0.325915 0.0224167 0.662192 0.918198 0.653289 -1.90662 -7.24757 -819.58 0 
9 829.211 0.311686 0.0223122 0.669315 0.947959 0.623132 -5.04605 -4.7095 -819.455 0 
5 827.037 0.315163 0.0224953 0.670159 0.88924 0.623775 -2.2909 -5.00433 -819.742 0 
43 827.904 0.303611 0.0225824 0.677136 0.933624 0.599122 -3.7366 -4.6233 -819.544 0 
82 826.789 0.313528 0.0223038 0.67 0.89461 0.573579 -2.05299 -5.29118 -819.444 0 
4 825.966 0.314796 0.0224272 0.670633 0.878075 0.620361 -0.599092 -5.68465 -819.682 0 
17 826.322 0.31627 0.022485 0.670468 0.881902 0.652227 -0.41116 -6.0066 -819.905 0 
13 827.199 0.315347 0.0224789 0.671465 0.876787 0.653303 -1.03974 -6.22229 -819.937 0 
4 827.676 0.315018 0.0226302 0.672079 0.881014 0.625846 -2.55508 -5.3636 -819.757 0 
9 826.914 0.314245 0.022701 0.670169 0.896071 0.590118 -2.72258 -4.65665 -819.535 0 
27 828.803 0.300757 0.0227377 0.68262 0.907115 0.659738 -3.50245 -4.53306 -820.768 0 
20 827.978 0.303537 0.0226129 0.680191 0.946123 0.682529 -3.23863 -4.46967 -820.269 0 
30 829.138 0.309418 0.022442 0.67358 0.929585 0.626313 -4.96414 -4.57122 -819.603 0 
4 828.333 0.311613 0.0225002 0.668011 0.945095 0.519117 -3.97525 -4.8292 -819.529 0 
17 829.778 0.311949 0.0222346 0.671022 0.946678 0.614591 -5.10523 -5.20755 -819.465 0 
14 829.639 0.314588 0.0222982 0.665876 0.93345 0.535428 -5.27445 -4.82541 -819.539 0 
27 827.727 0.317435 0.0224003 0.664859 0.885103 0.459647 -2.56874 -5.32601 -819.832 0 
10 826.585 0.312644 0.0226388 0.671141 0.857921 0.456838 -2.21336 -4.89382 -819.477 0 
3 828.263 0.309427 0.0225481 0.671234 0.830368 0.416185 -4.37212 -4.55122 -819.34 0 
3 827.99 0.317336 0.0223783 0.664612 0.775193 0.420295 -3.81093 -4.78567 -819.393 0 
17 829.712 0.318117 0.0221336 0.667579 0.776573 0.505491 -3.27885 -6.90718 -819.526 0 
2 826.793 0.310659 0.0224663 0.670451 0.796749 0.455131 -2.80628 -4.45324 -819.534 0 
2 828.167 0.326453 0.0223914 0.662049 0.807424 0.548042 -0.877458 -7.7415 -819.548 0 
6 826.32 0.317135 0.0223571 0.666852 0.863716 0.562732 -1.67164 -5.16324 -819.485 0 
26 826.926 0.32306 0.0225205 0.663715 0.868866 0.522946 -0.64998 -6.66094 -819.615 0 
21 827.136 0.319864 0.02235 0.664896 0.877066 0.535879 -1.22892 -6.34323 -819.564 0 
16 827.976 0.308313 0.0224068 0.673084 0.901107 0.506842 -3.84941 -4.7027 -819.424 0 
60 826.995 0.301573 0.0224909 0.680857 0.865847 0.547017 -2.9214 -4.48115 -819.592 0 
62 826.252 0.30963 0.0225544 0.67424 0.846693 0.507542 -2.01888 -4.83017 -819.403 0 
16 826.542 0.312404 0.0226145 0.672902 0.879072 0.551837 -1.8921 -5.21847 -819.431 0 
19 826.265 0.310305 0.0224841 0.671562 0.91557 0.557129 -2.25418 -4.62189 -819.389 0 
17 825.925 0.307365 0.0224157 0.676249 0.904305 0.613488 -1.49879 -4.84357 -819.583 0 
1 827.542 0.312796 0.0223997 0.669174 0.913872 0.554284 -3.4293 -4.71237 -819.4 0 
43 825.743 0.311663 0.0225685 0.672792 0.895244 0.607081 -1.39591 -4.71116 -819.636 0 
11 828.369 0.313931 0.0226624 0.67341 0.917157 0.637036 -3.33284 -5.45958 -819.576 0 
8 829.591 0.306154 0.0227326 0.67735 0.943986 0.660537 -5.26015 -4.45227 -819.878 0 
5 828.432 0.316164 0.0225656 0.670771 0.893855 0.662483 -2.46789 -6.06918 -819.895 0 
4 827.407 0.318838 0.0225202 0.668633 0.854408 0.631452 -1.08082 -6.44413 -819.882 0 
30 827.244 0.324766 0.0223914 0.662475 0.816374 0.58041 -0.391576 -7.17824 -819.674 0 
11 826.411 0.314528 0.0223942 0.672118 0.807918 0.61528 -0.0824693 -6.00204 -820.327 0 
99 827.655 0.316841 0.0223096 0.668922 0.812018 0.626451 -1.06354 -6.19381 -820.397 0 
18 828.024 0.310546 0.0225493 0.675964 0.812001 0.645842 -1.71056 -4.94844 -821.365 0 
1 827.823 0.314787 0.0225188 0.673318 0.819862 0.625358 -1.47806 -6.05912 -820.286 0 
1 826.288 0.314108 0.022414 0.672345 0.803557 0.602295 -0.164905 -5.89281 -820.231 0 
20 827.756 0.314146 0.0225267 0.673787 0.778736 0.602528 -1.0206 -6.23211 -820.503 0 
15 826.973 0.318354 0.0222576 0.666588 0.783064 0.546462 -1.27623 -5.87297 -819.824 0 
22 826.577 0.317453 0.0223052 0.668737 0.778962 0.545372 -0.382046 -6.42825 -819.767 0 
1 825.984 0.318871 0.022364 0.666661 0.782272 0.514487 -0.652631 -5.71192 -819.619 0 
17 826.767 0.317026 0.0223885 0.669319 0.795592 0.530547 -0.679824 -6.52529 -819.562 0 
30 826.101 0.315088 0.0224424 0.671192 0.839341 0.576733 -0.77419 -5.69197 -819.635 0 
15 827.034 0.317084 0.0224889 0.670921 0.859088 0.625603 -0.579137 -6.70736 -819.748 0 
11 827.063 0.315092 0.0225729 0.66561 0.926153 0.533418 -3.00298 -4.65802 -819.402 0 
10 827.539 0.324526 0.0222941 0.662255 0.873677 0.566117 -0.262533 -7.68499 -819.592 0 
3 827.766 0.317642 0.0223882 0.663621 0.904588 0.535732 -3.51873 -4.81395 -819.433 0 
93 826.331 0.324899 0.022508 0.660487 0.89173 0.533611 -1.03902 -5.73563 -819.556 0 
4 826.597 0.323974 0.0224173 0.662633 0.869432 0.557835 -0.128301 -6.93813 -819.531 0 
7 828.415 0.326952 0.0224031 0.66027 0.856195 0.541675 -0.926525 -7.87613 -819.612 0 
7 828.031 0.321669 0.0222399 0.665264 0.856913 0.61515 -0.611332 -7.79735 -819.622 0 
14 827.607 0.316798 0.0223091 0.669755 0.844 0.639179 -1.29211 -6.18698 -820.128 0 
4 827.819 0.315563 0.0224556 0.671089 0.880269 0.648608 -1.58543 -6.41065 -819.823 0 
4 828.248 0.306917 0.0227242 0.675865 0.923305 0.621496 -4.05443 -4.45779 -819.736 0 
25 827.587 0.30526 0.0224841 0.676043 0.90295 0.614948 -3.24094 -4.44563 -819.901 0 
85 826.943 0.298512 0.0225344 0.685296 0.903022 0.669038 -1.81077 -4.43716 -820.696 0 
23 828.021 0.303991 0.0227166 0.679825 0.873775 0.578046 -3.84239 -4.44073 -819.738 0 
7 826.941 0.31061 0.0224624 0.673437 0.833827 0.562539 -2.49209 -4.6179 -819.831 0 
11 826.878 0.315777 0.0226081 0.670477 0.795967 0.513478 -2.17078 -5.08798 -819.619 0 
5 828.116 0.310174 0.022692 0.673419 0.766764 0.484415 -3.70664 -4.42547 -819.983 0 
7 827.338 0.304924 0.0225306 0.681106 0.71814 0.568904 -0.710271 -4.82948 -821.799 0 
92 826.617 0.309954 0.02235 0.67511 0.716657 0.510023 -0.928448 -5.28942 -820.399 0 
24 827.798 0.308326 0.0223882 0.679933 0.683206 0.531532 -0.686814 -6.26075 -820.851 0 
35 827.41 0.308024 0.0224806 0.67902 0.694752 0.562957 -0.318254 -5.40792 -821.684 0 
12 829.077 0.310946 0.022533 0.678359 0.645939 0.499855 -1.47327 -6.806 -820.798 0 
20 827.972 0.306022 0.0224529 0.677464 0.635242 0.416708 -2.25209 -4.45943 -821.261 0 
2 828.789 0.309211 0.0224567 0.675642 0.673855 0.466803 -3.23941 -4.58759 -820.962 0 
21 826.902 0.310341 0.0224007 0.675693 0.671288 0.473505 -1.08241 -5.19338 -820.627 0 
5 828.024 0.313168 0.0223208 0.67522 0.614756 0.4647 -0.252523 -7.10306 -820.668 0 
21 827.031 0.307114 0.0226454 0.678273 0.64718 0.399782 -1.90142 -4.52067 -820.609 0 
6 826.452 0.308768 0.0225915 0.675674 0.638286 0.377684 -1.4108 -4.47737 -820.564 0 
18 829.712 0.321264 0.0224697 0.667559 0.608272 0.375764 -2.03174 -7.85452 -819.825 0 
13 828.442 0.314508 0.0222565 0.672959 0.610448 0.440944 -1.1791 -6.73245 -820.531 0 
3 829.036 0.317579 0.0221751 0.669258 0.585186 0.402688 -1.36682 -7.36154 -820.308 0 
4 832.142 0.320595 0.0222141 0.666804 0.57903 0.385695 -5.12405 -6.66315 -820.354 0 
15 831.215 0.322195 0.0220674 0.66496 0.629634 0.43806 -2.74738 -8.50581 -819.962 0 
38 831.308 0.323864 0.0220573 0.661905 0.628689 0.412612 -3.80245 -7.60116 -819.904 0 
8 831.089 0.313588 0.0221279 0.673368 0.64629 0.519074 -2.55054 -7.71023 -820.828 0 
9 829.513 0.316757 0.0222028 0.671185 0.632525 0.47374 -1.57771 -7.50376 -820.431 0 
20 831.165 0.308595 0.0221731 0.674583 0.664283 0.478275 -5.17153 -5.10247 -820.891 0 
2 833.335 0.315505 0.0221456 0.671382 0.611146 0.500625 -5.41728 -6.42594 -821.492 0 
10 829.841 0.31475 0.0221575 0.671861 0.606903 0.473145 -2.1114 -6.70357 -821.026 0 
13 829.7 0.32395 0.0221981 0.662587 0.622678 0.420863 -2.07277 -7.59629 -820.031 0 
147 829.999 0.328922 0.0221823 0.659745 0.589301 0.38714 -0.772938 -9.35776 -819.868 0 
9 831.589 0.302564 0.0221563 0.680244 0.654182 0.448207 -5.9774 -4.65746 -820.954 0 
17 829.857 0.304505 0.0222338 0.677642 0.691675 0.411972 -5.26133 -4.48477 -820.111 0 
24 827.28 0.318205 0.0222891 0.666172 0.661491 0.355952 -1.95738 -5.71884 -819.604 0 
3 825.979 0.31427 0.02257 0.67206 0.677219 0.364093 -1.14014 -5.22142 -819.618 0 
61 825.743 0.318829 0.0223973 0.664791 0.663492 0.285177 -1.24506 -5.03925 -819.459 0 
17 827.121 0.321272 0.0224258 0.662395 0.684108 0.289495 -2.48698 -5.24289 -819.391 0 
34 826.464 0.316953 0.022375 0.66873 0.68234 0.361872 -0.841367 -6.13669 -819.486 0 
51 825.581 0.315122 0.0223941 0.669395 0.707677 0.360038 -0.981949 -5.1524 -819.447 0 
1 826.42 0.320491 0.0224073 0.664136 0.740883 0.366331 -1.21405 -5.78765 -819.418 0 
6 825.748 0.317611 0.0224435 0.667614 0.747203 0.362703 -0.802451 -5.53506 -819.411 0 
70 825.741 0.316764 0.0225945 0.666577 0.726167 0.278546 -1.69195 -4.70374 -819.345 0 
94 826.083 0.317058 0.0225313 0.666083 0.751817 0.254011 -1.79755 -4.82712 -819.458 0 
32 825.398 0.316966 0.0225338 0.666886 0.725987 0.244068 -0.988986 -4.98874 -819.42 0 
6 826.765 0.319562 0.0223724 0.66224 0.756391 0.265133 -2.35667 -4.9078 -819.501 0 
5 826.645 0.314852 0.0226515 0.667746 0.811176 0.316539 -2.27193 -4.77755 -819.595 0 
15 826.541 0.319944 0.0224087 0.662647 0.813595 0.342455 -1.53257 -5.23104 -819.778 0 
11 827.166 0.322299 0.0223738 0.663745 0.794784 0.366881 -0.21636 -6.99814 -819.951 0 
8 827.139 0.3141 0.0225324 0.66776 0.843536 0.340781 -2.38985 -4.90868 -819.841 0 
29 827.408 0.319629 0.0226339 0.66345 0.842544 0.305333 -1.90094 -5.211 -820.296 0 
34 827.776 0.325474 0.0225007 0.657214 0.827348 0.291192 -1.93108 -5.47687 -820.368 0 
6 828.105 0.326057 0.0223842 0.657882 0.79107 0.334556 -2.07753 -6.14017 -819.887 0 
2 830.104 0.331732 0.0223749 0.6553 0.754262 0.320581 -1.66264 -8.38321 -820.058 0 
16 826.866 0.318493 0.0223999 0.662673 0.756785 0.274703 -2.79419 -4.6777 -819.395 0 
17 827.066 0.327639 0.0224037 0.65922 0.732121 0.298069 -0.0880702 -7.23728 -819.741 0 
37 828.062 0.31303 0.0224971 0.671644 0.717013 0.314094 -3.87441 -4.81962 -819.368 0 
29 825.492 0.313243 0.0224249 0.670489 0.758514 0.3544 -1.05085 -5.05346 -819.387 0 
6 826.364 0.323157 0.0224008 0.663045 0.747574 0.348463 -0.188031 -6.60619 -819.57 0 
2 827.442 0.324094 0.0223927 0.663189 0.737129 0.358234 -0.736436 -7.14468 -819.561 0 
98 826.968 0.326536 0.0225455 0.659826 0.714864 0.316274 -1.31083 -6.20583 -819.451 0 
8 826.708 0.325063 0.0223702 0.661896 0.708191 0.336153 -0.0570608 -7.15567 -819.495 0 
4 825.726 0.312359 0.0223786 0.671753 0.738455 0.376873 -1.08504 -5.24672 -819.394 0 
2 825.474 0.319066 0.0224456 0.664916 0.699228 0.310891 -0.952971 -5.13314 -819.388 0 
52 825.222 0.316699 0.0224494 0.668285 0.701596 0.347603 -0.533208 -5.25453 -819.434 0 
2 825.891 0.317493 0.0223486 0.66696 0.67859 0.335764 -0.936116 -5.48119 -819.474 0 
19 825.672 0.318455 0.0224113 0.66643 0.69609 0.312626 -0.925508 -5.35242 -819.394 0 
10 827.049 0.322188 0.0225016 0.66488 0.702514 0.350307 -0.942309 -6.66705 -819.44 0 
2 827.689 0.315685 0.0225192 0.667288 0.730492 0.3573 -3.54615 -4.74384 -819.399 0 
73 825.77 0.316408 0.0225114 0.669879 0.700099 0.38634 -0.75479 -5.48449 -819.531 0 
17 825.671 0.313959 0.0225794 0.670563 0.646219 0.324446 -1.17442 -4.64175 -819.854 0 
43 825.796 0.311981 0.0224905 0.673855 0.59507 0.3195 -0.577636 -5.04677 -820.172 0 
89 826.194 0.303541 0.0224861 0.682483 0.566021 0.33106 -0.556235 -4.85084 -820.787 0 
3 830.061 0.304013 0.0224417 0.681456 0.547471 0.350262 -3.79338 -5.15566 -821.112 0 
6 830.518 0.300299 0.0224499 0.682953 0.55287 0.342622 -4.26495 -4.51639 -821.737 0 
89 826.523 0.309202 0.0224515 0.676556 0.531034 0.316049 -0.472661 -4.97884 -821.072 0 
18 829.778 0.302235 0.0223094 0.679757 0.590079 0.326276 -4.31666 -4.43395 -821.028 0 
13 834.055 0.29784 0.0223659 0.684572 0.579704 0.334091 -7.6884 -4.6258 -821.741 0 
6 834.031 0.307568 0.0222898 0.680169 0.577994 0.39534 -7.51927 -5.74685 -820.765 0 
11 833.515 0.311428 0.0221097 0.670531 0.585353 0.293659 -8.36401 -5.04566 -820.105 0 
1 832.265 0.322467 0.0221483 0.663516 0.510994 0.258031 -4.56951 -7.68481 -820.01 0 
9 833.793 0.323482 0.022139 0.664316 0.498464 0.250296 -6.24099 -7.47499 -820.077 0 
16 829.587 0.317532 0.0222213 0.670171 0.54213 0.276444 -2.49515 -7.19841 -819.893 0 
1 826.22 0.311689 0.022533 0.672625 0.567343 0.227425 -1.41601 -4.66477 -820.139 0 
20 828.184 0.320729 0.0225785 0.667838 0.515025 0.197793 -1.8616 -6.37136 -819.951 0 
9 830.2 0.324214 0.022373 0.663936 0.526509 0.230204 -2.29215 -8.16711 -819.741 0 
31 827.72 0.32385 0.0224201 0.664862 0.502874 0.212478 -0.367525 -7.43594 -819.917 0 
8 826.293 0.311154 0.0224809 0.675028 0.520135 0.237243 -0.71238 -5.08216 -820.498 0 
16 827.862 0.309156 0.0225392 0.677306 0.520391 0.241989 -2.34856 -4.83413 -820.68 0 
107 826.87 0.313741 0.0223421 0.670866 0.484709 0.200975 -1.02401 -5.14498 -820.701 0 
25 826.47 0.309783 0.0224275 0.675677 0.604465 0.335317 -1.07972 -5.30457 -820.086 0 
23 827.655 0.30664 0.0222893 0.677394 0.556809 0.309885 -2.09259 -4.84867 -820.713 0 
17 828.399 0.312069 0.0224673 0.674294 0.565131 0.297483 -3.00575 -5.02081 -820.372 0 
3 826.934 0.303936 0.0225961 0.680999 0.586925 0.326842 -1.63365 -4.51963 -820.78 0 
5 828.083 0.306596 0.0224116 0.675256 0.584245 0.283869 -2.95632 -4.41335 -820.714 0 
21 825.479 0.31177 0.0224418 0.673184 0.624999 0.311358 -0.699458 -4.92986 -819.849 0 
69 825.446 0.308984 0.0224883 0.676688 0.66879 0.358826 -0.732949 -5.0144 -819.698 0 
3 827.418 0.303532 0.0226529 0.679926 0.707803 0.36403 -3.30091 -4.40283 -819.714 0 
55 826.745 0.305 0.0224403 0.678024 0.740363 0.395472 -2.71306 -4.479 -819.553 0 
73 826.738 0.320232 0.0223702 0.661474 0.741477 0.241487 -2.43819 -4.84695 -819.452 0 
1 827.949 0.322395 0.022317 0.661857 0.673708 0.210514 -3.18461 -5.38044 -819.384 0 
14 827.076 0.319689 0.0223439 0.664619 0.635946 0.198343 -2.50975 -5.15847 -819.408 0 
96 827.301 0.328834 0.0223055 0.658539 0.599771 0.146214 -0.154221 -7.68101 -819.466 0 
26 826.543 0.326434 0.0223048 0.659022 0.629464 0.126514 -0.562254 -6.53855 -819.442 0 
18 831.832 0.322089 0.0224104 0.665121 0.607121 0.20634 -6.4355 -5.93027 -819.466 0 
8 830.864 0.312082 0.0224722 0.674018 0.621625 0.259671 -6.27608 -4.94561 -819.643 0 
40 826.555 0.305368 0.0224769 0.678076 0.616847 0.219252 -2.31964 -4.43548 -819.8 0 
17 827.582 0.314083 0.0226509 0.673071 0.61061 0.157627 -2.84584 -5.29456 -819.441 0 
3 826.209 0.309174 0.0226478 0.674334 0.614693 0.113666 -2.18807 -4.42213 -819.599 0 
28 826.338 0.306877 0.0226583 0.676692 0.666397 0.141015 -2.49593 -4.49918 -819.343 0 
151 826.043 0.306724 0.022634 0.676288 0.687003 0.150488 -2.21916 -4.50683 -819.317 0 
1 827.019 0.306217 0.0224787 0.674889 0.716043 0.128656 -3.10827 -4.57589 -819.335 0 
2 828.381 0.31488 0.0222225 0.667858 0.627594 0.0686916 -3.73184 -5.282 -819.367 0 
40 828.439 0.323257 0.0221808 0.661959 0.62585 0.0859815 -2.04874 -6.90208 -819.488 0 
29 828.585 0.307513 0.022366 0.674613 0.604353 0.0503192 -4.56946 -4.44044 -819.575 0 
7 828.557 0.307215 0.0223239 0.673804 0.596475 0.0237568 -4.53119 -4.40948 -819.616 0 
16 829.954 0.308613 0.0223053 0.673393 0.611715 0.0536122 -5.98014 -4.47719 -819.497 0 
3 826.58 0.314914 0.0223588 0.667888 0.608227 0.0114361 -2.31358 -4.8657 -819.401 0 
24 826.372 0.310261 0.0224705 0.67132 0.626945 0.00431072 -2.48152 -4.43449 -819.456 0 
3 825.617 0.313637 0.0224733 0.670033 0.624302 0.0594895 -1.3772 -4.87017 -819.369 0 
4 829.439 0.307368 0.0226392 0.674637 0.623042 0.0717771 -5.51912 -4.38995 -819.53 0 
8 830.36 0.30491 0.0226257 0.675086 0.680343 0.058091 -6.37962 -4.64797 -819.333 0 
28 826.823 0.311465 0.0226047 0.672497 0.698628 0.0790761 -2.69145 -4.73762 -819.394 0 
11 826.639 0.309887 0.0224641 0.672725 0.67896 0.0695096 -2.70328 -4.60982 -819.326 0 
17 827.655 0.312438 0.0226551 0.671067 0.682366 0.070285 -3.76424 -4.57631 -819.315 0 
76 825.448 0.313923 0.0225899 0.670701 0.64363 0.0704952 -1.23519 -4.8658 -819.347 0 
18 825.611 0.310911 0.0225226 0.671919 0.639235 0.0695285 -1.73349 -4.49962 -819.378 0 
12 825.067 0.315101 0.0225102 0.669323 0.627216 0.10059 -0.75354 -4.93902 -819.375 0 
46 825.692 0.316193 0.0224631 0.666654 0.67154 0.0865193 -1.50506 -4.82894 -819.358 0 
37 827.05 0.310478 0.0224751 0.671942 0.69205 0.122562 -3.1297 -4.59581 -819.325 0 
4 827.945 0.317103 0.0222886 0.665119 0.676448 0.10966 -3.68663 -4.8875 -819.37 0 
13 826.862 0.316394 0.022344 0.667966 0.659283 0.119239 -2.07731 -5.38587 -819.398 0 
4 826.612 0.310634 0.0225057 0.670625 0.682058 0.126474 -2.81037 -4.48723 -819.314 0 
24 827.976 0.310332 0.0224521 0.669674 0.676352 0.116324 -4.1447 -4.49818 -819.333 0 
4 827.531 0.309385 0.0224152 0.672105 0.628093 0.123085 -3.61335 -4.4451 -819.473 0 
8 826.26 0.321344 0.0224507 0.665322 0.577451 0.124603 -0.867369 -5.9127 -819.48 0 
17 827.435 0.319955 0.0222394 0.666374 0.600426 0.206087 -1.09111 -6.88695 -819.457 0 
7 829.091 0.30665 0.0223161 0.673988 0.640804 0.214841 -5.04742 -4.40217 -819.641 0 
16 825.814 0.310969 0.0224414 0.672433 0.654455 0.223088 -1.75394 -4.61806 -819.442 0 
30 827.261 0.307424 0.0225999 0.67523 0.688389 0.261826 -3.39161 -4.44484 -819.425 0 
12 827.487 0.311912 0.0226869 0.671572 0.714749 0.315474 -3.54954 -4.47142 -819.466 0 
5 825.96 0.31608 0.0226123 0.667653 0.724218 0.286421 -1.98366 -4.63622 -819.34 0 
15 827.163 0.314243 0.0223568 0.669364 0.705582 0.349343 -2.88716 -4.80932 -819.467 0 
10 826.455 0.314449 0.0225287 0.66826 0.748988 0.342711 -2.55282 -4.54845 -819.354 0 
13 826.882 0.308372 0.0226918 0.675094 0.724829 0.338679 -2.97888 -4.45143 -819.452 0 
37 827.418 0.29964 0.0226071 0.682145 0.782548 0.401573 -3.29561 -4.64063 -819.482 0 
5 830.021 0.308513 0.0224186 0.670179 0.801739 0.347965 -5.98745 -4.72347 -819.31 0 
20 828.277 0.311985 0.0224559 0.668732 0.767721 0.284404 -4.27999 -4.60476 -819.392 0 
34 826.752 0.323224 0.0224552 0.660377 0.780828 0.265432 -1.544 -5.35839 -819.849 0 
9 826.923 0.322875 0.0224107 0.662703 0.764167 0.274946 -0.393676 -6.5255 -820.004 0 
2 827.432 0.330452 0.0224173 0.654141 0.781413 0.241845 -0.623237 -6.4234 -820.385 0 
30 827.412 0.32447 0.0223466 0.658881 0.81439 0.331056 -1.60675 -5.74953 -820.056 0 
7 827.302 0.33012 0.0224705 0.654203 0.796731 0.276536 -0.928779 -6.09152 -820.281 0 
32 827.499 0.323598 0.0225716 0.662068 0.837818 0.367712 -1.00727 -6.2259 -820.266 0 
7 827.153 0.315976 0.0227208 0.6678 0.807822 0.36784 -2.95637 -4.75532 -819.441 0 
56 825.64 0.314284 0.0225466 0.668763 0.79229 0.41036 -1.66278 -4.61937 -819.358 0 
13 827.345 0.31652 0.0224927 0.664062 0.835318 0.360428 -3.0724 -4.74446 -819.528 0 
47 826.934 0.322243 0.0223991 0.660197 0.836497 0.380477 -1.77611 -5.32001 -819.838 0 
24 826.992 0.32665 0.0224091 0.657685 0.837463 0.41171 -0.907381 -6.1642 -819.92 0 
4 829.41 0.324937 0.0222729 0.659474 0.869602 0.410838 -1.99649 -6.80229 -820.611 0 
12 828.688 0.313631 0.0224232 0.667959 0.81194 0.338589 -4.39664 -4.77241 -819.519 0 
3 826.647 0.321183 0.0225811 0.665039 0.723814 0.282518 -1.20989 -5.92872 -819.508 0 
15 827.416 0.306803 0.0226478 0.674126 0.772194 0.324616 -3.44372 -4.65594 -819.316 0 
9 826.76 0.316627 0.0226499 0.669393 0.729494 0.308434 -2.09492 -5.26815 -819.397 0 
1 825.957 0.315944 0.0225612 0.667136 0.758219 0.317951 -1.79692 -4.78082 -819.38 0 
7 825.88 0.320068 0.0224949 0.662426 0.762615 0.258248 -1.49373 -4.8627 -819.524 0 
38 826.61 0.318751 0.0224383 0.663053 0.762995 0.260959 -2.36221 -4.77133 -819.477 0 
59 827.279 0.315471 0.0226154 0.665161 0.78767 0.229164 -2.98562 -4.75278 -819.541 0 
18 827.646 0.316023 0.0227217 0.669779 0.726396 0.272102 -3.2232 -5.03141 -819.391 0 
5 827.766 0.313067 0.0226836 0.669164 0.731009 0.240988 -3.85631 -4.60072 -819.309 0 
1 828.968 0.309146 0.0224379 0.67014 0.764686 0.251945 -4.96637 -4.67462 -819.327 0 
18 829.348 0.310802 0.0224851 0.669502 0.750928 0.239598 -5.43197 -4.55531 -819.361 0 
2 826.705 0.320274 0.0224533 0.663636 0.745067 0.224544 -1.79816 -5.26834 -819.639 0 
6 827.904 0.322297 0.0224373 0.658409 0.796402 0.179416 -2.79126 -4.98977 -820.123 0 
36 829.411 0.327847 0.0223448 0.656437 0.780423 0.234916 -1.98022 -6.85885 -820.572 0 
70 828.567 0.329467 0.0224479 0.657881 0.740252 0.192181 -0.390643 -7.75539 -820.42 0 
61 826.03 0.319179 0.0225317 0.664629 0.752691 0.210368 -1.14636 -5.17998 -819.704 0 
19 826.041 0.316921 0.0225815 0.665394 0.694779 0.188332 -2.16433 -4.55283 -819.324 0 
12 826.219 0.315178 0.0225105 0.66608 0.71755 0.198542 -2.35252 -4.54898 -819.318 0 
7 825.628 0.316621 0.0225494 0.667755 0.724235 0.247559 -1.18712 -5.02539 -819.415 0 
11 826.249 0.31778 0.0224746 0.665618 0.727592 0.261956 -1.70048 -5.12 -819.429 0 
21 826.762 0.317467 0.0224661 0.66831 0.701228 0.326335 -1.95893 -5.40371 -819.4 0 
3 826.463 0.31492 0.0224232 0.666753 0.738567 0.280213 -2.45302 -4.65918 -819.35 0 
11 826.372 0.315888 0.0224335 0.66569 0.731472 0.273964 -2.46584 -4.57687 -819.329 0 
17 827.318 0.315591 0.0222562 0.668117 0.670224 0.327437 -2.38551 -5.4429 -819.49 0 
2 827.73 0.315473 0.0223075 0.667296 0.675026 0.30662 -3.24626 -5.02409 -819.459 0 
25 827.809 0.316268 0.0222601 0.668235 0.708629 0.363489 -2.26869 -6.11473 -819.426 0 
2 830.321 0.325764 0.0222675 0.658803 0.713759 0.306133 -3.95209 -6.83181 -819.537 0 
23 830.025 0.315587 0.0223136 0.6697 0.739663 0.371018 -5.02541 -5.59475 -819.405 0 
1 829.699 0.309576 0.0223416 0.669875 0.763969 0.326503 -5.82714 -4.55082 -819.321 0 
1 826.897 0.317257 0.022476 0.670389 0.749404 0.429015 -0.857087 -6.58795 -819.452 0 
7 826.756 0.317619 0.0222939 0.667394 0.738862 0.408097 -1.51544 -5.80988 -819.431 0 
32 826.367 0.313221 0.0223116 0.671443 0.757236 0.429142 -1.42706 -5.51027 -819.43 0 
21 826.553 0.312536 0.0225283 0.672844 0.720691 0.400076 -1.73806 -5.31942 -819.496 0 
7 826.158 0.314633 0.0225534 0.67209 0.747696 0.401739 -1.00337 -5.73991 -819.415 0 
4 828.404 0.32027 0.0226141 0.665248 0.782618 0.377814 -3.11438 -5.75971 -819.53 0 
25 825.891 0.323265 0.0225412 0.662378 0.758368 0.388685 -0.795653 -5.67698 -819.418 0 
120 825.317 0.314499 0.02254 0.669275 0.731459 0.401499 -1.13719 -4.60702 -819.572 0 
16 826.081 0.313563 0.0224924 0.669683 0.757777 0.451098 -1.86363 -4.51217 -819.705 0 
7 829.128 0.312576 0.0226485 0.674805 0.733424 0.502292 -3.91987 -5.03809 -820.17 0 
14 828.424 0.317495 0.0223876 0.669031 0.74486 0.515447 -2.83236 -5.62362 -819.969 0 
167 826.488 0.317468 0.0224885 0.669371 0.683279 0.474029 -0.595507 -5.59999 -820.292 0 
8 827.495 0.31757 0.0224642 0.670769 0.733621 0.516691 -0.933182 -6.66436 -819.897 0 
5 826.766 0.316504 0.0224217 0.671072 0.756527 0.491176 -0.217638 -6.99536 -819.553 0 
18 826.999 0.312665 0.02247 0.673141 0.728157 0.460553 -1.64789 -5.65988 -819.692 0 
14 828.216 0.31404 0.0223967 0.671633 0.698716 0.409663 -3.34005 -5.18389 -819.693 0 
18 826.953 0.313531 0.0223732 0.670611 0.755454 0.441787 -2.52084 -4.90557 -819.526 0 
4 828.26 0.319167 0.0224779 0.669274 0.679051 0.436092 -1.92248 -6.55686 -819.78 0 
10 826.824 0.313234 0.0223917 0.672781 0.636161 0.42238 -0.75148 -5.77055 -820.302 0 
59 826.769 0.308635 0.0224547 0.675813 0.681227 0.41627 -1.85866 -4.89012 -820.02 0 
62 825.789 0.314552 0.0224399 0.669469 0.655201 0.379382 -0.93654 -4.8036 -820.049 0 
5 828.018 0.318271 0.022441 0.670793 0.656873 0.451605 -0.508796 -7.55905 -819.95 0 
11 826.452 0.306202 0.0224183 0.677546 0.712014 0.46105 -1.60882 -4.53384 -820.309 0 
6 826.43 0.30611 0.0225455 0.6768 0.729247 0.45237 -1.79232 -4.40724 -820.23 0 
11 827.042 0.320261 0.0223997 0.667566 0.702464 0.400361 -0.10195 -7.45503 -819.485 0 
24 825.971 0.312789 0.0224092 0.6704 0.728058 0.398725 -1.66515 -4.77827 -819.527 0 
14 825.918 0.319202 0.022396 0.667278 0.671173 0.375973 -0.0767482 -6.27231 -819.569 0 
17 826.463 0.313331 0.0226373 0.672823 0.712355 0.417497 -1.79363 -4.97797 -819.691 0 
36 826.837 0.311766 0.0226128 0.674091 0.787396 0.488388 -2.39945 -4.86039 -819.577 0 
20 827.389 0.309096 0.0226752 0.674977 0.721409 0.458443 -2.65204 -4.43387 -820.303 0 
4 827.726 0.313442 0.0226626 0.672527 0.737393 0.422786 -3.06576 -5.1426 -819.518 0 
7 828.169 0.3066 0.0226533 0.676301 0.743558 0.4459 -3.49566 -4.5053 -820.168 0 
1 828.628 0.314765 0.0227355 0.67065 0.778241 0.460439 -4.28941 -4.83647 -819.502 0 
11 829.828 0.311705 0.0224522 0.672729 0.783977 0.478398 -4.90276 -5.44899 -819.476 0 
7 827.762 0.317889 0.0222751 0.667301 0.729399 0.522839 -1.5749 -6.04855 -820.139 0 
11 827.701 0.308837 0.0223951 0.678116 0.760175 0.637825 -0.166848 -5.66532 -821.869 0 
4 828.059 0.304373 0.0223782 0.681361 0.797657 0.648095 -1.23089 -5.29313 -821.535 0 
13 826.939 0.311861 0.0225204 0.675196 0.826266 0.62747 -1.07748 -5.42841 -820.433 0 
7 828.148 0.304134 0.0224537 0.677976 0.862728 0.621949 -3.21239 -4.42158 -820.514 0 
7 827.636 0.308134 0.0225723 0.674113 0.872179 0.555792 -3.61937 -4.47176 -819.545 0 
57 826.29 0.305994 0.0223726 0.678279 0.872027 0.635899 -1.28591 -4.87256 -820.132 0 
44 825.45 0.309573 0.022457 0.675499 0.838776 0.585445 -0.556965 -5.0538 -819.839 0 
20 825.595 0.311632 0.0225441 0.673341 0.825673 0.526879 -1.18993 -4.85951 -819.546 0 
49 825.523 0.310005 0.0225123 0.675242 0.798408 0.548799 -0.656983 -4.92766 -819.939 0 
42 826.107 0.308539 0.0226003 0.673955 0.842851 0.508292 -2.13109 -4.47734 -819.498 0 
3 826.167 0.316997 0.0224791 0.668035 0.836941 0.509857 -1.52435 -5.22026 -819.422 0 
78 825.906 0.322214 0.0225923 0.662342 0.83004 0.438442 -1.2816 -5.15542 -819.469 0 
16 826.512 0.315435 0.0225884 0.669534 0.879888 0.507403 -1.51715 -5.45116 -819.544 0 
22 827.454 0.316583 0.0226127 0.666777 0.830435 0.420312 -3.05035 -4.93116 -819.473 0 
6 826.568 0.315045 0.0224575 0.666866 0.881573 0.496271 -2.3195 -4.80498 -819.443 0 
32 826.371 0.310497 0.0225994 0.672181 0.929979 0.521268 -1.96137 -4.83152 -819.578 0 
3 827.198 0.311831 0.0225493 0.669168 0.929167 0.526959 -3.03595 -4.69597 -819.466 0 
2 826.9 0.319869 0.0223557 0.664613 0.931816 0.577595 -1.39326 -5.88724 -819.619 0 
34 825.748 0.318485 0.0224619 0.665626 0.898476 0.529837 -0.692526 -5.48969 -819.566 0 
2 826.904 0.317023 0.0222795 0.666371 0.874105 0.589184 -2.08097 -5.27572 -819.548 0 
13 825.824 0.318537 0.0224621 0.666152 0.89194 0.552665 -0.669858 -5.66791 -819.486 0 
4 825.934 0.314224 0.0225837 0.668353 0.845603 0.480733 -1.99683 -4.56647 -819.37 0 
29 827.931 0.319224 0.0223957 0.66561 0.825917 0.506372 -2.38007 -6.09791 -819.453 0 
54 825.854 0.318696 0.022429 0.667466 0.822475 0.548369 -0.188943 -6.12598 -819.539 0 
49 827.023 0.302652 0.0224049 0.680834 0.878745 0.637634 -2.18933 -4.59521 -820.238 0 
15 827.718 0.303846 0.0225962 0.678148 0.87811 0.621327 -2.69587 -4.50329 -820.518 0 
21 826.298 0.305406 0.0226152 0.678987 0.896356 0.629635 -1.8177 -4.55105 -819.93 0 
3 826.3 0.312979 0.0225933 0.672527 0.854073 0.559042 -1.83037 -4.92506 -819.544 0 
6 828.465 0.3158 0.022693 0.671221 0.791243 0.556169 -3.3631 -5.03395 -820.068 0 
16 827.302 0.31856 0.0225478 0.668353 0.863283 0.589541 -1.49002 -6.2724 -819.54 0 
8 827.439 0.321119 0.0225923 0.665151 0.81575 0.5223 -2.1642 -5.78674 -819.488 0 
4 826.48 0.314265 0.0225055 0.67322 0.85134 0.598538 -0.546954 -6.29041 -819.642 0 
56 826.134 0.308851 0.0225001 0.674373 0.865564 0.538188 -2.08959 -4.58931 -819.455 0 
10 827.161 0.31876 0.0222536 0.666378 0.85035 0.579023 -1.48459 -6.12743 -819.549 0 
5 827.017 0.315689 0.0223048 0.667714 0.843186 0.542994 -2.47621 -5.03959 -819.501 0 
2 827.271 0.311699 0.0226955 0.671271 0.853434 0.522185 -3.23777 -4.50132 -819.532 0 
1 828.662 0.313465 0.0222521 0.671713 0.829864 0.583192 -3.30166 -5.59211 -819.768 0 
24 825.563 0.314407 0.0224384 0.669513 0.83599 0.551417 -0.991481 -4.97021 -819.601 0 
16 826.205 0.309336 0.0225396 0.673902 0.849404 0.550189 -2.02072 -4.57791 -819.607 0 
7 832.921 0.302617 0.022464 0.676946 0.853129 0.544887 -8.55577 -4.51869 -819.847 0 
4 834.907 0.309825 0.0224953 0.669773 0.853705 0.517806 -10.969 -4.42548 -819.512 0 
6 832.547 0.300848 0.0224244 0.67796 0.837966 0.52637 -7.78418 -4.77774 -819.986 0 
8 828.284 0.304475 0.022461 0.676075 0.822773 0.491846 -4.1824 -4.48089 -819.62 0 
72 825.44 0.313267 0.0225451 0.67112 0.793633 0.483742 -1.16907 -4.73018 -819.541 0 
4 826.245 0.306219 0.0225504 0.676517 0.808891 0.519023 -1.95393 -4.42209 -819.869 0 
34 826.089 0.305727 0.022521 0.678285 0.753507 0.510358 -1.22367 -4.49859 -820.366 0 
25 825.947 0.31456 0.0224255 0.671312 0.702238 0.490081 -0.253135 -5.38973 -820.304 0 
7 826.248 0.310902 0.0224764 0.673221 0.714828 0.492362 -1.03009 -4.58452 -820.634 0 
6 826.724 0.313189 0.0223834 0.673626 0.694091 0.523988 -0.0726966 -5.98158 -820.67 0 
5 827.718 0.314969 0.0223568 0.671602 0.709556 0.512668 -1.65602 -5.70404 -820.358 0 
7 827.658 0.312641 0.0223438 0.672513 0.76956 0.515093 -2.65845 -5.17287 -819.827 0 
1 827.063 0.313175 0.0225934 0.671917 0.788301 0.429991 -2.84394 -4.83401 -819.385 0 
2 826.974 0.319682 0.0223055 0.6649 0.81646 0.480651 -1.80315 -5.73428 -819.437 0 
13 828.66 0.325282 0.0224842 0.663772 0.795882 0.500964 -0.977897 -8.14678 -819.535 0 
79 827.792 0.323088 0.022541 0.665286 0.754069 0.49811 -1.48949 -6.68994 -819.612 0 
13 826.897 0.319355 0.022454 0.667104 0.754455 0.507747 -1.51187 -5.56728 -819.818 0 
9 826.825 0.320816 0.0223791 0.666321 0.754753 0.528789 -0.166871 -6.8742 -819.784 0 
20 826.805 0.310716 0.0223729 0.673604 0.822954 0.525264 -2.31011 -4.96418 -819.531 0 
7 826.828 0.308288 0.0223639 0.674276 0.894319 0.5877 -2.6534 -4.64558 -819.529 0 
63 825.715 0.315775 0.0225464 0.667883 0.911409 0.548066 -1.20931 -5.03758 -819.468 0 
19 826.293 0.319367 0.0226152 0.664096 0.861814 0.495095 -2.06125 -4.83285 -819.399 0 
29 826.595 0.31755 0.0226513 0.667296 0.871014 0.481156 -1.91282 -5.15455 -819.528 0 
72 825.551 0.320087 0.0224906 0.664602 0.862348 0.501971 -0.585843 -5.47874 -819.486 0 
5 829.515 0.32016 0.0223918 0.663518 0.869387 0.507415 -4.05067 -5.89442 -819.57 0 
4 828.347 0.319057 0.0224445 0.663631 0.843456 0.461855 -3.71023 -5.16624 -819.47 0 
11 825.996 0.320155 0.0225912 0.663872 0.866158 0.485372 -1.4178 -5.09838 -819.479 0 
1 828.514 0.312863 0.022536 0.670717 0.895361 0.530849 -4.36685 -4.75031 -819.396 0 
1 826.769 0.32192 0.0226781 0.66198 0.848993 0.423675 -2.25542 -4.95422 -819.56 0 
61 826.252 0.318774 0.0224122 0.666358 0.849049 0.489202 -0.923881 -5.80829 -819.52 0 
19 826.918 0.3189 0.022313 0.66443 0.828916 0.469849 -1.92611 -5.53558 -819.456 0 
25 827.309 0.329511 0.0223767 0.657223 0.827376 0.45318 -0.0612367 -7.42957 -819.818 0 
45 826.126 0.324955 0.0224084 0.660823 0.80938 0.481443 -0.272625 -6.38417 -819.469 0 
7 827.557 0.311094 0.0225583 0.674178 0.765181 0.522723 -2.50411 -5.039 -820.014 0 
36 826.419 0.307464 0.0224172 0.677012 0.74131 0.515423 -1.30314 -4.68329 -820.432 0 
7 825.924 0.313744 0.0223679 0.672021 0.742876 0.49909 -0.47017 -5.60386 -819.85 0 
2 826.333 0.307976 0.0225247 0.676421 0.745843 0.499665 -1.50228 -4.52134 -820.31 0 
4 826.318 0.310288 0.0225327 0.674664 0.749508 0.485597 -1.53087 -4.92305 -819.864 0 
39 826.425 0.306746 0.022579 0.676399 0.744229 0.472936 -1.77598 -4.40936 -820.24 0 
3 829.77 0.315488 0.022652 0.672738 0.728371 0.501258 -4.22912 -5.47912 -820.062 0 
10 828.648 0.304223 0.0227704 0.678354 0.77393 0.454766 -4.11619 -4.5813 -819.95 0 
62 828.49 0.304772 0.0225767 0.679804 0.759916 0.510543 -3.63671 -4.43934 -820.414 0 
26 830.012 0.310331 0.0226612 0.677702 0.683742 0.507603 -3.62588 -5.64178 -820.744 0 
11 829.289 0.306595 0.0225212 0.680519 0.675819 0.512866 -2.66278 -5.66409 -820.962 0 
6 828.184 0.297371 0.0225089 0.686186 0.743145 0.545486 -2.16655 -4.46677 -821.55 0 
1 828.69 0.300855 0.0223962 0.683891 0.722927 0.553616 -2.43378 -4.56954 -821.687 0 
39 827.93 0.307273 0.0222835 0.677839 0.710484 0.547411 -1.50125 -5.35281 -821.076 0 
2 827.052 0.306152 0.0224434 0.677795 0.714971 0.526444 -1.21443 -4.57703 -821.261 0 
29 827.485 0.309827 0.0222868 0.675431 0.750647 0.578356 -1.16101 -5.49865 -820.826 0 
1 827.264 0.3094 0.0224218 0.678294 0.732818 0.588418 -0.0806657 -6.10591 -821.077 0 
7 826.999 0.306489 0.0224126 0.677189 0.76253 0.553086 -1.61674 -4.53458 -820.848 0 
15 827.827 0.309665 0.0223085 0.676143 0.763181 0.570034 -1.93869 -5.38748 -820.501 0 
12 827.296 0.314578 0.0225058 0.672444 0.765356 0.488889 -1.4159 -6.34081 -819.539 0 
35 826.002 0.311605 0.0225307 0.670916 0.795977 0.447738 -2.03946 -4.53361 -819.429 0 
42 826.999 0.315104 0.0225883 0.67199 0.702227 0.422912 -1.89673 -5.39504 -819.707 0 
56 825.693 0.3137 0.0224379 0.670835 0.722531 0.418194 -0.96535 -5.14905 -819.579 0 
35 825.447 0.309624 0.0224792 0.674625 0.708799 0.425392 -0.884452 -4.67293 -819.89 0 
3 825.393 0.313543 0.0224394 0.671787 0.711761 0.409083 -0.431071 -5.3959 -819.566 0 
3 825.398 0.313906 0.0225067 0.671495 0.733138 0.424329 -0.617739 -5.25124 -819.529 0 
2 826.223 0.30942 0.0225877 0.674272 0.735606 0.418193 -2.02861 -4.52478 -819.67 0 
17 826.213 0.316041 0.0224785 0.66872 0.703758 0.383409 -1.42854 -5.25636 -819.528 0 
12 825.462 0.312896 0.0224479 0.670954 0.733587 0.393742 -1.21807 -4.76073 -819.483 0 
69 825.129 0.317461 0.0225043 0.667041 0.738014 0.383835 -0.713363 -5.0037 -819.412 0 
6 825.443 0.317287 0.022515 0.668339 0.699668 0.350778 -0.702726 -5.29367 -819.446 0 
23 827.561 0.320119 0.0224551 0.66815 0.685168 0.351068 -0.987181 -7.11502 -819.459 0 
3 830.015 0.318941 0.0221999 0.665656 0.684332 0.323076 -4.87068 -5.72276 -819.421 0 
9 828.793 0.324086 0.0223363 0.661351 0.717707 0.264555 -3.19384 -6.0522 -819.547 0 
6 827.18 0.323032 0.0223821 0.661278 0.7528 0.245003 -1.053 -6.19998 -819.927 0 
14 827.014 0.31921 0.022473 0.664646 0.749216 0.291528 -2.00977 -5.46388 -819.541 0 
51 827.919 0.323801 0.0222894 0.662314 0.758408 0.321027 -0.444346 -7.5323 -819.943 0 
2 827.215 0.320209 0.0223118 0.664763 0.767211 0.319609 -0.989362 -6.42657 -819.799 0 
15 826.07 0.324195 0.0224266 0.659584 0.769401 0.280946 -0.784343 -5.5388 -819.747 0 
90 826.922 0.317706 0.0224647 0.669518 0.718821 0.350486 -1.07474 -6.40342 -819.443 0 
3 826.129 0.316744 0.0225015 0.670093 0.734314 0.372289 -0.477073 -6.21626 -819.436 0 
19 826.182 0.310626 0.0225104 0.67122 0.763954 0.341841 -2.30762 -4.53991 -819.334 0 
57 825.85 0.316526 0.0226315 0.667968 0.733735 0.310148 -1.65325 -4.83982 -819.357 0 
36 825.921 0.314423 0.0225522 0.67191 0.713803 0.324696 -0.825689 -5.6927 -819.403 0 
25 825.177 0.315971 0.0224321 0.668617 0.681832 0.2953 -0.578441 -5.19393 -819.405 0 
21 825.622 0.323118 0.0224535 0.661759 0.663688 0.230512 -0.659378 -5.57663 -819.386 0 
2 829.245 0.320152 0.0223979 0.665756 0.683438 0.237637 -4.08991 -5.7383 -819.416 0 
1 828.961 0.315676 0.0225056 0.667391 0.701344 0.168965 -4.97448 -4.65207 -819.334 0 
53 825.144 0.312746 0.0225348 0.671713 0.652778 0.163171 -0.923112 -4.86149 -819.359 0 
4 826.172 0.309441 0.0226685 0.674507 0.642617 0.183904 -2.21451 -4.46036 -819.497 0 
10 826.333 0.31925 0.0225471 0.667656 0.645487 0.242978 -1.07926 -5.83956 -819.414 0 
22 825.238 0.314138 0.0225281 0.671004 0.662794 0.310349 -0.703798 -4.99187 -819.542 0 
69 825.812 0.313809 0.0224713 0.673072 0.679691 0.369726 -0.372564 -5.90359 -819.536 0 
93 825.321 0.317851 0.0225169 0.667686 0.647775 0.268105 -0.562798 -5.29243 -819.465 0 
2 827.643 0.308495 0.0225833 0.672431 0.652673 0.201693 -3.5116 -4.48327 -819.649 0 
21 826.866 0.30668 0.0224704 0.677566 0.623853 0.305938 -2.28111 -4.50464 -820.08 0 
16 826.776 0.308714 0.0224276 0.673973 0.61814 0.295406 -2.19475 -4.47556 -820.106 0 
4 831.459 0.311712 0.0225908 0.672095 0.610606 0.263827 -6.9133 -4.68379 -819.862 0 
10 828.556 0.309998 0.0224514 0.674442 0.609542 0.308668 -3.78055 -4.54205 -820.233 0 
1 829.609 0.307845 0.0224509 0.678637 0.609097 0.33545 -4.50046 -4.95131 -820.157 0 
31 828.936 0.31556 0.0224535 0.671284 0.571796 0.304564 -2.59969 -6.3877 -819.949 0 
33 827.045 0.304394 0.0224509 0.679206 0.575334 0.327311 -1.50011 -4.48404 -821.061 0 
10 828.001 0.301564 0.0223979 0.681839 0.545832 0.306905 -2.09468 -4.48085 -821.426 0 
51 826.865 0.308118 0.0223675 0.677029 0.532957 0.31272 -0.889294 -4.95465 -821.021 0 
101 825.833 0.31203 0.0224525 0.672692 0.57155 0.290566 -0.65434 -4.78845 -820.39 0 
13 828.731 0.307102 0.0224911 0.677132 0.584257 0.34001 -3.27849 -4.71678 -820.736 0 
24 827.291 0.309319 0.0224244 0.677364 0.569752 0.366167 -1.2036 -5.27468 -820.813 0 
24 827.298 0.310085 0.0223493 0.672789 0.584375 0.308804 -2.17337 -4.56588 -820.558 0 
13 827.168 0.309795 0.0222997 0.675137 0.563477 0.341818 -1.23163 -5.26966 -820.667 0 
13 827.169 0.311638 0.0223038 0.671842 0.584123 0.30379 -2.06613 -4.76691 -820.336 0 
1 828.385 0.318509 0.0222676 0.666789 0.592992 0.30462 -2.26899 -6.34517 -819.771 0 
28 828.008 0.317892 0.022243 0.667465 0.624901 0.344817 -1.87675 -6.42262 -819.708 0 
81 827.059 0.307611 0.0226458 0.676705 0.648206 0.327102 -2.60401 -4.48145 -819.973 0 
43 828.335 0.299423 0.0226921 0.684588 0.655771 0.364112 -3.43627 -4.41022 -820.488 0 
3 828.362 0.299631 0.0226529 0.683819 0.673767 0.376256 -3.61332 -4.40448 -820.345 0 
15 827.471 0.302843 0.0224722 0.680608 0.668526 0.413449 -2.35721 -4.42358 -820.69 0 
8 826.131 0.310344 0.022435 0.67215 0.72392 0.413907 -1.87483 -4.46816 -819.788 0 
87 825.784 0.313974 0.02242 0.67141 0.743168 0.449494 -0.926955 -5.28021 -819.577 0 
15 828.475 0.304193 0.0222814 0.678103 0.759368 0.445271 -4.31493 -4.52665 -819.633 0 
11 825.708 0.316076 0.0224332 0.666991 0.733219 0.35538 -1.61356 -4.7022 -819.392 0 
5 826.699 0.312882 0.0224519 0.668898 0.759683 0.365091 -2.77015 -4.57342 -819.355 0 
36 826.05 0.318951 0.0225345 0.667672 0.724722 0.429671 -0.846872 -5.65135 -819.551 0 
53 827.514 0.323295 0.0224084 0.664657 0.647389 0.402093 -0.987567 -6.72907 -819.798 0 
11 826.887 0.315902 0.0224523 0.670426 0.6851 0.433235 -1.09092 -5.98499 -819.811 0 
21 827.095 0.314384 0.0222981 0.671992 0.66131 0.440787 -0.991105 -6.01422 -820.09 0 
2 827.362 0.310598 0.022573 0.674435 0.667781 0.435189 -2.11415 -4.78808 -820.46 0 
14 827.994 0.301865 0.0225346 0.683167 0.716438 0.523421 -2.26262 -4.65494 -821.077 0 
100 829.569 0.292182 0.0225749 0.691685 0.745105 0.553472 -2.72368 -4.68307 -822.162 0 
27 827.003 0.302569 0.0225121 0.684573 0.727922 0.571401 -0.51643 -5.14477 -821.342 0 
3 829.579 0.307143 0.0224161 0.678574 0.757356 0.573108 -3.39623 -5.56889 -820.614 0 
20 826.457 0.305481 0.0223795 0.679138 0.798091 0.585513 -1.14431 -4.81429 -820.499 0 
20 827.259 0.307782 0.0223534 0.674853 0.795766 0.53806 -2.65126 -4.58001 -820.027 0 
66 827.299 0.309132 0.0224691 0.678042 0.781257 0.621095 -0.532477 -5.80562 -820.961 0 
7 827.363 0.320661 0.0225233 0.667114 0.773687 0.552099 -0.988814 -6.50828 -819.866 0 
8 826.445 0.312832 0.0224943 0.671392 0.800825 0.527319 -1.79578 -4.93507 -819.714 0 
2 826.703 0.317644 0.0223857 0.669397 0.80426 0.57566 -0.185035 -6.75192 -819.766 0 
4 829.229 0.320124 0.0224129 0.669528 0.775637 0.604173 -0.631372 -8.49159 -820.106 0 
22 826.926 0.31723 0.0225187 0.668486 0.802831 0.573246 -1.47457 -5.45676 -819.995 0 
16 826.8 0.309711 0.0223981 0.675857 0.847661 0.664053 -0.625514 -5.37535 -820.799 0 
14 828.353 0.307178 0.0225145 0.675624 0.869752 0.651265 -3.02859 -4.46614 -820.858 0 
54 826.551 0.309311 0.0225156 0.67578 0.904494 0.692954 -1.08735 -4.73722 -820.727 0 
11 828.252 0.304218 0.0225661 0.681547 0.963212 0.734943 -2.96239 -4.64534 -820.644 0 
26 828.738 0.313721 0.0226697 0.674217 0.963333 0.718234 -3.14252 -5.67935 -819.916 0 
3 826.74 0.30615 0.0225666 0.67582 0.955467 0.654792 -2.51778 -4.47741 -819.745 0 
48 826.355 0.316116 0.0223158 0.668352 0.872059 0.62627 -1.0749 -5.45789 -819.822 0 
6 829.443 0.313356 0.0224976 0.672443 0.842168 0.586882 -4.66261 -4.92487 -819.855 0 
80 826.261 0.311732 0.0223797 0.675047 0.810581 0.593329 -0.106798 -6.1955 -819.958 0 
6 826.025 0.316479 0.0224159 0.665714 0.850292 0.505752 -1.90748 -4.72216 -819.395 0 
34 826.688 0.322805 0.022413 0.663391 0.91137 0.583091 -0.183602 -6.88716 -819.618 0 
26 825.905 0.319389 0.0226061 0.664495 0.892736 0.546527 -1.58248 -4.9098 -819.413 0 
38 826.039 0.318543 0.022537 0.663531 0.890179 0.513408 -1.91772 -4.71501 -819.407 0 
17 825.52 0.316752 0.0225426 0.666808 0.882738 0.513677 -1.12984 -4.95166 -819.438 0 
11 827.845 0.314753 0.0224718 0.670532 0.853162 0.5632 -2.54021 -5.80916 -819.495 0 
1 829.557 0.321473 0.0225927 0.66746 0.837446 0.56998 -3.2427 -6.77236 -819.542 0 
37 828.866 0.315835 0.0227615 0.670558 0.859064 0.536905 -4.44741 -4.98307 -819.435 0 
8 828.084 0.30621 0.0225443 0.674468 0.838635 0.50389 -3.75983 -4.66746 -819.656 0 
23 827.196 0.306798 0.0225059 0.674442 0.841731 0.509452 -3.20916 -4.45557 -819.531 0 
11 826.541 0.306755 0.0225905 0.67591 0.812712 0.495886 -2.48062 -4.43517 -819.626 0 
77 826.811 0.301776 0.0226599 0.681561 0.844236 0.531476 -2.64018 -4.47035 -819.7 0 
18 825.46 0.311678 0.0225073 0.671747 0.817177 0.499498 -1.29119 -4.67553 -819.494 0 
18 826.338 0.312809 0.0226528 0.670282 0.83436 0.452123 -2.40233 -4.58221 -819.354 0 
38 827.109 0.315798 0.0225879 0.670829 0.816689 0.528101 -2.2387 -5.33405 -819.536 0 
2 827.198 0.317571 0.022405 0.670507 0.77624 0.544946 -0.50961 -6.96631 -819.722 0 
28 827.011 0.315244 0.0224711 0.669723 0.782855 0.490229 -2.49892 -4.90868 -819.603 0 
4 826.195 0.310081 0.022501 0.675239 0.815056 0.535174 -1.63332 -4.90039 -819.661 0 
16 825.583 0.314911 0.0225122 0.670622 0.798268 0.524593 -0.638014 -5.31122 -819.634 0 
20 828.214 0.319703 0.0225988 0.668626 0.772378 0.521474 -2.2984 -6.24441 -819.671 0 
9 826.339 0.315553 0.0225745 0.670413 0.795192 0.551346 -1.35385 -5.01694 -819.968 0 
158 826.373 0.302311 0.0225068 0.683336 0.852748 0.654182 -0.740492 -4.76372 -820.869 0 
34 825.719 0.308169 0.0224175 0.676853 0.854184 0.608203 -0.68112 -5.14473 -819.893 0 
147 825.757 0.311037 0.0225938 0.673485 0.868087 0.571857 -1.48736 -4.68108 -819.588 0 
9 828.078 0.317908 0.0225514 0.665485 0.897383 0.536627 -3.48296 -5.12839 -819.467 0 
18 827.312 0.321016 0.0224623 0.662547 0.94635 0.525627 -1.23319 -5.87307 -820.206 0 
9 828.476 0.316904 0.0225472 0.664835 0.908871 0.491535 -3.92968 -4.89629 -819.65 0 
14 828.246 0.321712 0.0226278 0.661409 0.896445 0.500389 -3.66985 -5.01317 -819.563 0 
5 828.473 0.327836 0.0225721 0.659123 0.854878 0.472803 -1.68697 -6.94034 -819.846 0 
7 828.259 0.325522 0.02244 0.660096 0.887545 0.489611 -2.11504 -6.2352 -819.909 0 
8 828.13 0.312942 0.022717 0.668262 0.912168 0.467196 -3.73583 -4.87643 -819.518 0 
4 829.01 0.315325 0.022697 0.667432 0.891846 0.491963 -4.79133 -4.74584 -819.473 0 
43 826.997 0.31455 0.0225496 0.66926 0.875213 0.526951 -2.86673 -4.73675 -819.394 0 
8 825.875 0.316918 0.0225978 0.66689 0.868169 0.529128 -1.64351 -4.82566 -819.405 0 
14 826.119 0.309431 0.0226102 0.674613 0.862161 0.542727 -2.04723 -4.57644 -819.495 0 
7 825.571 0.318674 0.0225038 0.666458 0.872948 0.531563 -0.553841 -5.55487 -819.463 0 
14 827.897 0.320069 0.0226584 0.664378 0.879725 0.490793 -3.07116 -5.2572 -819.569 0 
10 829.183 0.315358 0.0225334 0.66465 0.899921 0.468176 -4.95186 -4.70168 -819.529 0 
5 829.426 0.320336 0.0225281 0.664673 0.923252 0.539434 -3.20108 -6.321 -819.904 0 
4 833.517 0.312745 0.0227181 0.665239 0.924653 0.415363 -8.3691 -5.33993 -819.808 0 
46 828.298 0.311308 0.0227289 0.673096 0.911051 0.533002 -3.90819 -4.91136 -819.479 0 
27 825.6 0.321296 0.0225549 0.66312 0.875244 0.515557 -0.938897 -5.20691 -819.455 0 
7 827.453 0.324153 0.0224684 0.662528 0.903197 0.553893 -1.15014 -6.62194 -819.681 0 
64 826.354 0.320822 0.0225253 0.664163 0.93045 0.5602 -0.769893 -5.87784 -819.706 0 
1 828.316 0.306729 0.0225095 0.673165 0.910894 0.53587 -4.20455 -4.74484 -819.367 0 
6 826.852 0.319073 0.0225366 0.667691 0.883236 0.572422 -0.958953 -6.39653 -819.497 0 
29 826.856 0.323847 0.0226105 0.661726 0.868624 0.473511 -1.41873 -5.73899 -819.699 0 
3 825.86 0.315468 0.0225135 0.670889 0.859313 0.559819 -0.58979 -5.79793 -819.472 0 
11 826.191 0.314917 0.0225446 0.670613 0.868808 0.595325 -1.21138 -5.37048 -819.609 0 
23 827.128 0.317086 0.0223534 0.665918 0.863436 0.52915 -2.80482 -4.91178 -819.412 0 
39 826.783 0.327145 0.0223648 0.658724 0.842794 0.485812 -0.551903 -6.60913 -819.622 0 
105 828.085 0.331567 0.0223075 0.653995 0.842509 0.441432 -1.27863 -6.86128 -819.945 0 
93 826.188 0.317787 0.022478 0.664612 0.865478 0.445142 -1.59636 -4.98845 -819.604 0 
9 826.992 0.317095 0.0225713 0.668323 0.8639 0.505865 -2.28431 -5.25967 -819.448 0 
6 827.268 0.309983 0.022516 0.670452 0.86659 0.466496 -3.29261 -4.63374 -819.342 0 
87 826.162 0.311658 0.0225938 0.673419 0.796298 0.475285 -1.70257 -5.00793 -819.451 0 
41 826.844 0.310508 0.0226502 0.671859 0.821521 0.424491 -2.95635 -4.54425 -819.344 0 
27 828.398 0.314825 0.0225836 0.666483 0.817083 0.356925 -4.26306 -4.66237 -819.472 0 
19 826.139 0.324163 0.0224092 0.661531 0.753695 0.342125 -0.177284 -6.37247 -819.589 0 
17 826.419 0.326239 0.0224181 0.659211 0.726319 0.339623 -0.712498 -6.25034 -819.457 0 
7 827.53 0.315771 0.0224837 0.670755 0.749784 0.44046 -2.52806 -5.51992 -819.482 0 
7 827.985 0.315795 0.022506 0.667141 0.781858 0.382638 -4.01649 -4.6224 -819.346 0 
7 827.446 0.314597 0.0225199 0.667736 0.782647 0.338497 -3.44838 -4.64216 -819.356 0 
6 829.48 0.306448 0.0223101 0.673778 0.785775 0.379291 -5.62751 -4.51628 -819.336 0 
21 825.769 0.312778 0.022525 0.671696 0.759547 0.357846 -1.46996 -4.92812 -819.371 0 
140 826.271 0.315194 0.0226611 0.669705 0.732837 0.358552 -2.14532 -4.72552 -819.401 0 
9 826.236 0.316617 0.0225843 0.669846 0.745093 0.426532 -1.20621 -5.57134 -819.459 0 
42 825.472 0.316739 0.0224588 0.669261 0.717437 0.417927 -0.250959 -5.68205 -819.539 0 
1 827.642 0.318766 0.0224992 0.669921 0.695367 0.412788 -0.962068 -7.14749 -819.532 0 
19 826.525 0.309753 0.0226596 0.67517 0.665774 0.339744 -2.16935 -4.50749 -819.848 0 
23 827.767 0.315116 0.0226707 0.670901 0.65675 0.299112 -3.1218 -5.12055 -819.525 0 
4 825.872 0.318276 0.0226225 0.665789 0.759534 0.315112 -1.59025 -4.878 -819.403 0 
16 826.174 0.321702 0.0224615 0.663268 0.780844 0.333632 -0.685076 -5.79205 -819.697 0 
10 825.792 0.318744 0.0224486 0.664546 0.777912 0.347559 -1.16019 -5.15359 -819.479 0 
26 827.253 0.313072 0.0225421 0.669519 0.74895 0.310235 -3.19565 -4.70119 -819.356 0 
58 825.668 0.317585 0.0225453 0.666651 0.734223 0.30127 -1.16869 -5.1048 -819.394 0 
21 826.13 0.319365 0.0224776 0.666708 0.697867 0.342839 -0.673813 -6.03492 -819.422 0 
5 826.341 0.310634 0.0225981 0.672152 0.745859 0.345891 -2.45691 -4.52001 -819.364 0 
3 826.115 0.320069 0.0225858 0.665706 0.745382 0.345386 -1.14882 -5.54253 -819.424 0 
30 826.898 0.317145 0.0225614 0.668135 0.768505 0.376273 -1.8425 -5.60495 -819.45 0 
33 826.778 0.30965 0.0226146 0.671545 0.800504 0.370974 -2.85971 -4.59874 -819.32 0 
37 826.115 0.312466 0.0225823 0.66994 0.808086 0.345992 -1.94067 -4.71041 -819.464 0 
65 826.239 0.317675 0.0225213 0.666198 0.807488 0.328617 -1.18052 -5.2686 -819.79 0 
2 826.274 0.31486 0.0225682 0.667031 0.780097 0.2628 -2.03036 -4.72241 -819.521 0 
5 831.682 0.305364 0.0225462 0.672213 0.820107 0.251399 -6.71378 -5.51931 -819.449 0 
13 829.473 0.305257 0.0225301 0.674834 0.817656 0.299319 -5.07501 -4.9466 -819.452 0 
8 827.953 0.324559 0.0223658 0.663356 0.709208 0.305374 -0.2231 -8.05423 -819.675 0 
8 828.175 0.322235 0.0225989 0.665153 0.748687 0.332252 -2.36417 -6.24651 -819.564 0 
29 825.695 0.314016 0.0225114 0.668338 0.727912 0.281611 -1.79678 -4.5659 -819.332 0 
20 825.687 0.315881 0.0225224 0.666587 0.759762 0.294008 -1.5711 -4.7206 -819.395 0 
6 826.028 0.315232 0.0224983 0.666587 0.771081 0.302807 -1.96137 -4.66914 -819.397 0 
73 825.363 0.316531 0.0224595 0.667376 0.753928 0.362761 -1.00038 -4.99032 -819.373 0 
10 825.625 0.318939 0.0224475 0.666613 0.753193 0.391098 -0.298506 -5.90022 -819.426 0 
20 826.228 0.313062 0.0224401 0.669377 0.814159 0.439855 -2.0888 -4.76666 -819.373 0 
13 826.707 0.31924 0.0225776 0.667514 0.791272 0.467352 -1.27024 -5.99864 -819.438 0 
14 828.529 0.314416 0.0225737 0.671679 0.809235 0.481615 -3.99643 -5.10745 -819.425 0 
8 826.095 0.310595 0.0226096 0.674633 0.792524 0.480841 -1.67006 -4.92777 -819.498 0 
37 826.633 0.315422 0.0225352 0.668966 0.778299 0.421584 -2.45869 -4.78149 -819.393 0 
79 827.054 0.3076 0.0223415 0.674641 0.794446 0.444191 -3.02763 -4.62054 -819.406 0 
37 827.065 0.312126 0.0222968 0.671307 0.735046 0.379603 -2.39942 -5.26388 -819.402 0 
11 828.02 0.327933 0.0223631 0.659391 0.734213 0.374642 -0.44165 -7.98707 -819.591 0 
1 828.381 0.327792 0.0223284 0.660457 0.710683 0.341233 -0.140733 -8.60069 -819.64 0 
4 827.902 0.326993 0.0224521 0.661335 0.697363 0.306097 -0.517873 -7.80841 -819.575 0 
21 828.686 0.327832 0.022369 0.658419 0.660145 0.213933 -1.85986 -7.29944 -819.527 0 
32 828.511 0.328257 0.0223503 0.657312 0.701429 0.230034 -1.71977 -7.091 -819.7 0 
8 828.498 0.319975 0.0225776 0.663079 0.805556 0.229711 -3.29987 -5.10175 -820.097 0 
12 830.113 0.328091 0.0223757 0.659443 0.759922 0.266404 -1.79551 -7.94358 -820.374 0 
86 827.088 0.329136 0.0225536 0.655893 0.773851 0.206173 -0.83846 -5.97816 -820.272 0 
5 828.296 0.320126 0.0225231 0.662059 0.796555 0.255736 -3.65437 -4.89597 -819.745 0 
12 828.708 0.320341 0.0223559 0.661833 0.822542 0.292935 -2.68904 -5.63499 -820.384 0 
10 828.433 0.329199 0.0223556 0.656462 0.796894 0.288737 -0.77163 -7.09966 -820.561 0 
11 827.768 0.326666 0.0223274 0.658108 0.763089 0.297694 -1.10572 -6.72863 -819.934 0 
4 830.731 0.316657 0.0224185 0.664307 0.776557 0.24497 -6.47901 -4.75901 -819.493 0 
3 830.173 0.321142 0.0223813 0.659206 0.792957 0.198933 -5.3965 -4.90662 -819.87 0 
1 830.771 0.330999 0.0225783 0.656494 0.78528 0.228263 -2.91141 -7.11094 -820.749 0 
8 830.902 0.327259 0.022514 0.659658 0.79021 0.282655 -3.86107 -6.6961 -820.345 0 
13 831.035 0.320349 0.0226775 0.663717 0.788347 0.207306 -6.08318 -5.03676 -819.916 0 
5 829.927 0.327924 0.0225223 0.660191 0.758071 0.210586 -1.07525 -8.14014 -820.712 0 
10 828.303 0.326378 0.0224338 0.659053 0.779104 0.21559 -1.27017 -6.51248 -820.52 0 
12 826.954 0.325849 0.0225468 0.659554 0.7634 0.232271 -1.051 -5.90784 -819.995 0 
59 826.772 0.325615 0.0224812 0.660433 0.741772 0.238762 -0.425213 -6.45301 -819.894 0 
9 827.249 0.323637 0.0224891 0.662985 0.734871 0.219409 -0.444974 -6.81825 -819.986 0 
4 828.305 0.316634 0.0225276 0.663199 0.755213 0.166803 -4.18913 -4.6572 -819.458 0 
3 827.436 0.323919 0.0225886 0.660914 0.73905 0.176262 -2.43581 -5.29117 -819.709 0 
20 827.372 0.325411 0.0226674 0.659104 0.753175 0.130553 -2.13355 -5.28801 -819.95 0 
5 828.253 0.32093 0.0225581 0.662519 0.753007 0.11595 -2.71911 -5.45104 -820.083 0 
2 828.902 0.32417 0.0226569 0.659767 0.782344 0.101893 -2.75922 -5.56389 -820.579 0 
25 829.023 0.322805 0.0225635 0.659635 0.824793 0.119249 -2.49219 -5.4241 -821.107 0 
30 829.829 0.318851 0.0224886 0.662092 0.83547 0.149966 -3.59602 -5.27255 -820.96 0 
2 830.323 0.32123 0.0225585 0.659394 0.856865 0.134014 -3.45943 -5.40673 -821.457 0 
49 831.897 0.319806 0.0226085 0.660441 0.864979 0.120443 -4.92925 -5.49738 -821.47 0 
1 832.225 0.322766 0.022563 0.660548 0.781951 0.138813 -7.00109 -5.12075 -820.103 0 
5 829.792 0.320526 0.022596 0.66146 0.793263 0.108344 -4.6004 -5.03081 -820.16 0 
8 829.487 0.311302 0.0225993 0.668539 0.790183 0.141293 -4.84476 -4.83625 -819.806 0 
3 826.917 0.315949 0.0226645 0.667355 0.758261 0.132449 -2.21963 -4.91441 -819.783 0 
59 826.814 0.31693 0.0226704 0.667606 0.721623 0.168106 -2.43096 -4.90801 -819.475 0 
8 827.083 0.314251 0.0225445 0.66771 0.748991 0.163054 -2.67644 -4.79573 -819.611 0 
24 825.661 0.316597 0.0224989 0.667283 0.719288 0.157694 -0.862822 -5.21373 -819.585 0 
18 827.457 0.316278 0.0225108 0.665619 0.777416 0.144231 -2.31708 -5.05425 -820.086 0 
192 826.751 0.312152 0.0226024 0.669401 0.758602 0.152252 -2.47576 -4.72203 -819.553 0 
10 826.998 0.315135 0.0225946 0.666115 0.783622 0.19652 -2.52574 -4.78869 -819.683 0 
2 829.002 0.312456 0.0225661 0.668735 0.789765 0.204356 -4.3291 -4.81976 -819.853 0 
1 829.863 0.316777 0.0227862 0.666776 0.759924 0.228839 -5.76182 -4.69544 -819.406 0 
14 829.243 0.316097 0.0227057 0.669136 0.781528 0.21137 -3.97292 -5.2677 -820.002 0 
20 828.683 0.311848 0.022618 0.668262 0.807367 0.187661 -3.88735 -5.01588 -819.78 0 
16 830.101 0.308392 0.0226786 0.671255 0.822668 0.138952 -4.83289 -5.13283 -820.136 0 
12 828.043 0.315857 0.0226798 0.666333 0.808128 0.157077 -2.76127 -5.01545 -820.266 0 
133 827.567 0.322014 0.0225264 0.661215 0.800633 0.136602 -1.10629 -5.63065 -820.83 0 
1 828.499 0.319433 0.0226701 0.662979 0.774693 0.113616 -3.49052 -4.96697 -820.042 0 
30 827.237 0.319467 0.022576 0.661399 0.771225 0.0958889 -2.61101 -4.83429 -819.792 0 
3 828.147 0.32736 0.0223471 0.657491 0.733363 0.113401 -1.61262 -6.34805 -820.187 0 
4 828.39 0.329229 0.0223748 0.656058 0.761573 0.130226 -0.326803 -7.18975 -820.873 0 
53 828.5 0.319396 0.0225225 0.661784 0.831084 0.156166 -2.26904 -5.26801 -820.963 0 
6 831.486 0.315827 0.0224481 0.66237 0.811254 0.10205 -6.23439 -5.01317 -820.238 0 
18 829.704 0.320656 0.0223674 0.660265 0.784589 0.152637 -4.1903 -5.2202 -820.293 0 
12 830.124 0.322443 0.0222674 0.659038 0.793181 0.157616 -3.97628 -5.54695 -820.601 0 
34 826.945 0.319527 0.0224844 0.663125 0.77725 0.136257 -1.46718 -5.2537 -820.224 0 
7 826.472 0.323425 0.0225224 0.661313 0.748366 0.171172 -0.760427 -5.72759 -819.984 0 
8 826.804 0.324807 0.0224685 0.661078 0.723598 0.186262 -0.31065 -6.57284 -819.92 0 
18 825.706 0.316934 0.0225689 0.66588 0.682068 0.151482 -1.74498 -4.63048 -819.33 0 
11 825.898 0.318187 0.0225408 0.667208 0.704074 0.192016 -0.738092 -5.62826 -819.532 0 
45 826.04 0.313106 0.0225954 0.668777 0.702215 0.178182 -2.21099 -4.51741 -819.311 0 
20 825.735 0.315092 0.0225157 0.67044 0.683624 0.239762 -0.753212 -5.58401 -819.398 0 
27 827.237 0.31701 0.0227206 0.667677 0.657339 0.159226 -3.1824 -4.69887 -819.356 0 
33 826.235 0.316223 0.0226204 0.669849 0.621115 0.159098 -1.69565 -5.11887 -819.42 0 
49 825.943 0.318563 0.0225462 0.667807 0.579421 0.124958 -0.844447 -5.59845 -819.5 0 
33 825.567 0.310855 0.0224619 0.675221 0.587595 0.213723 -0.630009 -5.27665 -819.661 0 
2 826.806 0.30709 0.022651 0.675869 0.598053 0.177103 -2.39178 -4.40621 -820.008 0 
28 827.03 0.305044 0.0224987 0.676564 0.631116 0.193932 -2.89443 -4.40916 -819.727 0 
10 826.81 0.303489 0.0226112 0.679769 0.609233 0.194098 -2.5516 -4.38917 -819.869 0 
40 826.973 0.306538 0.0224477 0.675282 0.64877 0.170599 -3.04251 -4.44033 -819.49 0 
14 827.241 0.306795 0.0225255 0.676028 0.687973 0.214621 -3.3803 -4.49879 -819.361 0 
14 827.317 0.31833 0.0223633 0.665256 0.641935 0.142441 -2.53728 -5.40588 -819.374 0 
4 826.19 0.317043 0.022485 0.669964 0.612235 0.125043 -0.394077 -6.38281 -819.413 0 
8 825.835 0.316093 0.0225558 0.670305 0.591075 0.119782 -0.943578 -5.42887 -819.463 0 
13 826.333 0.313373 0.0226312 0.6728 0.588245 0.171221 -1.69695 -5.02292 -819.613 0 
6 828.591 0.30845 0.0227806 0.676525 0.558859 0.11889 -4.07809 -4.41506 -820.098 0 
29 826.523 0.312511 0.0225243 0.674766 0.503443 0.153094 -0.888718 -5.5206 -820.113 0 
6 828.06 0.309877 0.0223555 0.675043 0.545551 0.186032 -3.15192 -4.84871 -820.06 0 
6 828.534 0.309854 0.0222475 0.672721 0.572594 0.166674 -4.06223 -4.62186 -819.85 0 
43 828.831 0.32013 0.0221868 0.663202 0.557888 0.131252 -3.68652 -5.52321 -819.621 0 
15 830.198 0.325189 0.0224709 0.664114 0.508978 0.150763 -2.14083 -8.41311 -819.644 0 
48 828.541 0.320364 0.0222545 0.667898 0.519411 0.168478 -0.957094 -7.93958 -819.644 0 
38 827.067 0.311191 0.0224798 0.674242 0.568113 0.2018 -2.34235 -4.7945 -819.93 0 
3 827.321 0.310675 0.0225021 0.673062 0.546936 0.138934 -2.65277 -4.64931 -820.019 0 
37 826.353 0.311984 0.0224431 0.675718 0.542024 0.216857 -0.341804 -6.17778 -819.833 0 
12 826.376 0.311493 0.0223468 0.6727 0.542531 0.192478 -1.40259 -4.85073 -820.122 0 
1 827.797 0.312795 0.0223571 0.67198 0.568599 0.283747 -2.26833 -5.4374 -820.091 0 
19 827.614 0.319576 0.0222926 0.668394 0.564082 0.306548 -0.284511 -7.49772 -819.832 0 
10 829.053 0.312058 0.0223001 0.674145 0.567727 0.307323 -2.53146 -6.55815 -819.964 0 
7 828.734 0.313988 0.0222173 0.669799 0.584126 0.261766 -3.76316 -5.04515 -819.925 0 
5 828.532 0.322271 0.0222901 0.666171 0.596688 0.281868 -0.274204 -8.72769 -819.53 0 
7 829.256 0.308907 0.0224082 0.674181 0.547164 0.264211 -3.94635 -4.63788 -820.672 0 
1 829.546 0.303346 0.0225511 0.681066 0.604168 0.34915 -4.30423 -4.59943 -820.642 0 
6 830.088 0.296541 0.0225853 0.685895 0.565955 0.327416 -2.97246 -4.84627 -822.27 0 
23 827.553 0.305686 0.0224392 0.679771 0.476497 0.307795 -0.635214 -4.91314 -822.005 0 
2 828.296 0.312687 0.0224998 0.674743 0.470413 0.279171 -1.26351 -5.95885 -821.074 0 
4 830.425 0.313034 0.0225834 0.675345 0.525494 0.319967 -4.10207 -5.43791 -820.885 0 
3 827.9 0.312582 0.0226388 0.67403 0.587428 0.330774 -2.43796 -5.13143 -820.33 0 
8 828.419 0.306397 0.0225223 0.678849 0.657346 0.348836 -3.91125 -4.56054 -819.947 0 
19 825.563 0.3069 0.0225358 0.677969 0.627735 0.314064 -0.938196 -4.64826 -819.977 0 
57 825.888 0.30655 0.0224627 0.677674 0.653876 0.307377 -1.4778 -4.7656 -819.645 0 
5 825.87 0.31237 0.0225471 0.67276 0.683574 0.323161 -1.55503 -4.81296 -819.502 0 
20 825.536 0.315376 0.0224474 0.669015 0.655039 0.261204 -1.1713 -4.90258 -819.463 0 
73 825.645 0.312683 0.0225172 0.670536 0.687286 0.300191 -1.57759 -4.60598 -819.461 0 
18 826.314 0.306855 0.0226238 0.676306 0.68638 0.313651 -2.26592 -4.41428 -819.634 0 
75 826.437 0.311434 0.0226702 0.672627 0.656079 0.275225 -2.32142 -4.47482 -819.641 0 
2 827.844 0.313849 0.0227301 0.671964 0.6693 0.289864 -3.6539 -4.67134 -819.519 0 
10 827.638 0.30804 0.0226791 0.673429 0.691904 0.273164 -3.50155 -4.53802 -819.599 0 
52 826.306 0.310969 0.0224725 0.670624 0.736023 0.319972 -2.45475 -4.48823 -819.363 0 
2 826.891 0.317767 0.0223537 0.666154 0.745665 0.315045 -1.61827 -5.75379 -819.519 0 
39 827.147 0.310719 0.0225718 0.672869 0.751263 0.338831 -3.21843 -4.58364 -819.345 0 
10 828.207 0.319358 0.0225429 0.667122 0.743788 0.369534 -3.26749 -5.53673 -819.403 0 
25 829.089 0.306173 0.0225886 0.675112 0.810151 0.396425 -5.24517 -4.51216 -819.332 0 
27 825.607 0.313865 0.0225666 0.66974 0.820602 0.412377 -1.31133 -4.86507 -819.43 0 
3 826.838 0.306654 0.0226966 0.676215 0.785423 0.410332 -2.94617 -4.47538 -819.416 0 
41 829.236 0.305356 0.0227987 0.678138 0.786514 0.386693 -5.40224 -4.48443 -819.349 0 
73 827.789 0.30456 0.022674 0.67834 0.769062 0.372427 -3.82521 -4.56015 -819.404 0 
2 828.819 0.319309 0.0225324 0.666948 0.712435 0.317416 -2.98713 -6.37437 -819.457 0 
2 827.677 0.317251 0.0223941 0.666753 0.674384 0.315815 -3.35897 -4.78682 -819.532 0 
1 828.938 0.320421 0.0223727 0.664168 0.717465 0.32549 -4.36678 -5.19121 -819.38 0 
17 829.191 0.321463 0.0223739 0.664777 0.702463 0.321892 -2.42717 -7.25935 -819.504 0 
4 830.263 0.315874 0.0223931 0.66672 0.685919 0.289708 -5.87723 -4.99228 -819.394 0 
9 829.865 0.312157 0.0224934 0.670826 0.680383 0.259438 -5.66896 -4.81632 -819.38 0 
7 828.708 0.308493 0.0225251 0.675721 0.636124 0.269531 -4.43466 -4.46494 -819.809 0 
2 828.408 0.30609 0.0226974 0.67879 0.634714 0.309135 -3.91716 -4.50614 -819.985 0 
27 825.966 0.309479 0.0224494 0.674838 0.640199 0.293239 -1.57407 -4.66087 -819.731 0 
8 826.581 0.310932 0.0225611 0.673163 0.642106 0.290373 -2.21297 -4.65969 -819.708 0 
14 826.525 0.313817 0.0225017 0.668905 0.697694 0.280571 -2.50483 -4.64472 -819.376 0 
38 826.672 0.320332 0.0223979 0.666742 0.659222 0.272507 -0.595707 -6.64408 -819.432 0 
48 825.862 0.321194 0.0225423 0.664696 0.692876 0.245368 -0.745931 -5.69323 -819.423 0 
43 826.158 0.309487 0.0225826 0.673558 0.698633 0.243392 -2.299 -4.5006 -819.358 0 
7 826.52 0.319566 0.0224628 0.664552 0.748625 0.264202 -1.23469 -5.62795 -819.657 0 
29 827.16 0.314449 0.0223971 0.666823 0.761272 0.234709 -2.86774 -4.7674 -819.525 0 
6 826.115 0.317326 0.0223984 0.665407 0.687019 0.194645 -1.99396 -4.77704 -819.344 0 
22 827.239 0.326015 0.0224733 0.660876 0.641622 0.153658 -0.849461 -6.90309 -819.486 0 
80 826.423 0.322648 0.0223279 0.663624 0.627178 0.196305 -0.391013 -6.60704 -819.425 0 
2 827.538 0.323851 0.0225819 0.663179 0.674042 0.204607 -2.15889 -5.93964 -819.439 0 
33 826.99 0.31889 0.0225794 0.668059 0.651615 0.207398 -1.8825 -5.71546 -819.392 0 
3 826.906 0.316028 0.0226274 0.66998 0.668299 0.234844 -2.47412 -5.05488 -819.377 0 
27 825.877 0.31814 0.0225725 0.665336 0.683346 0.206158 -1.7739 -4.75918 -819.344 0 
28 825.793 0.314923 0.0225181 0.668031 0.726955 0.223732 -1.68272 -4.73022 -819.38 0 
11 827.247 0.314826 0.0223655 0.666289 0.72528 0.228645 -3.2708 -4.62772 -819.349 0 
15 827.007 0.32412 0.0223559 0.661813 0.724433 0.238393 -0.230194 -6.93426 -819.842 0 
4 826.885 0.318698 0.0225107 0.666032 0.689953 0.240597 -2.55636 -4.9708 -819.358 0 
120 825.535 0.319759 0.0225092 0.665578 0.691858 0.223486 -0.587747 -5.52493 -819.422 0 
4 825.575 0.310908 0.0225474 0.672823 0.686103 0.260167 -1.60171 -4.58028 -819.393 0 
13 826.339 0.31608 0.0224257 0.666073 0.710709 0.225206 -2.21808 -4.76265 -819.358 0 
80 826.577 0.321352 0.0223561 0.66179 0.699144 0.205917 -1.78942 -5.34503 -819.442 0 
4 825.948 0.316621 0.0225699 0.66901 0.710663 0.238061 -0.972143 -5.51119 -819.465 0 
13 826.129 0.315531 0.0223673 0.667345 0.683615 0.228228 -1.95603 -4.82136 -819.352 0 
2 827.535 0.312294 0.0224909 0.669457 0.679485 0.17875 -3.6752 -4.50228 -819.358 0 
9 827.566 0.307236 0.0227267 0.676716 0.642085 0.156098 -3.66235 -4.4409 -819.463 0 
3 826.915 0.303767 0.0226861 0.679857 0.640165 0.173694 -2.8779 -4.43998 -819.597 0 
13 827.488 0.306218 0.0225985 0.675165 0.62026 0.115616 -3.10146 -4.59826 -819.788 0 
29 826.935 0.314725 0.0223549 0.669229 0.604099 0.0966954 -2.15973 -5.36843 -819.407 0 
12 826.94 0.320992 0.0223136 0.666097 0.539255 0.113214 -0.179762 -7.22336 -819.537 0 
2 828.502 0.3103 0.0223 0.674205 0.525143 0.146026 -3.51713 -4.86808 -820.116 0 
38 826.877 0.31735 0.0222653 0.668662 0.508317 0.147332 -0.748731 -6.25991 -819.868 0 
26 827.698 0.321437 0.0222736 0.665065 0.498999 0.143057 -0.898141 -6.98413 -819.816 0 
53 826.989 0.317433 0.0222907 0.667884 0.492426 0.128627 -1.05445 -5.89644 -820.038 0 
1 827.153 0.309459 0.0225805 0.67502 0.48748 0.0634529 -1.98002 -4.57966 -820.593 0 
36 828.565 0.308627 0.0226689 0.679414 0.456865 0.119889 -2.70296 -5.22354 -820.638 0 
2 828.305 0.312935 0.0225727 0.676128 0.468393 0.109282 -1.84818 -6.36388 -820.093 0 
26 826.621 0.305126 0.0225241 0.682095 0.43828 0.0829342 -0.618748 -5.27694 -820.725 0 
46 828.753 0.311853 0.0223757 0.676978 0.409391 0.0743933 -1.57194 -6.73358 -820.447 0 
51 827.299 0.306517 0.0222946 0.677541 0.48265 0.0682562 -2.03335 -4.86493 -820.4 0 
84 825.98 0.308323 0.0224295 0.676405 0.492989 0.0987302 -0.805122 -4.74488 -820.43 0 
42 826.874 0.313971 0.0223741 0.672521 0.487704 0.0975255 -1.17772 -5.61895 -820.077 0 
57 826.299 0.30327 0.0224079 0.680158 0.556758 0.109438 -1.84826 -4.4894 -819.961 0 
3 828.493 0.316111 0.0225549 0.671279 0.539818 0.0400855 -2.60582 -6.33743 -819.55 0 
14 828.405 0.308547 0.0226356 0.677238 0.555118 0.081438 -3.96646 -4.55014 -819.889 0 
13 826.479 0.314394 0.022511 0.672293 0.541152 0.0456906 -1.02481 -5.86325 -819.591 0 
18 827.451 0.322076 0.0225445 0.666104 0.535009 0.0713588 -1.24381 -6.64707 -819.56 0 
53 825.82 0.311379 0.0224882 0.672938 0.600888 0.103666 -1.63339 -4.67245 -819.514 0 
11 826.486 0.321295 0.0223055 0.664549 0.619716 0.12676 -0.540006 -6.51985 -819.426 0 
14 826.765 0.319085 0.0223173 0.663747 0.667871 0.168401 -2.22447 -5.169 -819.371 0 
52 825.735 0.317834 0.0223932 0.667006 0.651929 0.208679 -0.969673 -5.38274 -819.382 0 
82 825.244 0.312972 0.0225543 0.670857 0.671798 0.235411 -1.18589 -4.6696 -819.388 0 
5 826.477 0.316516 0.0226415 0.668715 0.674787 0.245779 -2.08318 -5.01902 -819.374 0 
18 827.426 0.307358 0.022701 0.674615 0.720949 0.262106 -3.55599 -4.51443 -819.355 0 
37 825.706 0.312268 0.0225836 0.671176 0.660808 0.263387 -1.6532 -4.51058 -819.542 0 
4 826.777 0.317182 0.0223469 0.670431 0.664985 0.375662 -0.0413274 -7.19572 -819.54 0 
4 825.83 0.306714 0.0224748 0.676092 0.709459 0.355498 -1.78151 -4.46702 -819.582 0 
15 826.6 0.311198 0.0226954 0.672658 0.731974 0.278037 -2.69896 -4.57139 -819.329 0 
32 826.886 0.321386 0.0225022 0.665642 0.738616 0.360916 -0.641438 -6.73624 -819.508 0 
10 825.509 0.319072 0.0224058 0.664111 0.735457 0.345799 -1.2067 -4.93222 -819.37 0 
72 826.594 0.328378 0.0223456 0.658045 0.69641 0.333855 -0.148021 -6.98687 -819.459 0 
1 826.748 0.313432 0.0224071 0.672226 0.748748 0.401762 -1.82721 -5.5112 -819.409 0 
52 828.908 0.32854 0.0223355 0.660493 0.69455 0.401594 -0.772798 -8.6204 -819.514 0 
26 826.089 0.315871 0.0224564 0.667874 0.764833 0.407867 -1.60632 -5.09211 -819.391 0 
5 831.322 0.305543 0.0224406 0.674627 0.766665 0.409142 -7.38007 -4.41251 -819.53 0 
2 831.068 0.308078 0.0226228 0.672889 0.772995 0.383047 -7.22794 -4.44165 -819.398 0 
18 829.553 0.309329 0.022476 0.675181 0.810596 0.467548 -5.40608 -4.73918 -819.408 0 
29 827.966 0.31384 0.0227657 0.671162 0.799292 0.446181 -3.9494 -4.61104 -819.405 0 
3 827.329 0.314004 0.022505 0.672977 0.819777 0.518685 -2.08289 -5.77951 -819.466 0 
19 826.919 0.315432 0.0223858 0.665722 0.808277 0.433008 -2.99199 -4.56666 -819.361 0 
180 825.353 0.314026 0.0224269 0.669651 0.771825 0.422774 -1.01541 -4.93679 -819.401 0 
73 825.455 0.318914 0.0224265 0.664751 0.764757 0.389607 -1.06259 -5.01448 -819.378 0 
9 826.174 0.313894 0.0224069 0.668413 0.811717 0.420851 -1.97956 -4.80896 -819.386 0 
10 828.211 0.314083 0.0222826 0.670077 0.776266 0.47086 -3.5391 -5.17176 -819.5 0 
16 827.767 0.314467 0.0222989 0.667274 0.804859 0.467577 -3.59224 -4.75745 -819.417 0 
7 827.643 0.318386 0.0222438 0.666324 0.839774 0.527302 -1.72622 -6.43903 -819.478 0 
4 827.824 0.312516 0.0223238 0.66861 0.844104 0.494193 -3.8286 -4.60626 -819.389 0 
17 827.343 0.319316 0.0223762 0.665134 0.825784 0.467248 -1.77497 -6.05231 -819.516 0 
42 827.795 0.31821 0.0224427 0.667227 0.776954 0.409945 -2.94183 -5.44174 -819.411 0 
7 827.587 0.322001 0.022475 0.662122 0.769934 0.340674 -3.09117 -5.06115 -819.435 0 
29 825.875 0.319977 0.0225706 0.66548 0.754653 0.356872 -1.10284 -5.36031 -819.412 0 
15 825.733 0.309512 0.0225655 0.673198 0.780575 0.409065 -1.83621 -4.50032 -819.397 0 
10 825.686 0.310378 0.0225744 0.67234 0.768134 0.381405 -1.80001 -4.5159 -819.37 0 
15 825.725 0.31874 0.0224294 0.664001 0.759945 0.359379 -1.59305 -4.77386 -819.358 0 
18 826.151 0.313153 0.0225183 0.670243 0.783729 0.366863 -1.7842 -4.95044 -819.417 0 
53 826.451 0.319289 0.0223468 0.664956 0.788929 0.389941 -1.27185 -5.66085 -819.518 0 
34 826.238 0.321285 0.0224672 0.664658 0.743856 0.40014 -0.669713 -6.1399 -819.429 0 
17 826.347 0.324851 0.0224496 0.662271 0.743115 0.434752 -0.209759 -6.67391 -819.463 0 
5 826.005 0.316189 0.0225729 0.669214 0.74438 0.451983 -1.27404 -5.11545 -819.616 0 
19 827.039 0.321136 0.0222941 0.665218 0.705088 0.472408 -0.50106 -6.74593 -819.792 0 
11 829.308 0.326327 0.022375 0.663071 0.684309 0.445664 -0.611943 -9.0816 -819.614 0 
3 827.326 0.321497 0.0223486 0.665368 0.74452 0.463795 -0.563247 -7.25664 -819.506 0 
3 827.83 0.320834 0.022388 0.667616 0.768566 0.472104 -0.393987 -7.92496 -819.511 0 
45 826.078 0.3247 0.0223925 0.661394 0.748771 0.390786 -0.215542 -6.40328 -819.459 0 
40 826.213 0.321815 0.0224983 0.663544 0.815908 0.397284 -0.462451 -6.00692 -819.744 0 
16 827.284 0.322535 0.0224361 0.664192 0.794294 0.416128 -1.04931 -6.62142 -819.613 0 
23 826.162 0.324069 0.0225098 0.662506 0.762389 0.417928 -0.522526 -6.19873 -819.44 0 
24 826.736 0.320959 0.0223074 0.661956 0.762134 0.390124 -2.28604 -5.06899 -819.381 0 
4 825.209 0.31619 0.0224926 0.667089 0.705398 0.311652 -1.11238 -4.69934 -819.397 0 
48 826.966 0.32252 0.0222675 0.663535 0.689026 0.344872 -0.670805 -6.84856 -819.446 0 
6 825.452 0.318454 0.0224231 0.667144 0.670671 0.348015 -0.377716 -5.52987 -819.544 0 
18 825.837 0.317338 0.0225065 0.669009 0.66191 0.359205 -0.537207 -5.67484 -819.625 0 
16 826.191 0.310031 0.0223876 0.672996 0.723982 0.389295 -2.0233 -4.60646 -819.561 0 
82 825.538 0.315853 0.0224922 0.667035 0.709517 0.305783 -1.49465 -4.66453 -819.379 0 
18 826.054 0.316123 0.0226487 0.667231 0.738181 0.314396 -2.15349 -4.55871 -819.342 0 
19 827.451 0.319471 0.022332 0.664569 0.7346 0.340643 -2.79617 -5.26769 -819.387 0 
13 826.446 0.320479 0.0224008 0.666747 0.689037 0.34638 -0.097618 -6.89944 -819.449 0 
13 826.567 0.311994 0.0224336 0.671176 0.699686 0.337283 -2.3154 -4.78812 -819.463 0 
27 825.531 0.322098 0.0225014 0.662908 0.713876 0.280632 -0.569817 -5.53843 -819.422 0 
6 826.055 0.318681 0.0224794 0.666348 0.776234 0.316591 -0.521378 -5.80157 -819.732 0 
6 826.225 0.310157 0.022537 0.671686 0.761074 0.303617 -2.33089 -4.56676 -819.327 0 
13 826.592 0.315977 0.0224822 0.668163 0.740503 0.294244 -2.20779 -4.98549 -819.398 0 
16 827.006 0.327064 0.0225853 0.65916 0.741191 0.27796 -1.53895 -5.85946 -819.607 0 
16 827.514 0.311721 0.0225659 0.668252 0.761248 0.291644 -3.54416 -4.66509 -819.305 0 
11 826.841 0.314997 0.0222976 0.668638 0.713083 0.2828 -2.12919 -5.31587 -819.396 0 
25 828.605 0.322569 0.0222745 0.661845 0.74216 0.295323 -3.11102 -5.90819 -819.586 0 
4 829.283 0.328841 0.022176 0.657628 0.67998 0.26382 -1.79194 -7.88708 -819.604 0 
13 832.969 0.32179 0.022115 0.660864 0.675259 0.240885 -7.40028 -6.13674 -819.432 0 
94 828.47 0.32265 0.0222107 0.660531 0.640834 0.169957 -3.39275 -5.69024 -819.387 0 
14 827.729 0.323596 0.0223141 0.661985 0.616499 0.166097 -1.53967 -6.76192 -819.428 0 
70 826.497 0.320512 0.0223481 0.664692 0.699548 0.186847 -0.49921 -6.33671 -819.661 0 
10 826.223 0.315574 0.0225329 0.668148 0.707731 0.173231 -1.99928 -4.82879 -819.395 0 
26 826.465 0.314257 0.0226596 0.669566 0.703097 0.190762 -2.39516 -4.71798 -819.352 0 
6 826.706 0.313693 0.022521 0.668297 0.700553 0.20069 -2.80389 -4.57482 -819.327 0 
71 825.628 0.311621 0.0225277 0.672313 0.690464 0.247629 -1.59143 -4.68039 -819.356 0 
35 825.913 0.316766 0.022482 0.667824 0.714178 0.28093 -1.06537 -5.43707 -819.411 0 
22 825.595 0.317448 0.0224287 0.666044 0.686705 0.247818 -1.38367 -4.85246 -819.359 0 
53 825.205 0.315166 0.0225013 0.669298 0.656609 0.256802 -0.794742 -4.9709 -819.44 0 
38 825.378 0.312841 0.0225137 0.67081 0.730738 0.26473 -1.13819 -4.85706 -819.383 0 
15 825.642 0.317375 0.0224688 0.667502 0.651483 0.217241 -1.16017 -5.08951 -819.393 0 
9 828.475 0.322691 0.0224424 0.661528 0.671664 0.209565 -3.40135 -5.67191 -819.402 0 
14 829.691 0.314305 0.0224547 0.669139 0.700324 0.260074 -5.08307 -5.22845 -819.379 0 
6 829.652 0.31666 0.0225267 0.669212 0.69591 0.222108 -4.99555 -5.25735 -819.399 0 
15 825.68 0.315159 0.0225233 0.667818 0.722885 0.201706 -1.52759 -4.75472 -819.397 0 
16 826.144 0.321319 0.0225673 0.663871 0.718177 0.188944 -0.955234 -5.57587 -819.613 0 
32 828.089 0.322525 0.0226295 0.661574 0.796047 0.196272 -2.0098 -5.60275 -820.476 0 
60 828.073 0.31602 0.0226773 0.665338 0.797592 0.206778 -3.49597 -4.87219 -819.705 0 
16 829.162 0.324972 0.0227098 0.660517 0.779765 0.198894 -3.08849 -5.78064 -820.292 0 
2 828.702 0.322419 0.0226226 0.662114 0.778969 0.216573 -3.50237 -5.25066 -819.949 0 
20 827.663 0.322841 0.0223023 0.662191 0.712403 0.217007 -1.72286 -6.26756 -819.672 0 
16 831.745 0.334297 0.022155 0.65401 0.684206 0.207111 -1.17837 -10.3672 -820.2 0 
12 829.814 0.334193 0.0222499 0.653633 0.702047 0.20577 -0.477997 -9.15072 -820.185 0 
4 832.489 0.341541 0.0223285 0.647992 0.702024 0.189942 -0.982294 -10.9138 -820.593 0 
2 832.23 0.329869 0.0223102 0.656996 0.721301 0.219932 -2.86845 -9.03294 -820.329 0 
4 830.67 0.326231 0.0222071 0.656431 0.785389 0.239695 -4.47849 -5.9121 -820.279 0 
49 831.595 0.33068 0.0221589 0.654559 0.770583 0.241826 -3.12156 -7.79214 -820.682 0 
22 833.233 0.336141 0.0221657 0.652188 0.741126 0.250628 -2.21813 -10.2552 -820.76 0 
31 831.719 0.326706 0.0221524 0.657191 0.754096 0.265174 -5.43123 -6.37151 -819.916 0 
20 828.26 0.3291 0.0222587 0.655295 0.764927 0.267998 -1.44936 -6.70036 -820.111 0 
41 830.515 0.332366 0.0223712 0.654477 0.754536 0.269388 -1.65568 -8.46387 -820.395 0 
5 829.769 0.313594 0.0224348 0.669803 0.809931 0.330436 -4.98599 -5.07478 -819.708 0 
25 828.231 0.329349 0.02245 0.657327 0.779514 0.29522 -0.988833 -7.0237 -820.219 0 
20 827.312 0.323506 0.0224091 0.659551 0.760281 0.209355 -1.75866 -5.59611 -819.958 0 
37 826.951 0.325282 0.0224589 0.659222 0.770336 0.215689 -0.944948 -5.86321 -820.143 0 
52 826.857 0.325724 0.0225049 0.659777 0.739176 0.183872 -0.535209 -6.29706 -820.024 0 
22 826.219 0.321285 0.0225883 0.662963 0.728953 0.202561 -1.43992 -5.21669 -819.562 0 
9 826.468 0.321302 0.0225914 0.664015 0.735317 0.239661 -1.25167 -5.59992 -819.617 0 
11 828.691 0.327511 0.022701 0.658906 0.74431 0.217618 -3.0256 -5.84784 -819.817 0 
12 827.706 0.324058 0.0225498 0.661558 0.748494 0.206718 -2.02809 -5.79173 -819.887 0 
17 827.682 0.314185 0.0226143 0.66949 0.750662 0.217953 -2.99732 -5.05711 -819.627 0 
59 828.419 0.312709 0.0226876 0.668937 0.80107 0.197133 -3.72883 -4.90554 -819.785 0 
3 829.454 0.327638 0.0225889 0.658775 0.723833 0.146526 -2.64221 -6.73701 -820.075 0 
8 827.642 0.325297 0.0226391 0.659228 0.727664 0.124016 -2.48303 -5.39562 -819.763 0 
7 829.673 0.312994 0.0228041 0.671737 0.712517 0.120756 -5.40998 -4.8087 -819.454 0 
10 827.979 0.314955 0.0225115 0.670703 0.675762 0.148358 -3.29779 -5.2754 -819.405 0 
10 826.857 0.313082 0.0225873 0.67047 0.679124 0.130551 -2.93806 -4.59619 -819.323 0 
41 825.621 0.315132 0.0225133 0.671081 0.642404 0.172563 -0.521549 -5.71 -819.389 0 
46 826.628 0.305394 0.022443 0.676366 0.662758 0.154204 -2.79996 -4.45468 -819.373 0 
4 825.352 0.308274 0.0225006 0.675173 0.646093 0.126059 -1.39883 -4.58509 -819.368 0 
19 826.304 0.307748 0.0224915 0.675202 0.62315 0.109859 -2.34858 -4.45452 -819.501 0 
50 825.886 0.309909 0.0225777 0.672839 0.602748 0.077102 -1.82794 -4.41088 -819.647 0 
28 825.744 0.314977 0.0223474 0.669188 0.586413 0.138384 -1.05893 -5.15335 -819.532 0 
25 825.698 0.310009 0.0225786 0.675953 0.584912 0.180221 -1.05355 -4.98032 -819.664 0 
37 825.956 0.306093 0.0225445 0.678754 0.56656 0.191703 -1.33926 -4.53347 -820.083 0 
23 826.797 0.303961 0.0225899 0.6798 0.550359 0.195469 -1.83194 -4.41134 -820.554 0 
4 830.265 0.303254 0.0227453 0.682203 0.530402 0.164382 -5.03035 -4.43631 -820.799 0 
7 830.709 0.303041 0.0228442 0.683214 0.54055 0.199654 -5.60486 -4.43053 -820.673 0 
2 831.026 0.296825 0.0228011 0.685582 0.584413 0.188376 -5.13127 -5.03437 -820.86 0 
4 826.958 0.30102 0.0225605 0.682387 0.575801 0.225224 -2.1154 -4.40002 -820.442 0 
19 826.343 0.306264 0.0225402 0.677389 0.541052 0.169807 -1.45877 -4.43427 -820.45 0 
6 831.311 0.304552 0.0225422 0.677121 0.549415 0.154372 -6.37279 -4.40229 -820.536 0 
2 826.639 0.315199 0.0225577 0.671158 0.494155 0.181944 -0.969117 -5.21445 -820.455 0 
87 825.99 0.3134 0.0224154 0.672869 0.502244 0.19468 -0.162072 -5.55439 -820.274 0 
10 826.932 0.313928 0.022412 0.67423 0.516321 0.189957 -0.436263 -6.63383 -819.862 0 
69 827.163 0.299787 0.0225949 0.686826 0.482374 0.218018 -1.2327 -4.66814 -821.262 0 
11 826.946 0.305719 0.0223641 0.679148 0.473312 0.196558 -1.06479 -4.83417 -821.047 0 
4 827.378 0.309638 0.0225172 0.678761 0.47529 0.21139 -0.777162 -6.14397 -820.457 0 
57 826.384 0.307314 0.0224428 0.680101 0.506217 0.253669 -0.168836 -5.71976 -820.496 0 
13 826.982 0.30929 0.0223225 0.676124 0.511107 0.211 -1.17666 -5.53838 -820.267 0 
18 827.239 0.307859 0.0225098 0.678042 0.490093 0.199511 -1.59533 -4.74438 -820.899 0 
20 826.724 0.313708 0.0224635 0.673552 0.467015 0.164317 -0.563085 -5.69355 -820.467 0 
40 827.951 0.317804 0.0224378 0.669419 0.471295 0.142306 -1.29349 -6.53601 -820.122 0 
20 829.454 0.319524 0.0224233 0.670443 0.462551 0.190419 -1.41386 -7.97605 -820.064 0 
16 828.601 0.322606 0.0224779 0.665865 0.479442 0.155231 -1.35974 -7.29435 -819.947 0 
66 829.25 0.326792 0.022372 0.663091 0.480219 0.179834 -0.604944 -8.83429 -819.811 0 
4 829.163 0.324654 0.0225346 0.66496 0.560087 0.205885 -1.89916 -7.7101 -819.553 0 
6 828.179 0.322388 0.0222779 0.665794 0.604326 0.228916 -0.167961 -8.52063 -819.49 0 
5 827.538 0.323588 0.022403 0.664708 0.630191 0.252203 -0.460252 -7.61435 -819.464 0 
8 828.018 0.322663 0.0222115 0.663808 0.592654 0.2166 -1.01897 -7.52244 -819.476 0 
28 828.084 0.317139 0.0222366 0.668243 0.607341 0.190087 -1.92231 -6.72693 -819.435 0 
87 826.649 0.309848 0.0224371 0.673015 0.588823 0.116813 -2.43413 -4.5764 -819.639 0 
2 826.255 0.307967 0.0225414 0.675466 0.572055 0.0800867 -1.99399 -4.47769 -819.783 0 
4 826.632 0.315419 0.0225592 0.670363 0.546183 0.0591211 -1.99075 -4.87171 -819.77 0 
2 831.085 0.317652 0.0224652 0.669043 0.529664 0.0395757 -6.08775 -5.23525 -819.762 0 
5 827.515 0.317897 0.0225331 0.66977 0.568291 0.068016 -1.42718 -6.63765 -819.45 0 
2 827.753 0.308121 0.0224682 0.676101 0.600058 0.0652249 -3.66198 -4.56844 -819.523 0 
31 827.766 0.30645 0.0227601 0.677153 0.611939 0.0237615 -3.68513 -4.44711 -819.633 0 
14 828.051 0.308735 0.022666 0.674082 0.650225 0.0150657 -4.13104 -4.52793 -819.392 0 
125 826.714 0.307044 0.0227086 0.676399 0.646069 0.0393196 -2.88423 -4.45306 -819.377 0 
19 826.874 0.313958 0.0226819 0.671551 0.637845 0.0489694 -2.7128 -4.81101 -819.35 0 
9 825.637 0.314046 0.0224842 0.669837 0.677597 0.0217915 -1.25673 -4.96937 -819.411 0 
34 826.266 0.316429 0.02254 0.667818 0.675008 0.0190183 -1.58241 -5.22743 -819.456 0 
27 826.263 0.312552 0.0226088 0.671133 0.673508 0.00456397 -2.30195 -4.63199 -819.329 0 
55 826.806 0.313322 0.0226755 0.672318 0.656705 0.0187422 -2.34102 -5.09044 -819.375 0 
4 826.671 0.312311 0.0225268 0.672618 0.63804 0.0267781 -2.45097 -4.8722 -819.348 0 
116 825.913 0.309842 0.022629 0.67482 0.641749 0.00394724 -1.90941 -4.66063 -819.343 0 
2 825.987 0.311258 0.0224335 0.671436 0.678242 0.0283013 -1.79505 -4.8108 -819.381 0 
5 826.112 0.3221 0.0224628 0.663109 0.668819 0.0294406 -0.553215 -5.98803 -819.571 0 
10 827.141 0.318625 0.0226056 0.663962 0.703074 0.00599353 -2.93914 -4.75122 -819.45 0 
5 830.846 0.322075 0.0224683 0.661597 0.709443 0.0652733 -5.18756 -5.83107 -819.827 0 
38 830.444 0.327569 0.0224828 0.657696 0.754959 0.0888476 -4.08917 -5.97478 -820.38 0 
2 831.018 0.333369 0.022471 0.655002 0.702082 0.0491704 -2.9284 -7.80373 -820.286 0 
3 829.951 0.332338 0.0223962 0.654055 0.727811 0.0578227 -2.63564 -6.92209 -820.393 0 
33 828.618 0.331813 0.0223847 0.655078 0.728048 0.0996073 -0.163948 -7.85432 -820.6 0 
4 828.821 0.330472 0.0223141 0.655375 0.740274 0.0993566 -0.37795 -7.681 -820.762 0 
4 829.931 0.327085 0.0222051 0.656489 0.748871 0.142083 -3.07281 -6.47432 -820.384 0 
45 829.662 0.333649 0.0222903 0.652342 0.743469 0.128878 -0.636809 -8.15244 -820.873 0 
18 831.596 0.32618 0.0221979 0.655999 0.780818 0.136781 -4.95086 -5.94686 -820.698 0 
4 831.447 0.328631 0.0221916 0.656096 0.790324 0.194349 -2.1864 -7.85458 -821.406 0 
13 830.006 0.33337 0.0223576 0.651001 0.814596 0.135073 -0.761659 -7.20049 -822.044 0 
2 829.53 0.330477 0.022505 0.655724 0.787873 0.142551 -1.29419 -6.99463 -821.241 0 
3 832.121 0.331767 0.022531 0.651345 0.829634 0.105551 -3.81654 -6.27205 -822.033 0 
25 830.419 0.332 0.022574 0.652032 0.855703 0.122979 -1.13007 -6.50907 -822.779 0 
62 829.994 0.331805 0.0225253 0.653869 0.825418 0.155636 -0.650537 -7.18419 -822.159 0 
49 829.527 0.327208 0.0223751 0.654749 0.812811 0.0670989 -2.43515 -5.73488 -821.357 0 
47 829.712 0.330178 0.0224182 0.65272 0.809147 0.048363 -1.7809 -6.24808 -821.683 0 
9 830.239 0.3273 0.022349 0.65378 0.788098 0.0509244 -3.97277 -5.48836 -820.777 0 
3 830.154 0.318477 0.0225436 0.662244 0.804284 0.0427446 -4.6935 -5.10267 -820.358 0 
4 829.546 0.31779 0.0225248 0.664634 0.765312 0.105695 -4.72802 -4.94863 -819.869 0 
16 829.037 0.322117 0.0224311 0.6613 0.772963 0.143345 -3.31738 -5.46229 -820.258 0 
25 828.85 0.328345 0.0225535 0.655305 0.802658 0.138134 -2.53774 -5.54584 -820.766 0 
7 827.802 0.32266 0.0224041 0.659647 0.794067 0.159732 -1.72179 -5.51085 -820.569 0 
30 826.961 0.323656 0.0225009 0.659817 0.769695 0.147199 -1.0772 -5.59726 -820.287 0 
19 827.806 0.320518 0.0226384 0.662928 0.78831 0.189435 -2.33002 -5.27083 -820.205 0 
6 826.064 0.315985 0.0224192 0.666548 0.73593 0.222598 -1.65342 -4.92775 -819.483 0 
3 826.648 0.31019 0.0225227 0.671693 0.738314 0.241308 -2.7383 -4.58352 -819.327 0 
13 826.588 0.31813 0.0224655 0.665759 0.66425 0.180182 -1.99704 -5.22232 -819.369 0 
19 828.129 0.320988 0.0226269 0.662961 0.688194 0.187385 -3.79503 -4.96639 -819.368 0 
54 825.33 0.314467 0.022457 0.670383 0.725728 0.309336 -0.556454 -5.37152 -819.402 0 
92 825.542 0.314559 0.0224887 0.668799 0.713437 0.249198 -1.42529 -4.76756 -819.349 0 
11 827.055 0.310605 0.0226265 0.672249 0.682662 0.247684 -3.1764 -4.46663 -819.412 0 
18 825.868 0.319166 0.0224043 0.666622 0.639308 0.31267 -0.382538 -5.93037 -819.555 0 
26 826.119 0.321141 0.0223952 0.665593 0.695849 0.379896 -0.207112 -6.43937 -819.472 0 
1 828.264 0.320104 0.0224923 0.663273 0.714053 0.332572 -3.854 -5.02334 -819.387 0 
36 825.848 0.318244 0.0224192 0.664021 0.745463 0.336682 -1.77184 -4.72383 -819.352 0 
16 827.553 0.309728 0.0225392 0.672666 0.738716 0.365392 -3.56586 -4.47618 -819.511 0 
16 826.373 0.308292 0.0224728 0.673975 0.723332 0.31682 -2.49182 -4.48379 -819.397 0 
5 827.341 0.306345 0.0226719 0.677046 0.678042 0.306536 -3.26149 -4.40466 -819.675 0 
4 828.114 0.302274 0.0226598 0.680859 0.63358 0.270166 -3.37025 -4.53212 -820.212 0 
1 829.205 0.303229 0.0227951 0.681158 0.642342 0.294893 -4.54463 -4.46749 -820.193 0 
98 829.246 0.294448 0.0227233 0.689048 0.665043 0.327042 -4.05567 -4.77285 -820.418 0 
23 827.479 0.308906 0.0226547 0.678341 0.591712 0.254764 -2.61415 -5.01095 -819.854 0 
26 825.506 0.315463 0.0225157 0.669699 0.633203 0.205111 -0.844523 -5.2395 -819.422 0 
55 825.361 0.31403 0.022531 0.671507 0.610559 0.187988 -0.78643 -5.06914 -819.506 0 
32 826.385 0.315758 0.022564 0.667556 0.646999 0.186717 -2.33056 -4.64289 -819.411 0 
44 825.378 0.318431 0.0224801 0.666516 0.67787 0.253661 -0.578424 -5.41847 -819.381 0 
208 825.182 0.314022 0.0224965 0.670386 0.670903 0.27545 -0.800696 -4.95925 -819.422 0 
24 825.332 0.312669 0.0224595 0.671416 0.658871 0.275689 -0.960143 -4.89245 -819.48 0 
1 825.484 0.311274 0.022519 0.671504 0.710984 0.285771 -1.56669 -4.55697 -819.36 0 
10 827.494 0.316066 0.0225927 0.668807 0.655524 0.233331 -2.98391 -5.11056 -819.399 0 
17 827.267 0.306793 0.0225298 0.677184 0.676419 0.233809 -3.33076 -4.53594 -819.4 0 
11 829.76 0.310387 0.0226145 0.67339 0.674621 0.164203 -5.59869 -4.81606 -819.345 0 
85 826.176 0.313069 0.0226644 0.670081 0.659877 0.073571 -2.33868 -4.50742 -819.33 0 
21 827.217 0.317671 0.0226619 0.668706 0.664349 0.100379 -2.25517 -5.52818 -819.434 0 
19 826.376 0.313525 0.022629 0.668287 0.687843 0.0403524 -2.52338 -4.55068 -819.302 0 
14 830.517 0.326419 0.022707 0.661972 0.660766 0.0952709 -4.57565 -6.39177 -819.55 0 
5 832.631 0.318914 0.0228314 0.666528 0.718672 0.106593 -8.37128 -4.80063 -819.459 0 
58 828.79 0.308032 0.0227003 0.672403 0.796651 0.135742 -4.01151 -5.01808 -819.76 0 
12 827.932 0.315846 0.0225186 0.665075 0.773836 0.123359 -3.15911 -4.85716 -819.915 0 
5 826.947 0.324236 0.0225354 0.662082 0.691614 0.104287 -1.14639 -6.10978 -819.691 0 
58 827.662 0.325089 0.0224117 0.65983 0.720937 0.0640989 -1.66407 -5.99872 -819.999 0 
12 828.581 0.321098 0.0223784 0.659918 0.74313 0.0427793 -3.69857 -5.01457 -819.868 0 
5 829.52 0.322394 0.0224311 0.660296 0.711657 0.0717187 -4.39589 -5.4074 -819.716 0 
3 826.484 0.323298 0.0224317 0.66 0.713773 0.0819507 -1.68316 -5.16923 -819.632 0 
4 827.301 0.322869 0.0224069 0.661935 0.683225 0.130845 -1.47076 -6.21008 -819.62 0 
1 826.203 0.314524 0.0226087 0.669429 0.724009 0.161322 -1.85383 -4.86629 -819.483 0 
47 826.897 0.320484 0.0225109 0.664606 0.702723 0.169515 -2.03042 -5.36262 -819.504 0 
5 827.376 0.312873 0.0226145 0.671046 0.697529 0.162503 -3.0748 -4.90568 -819.396 0 
15 825.701 0.313931 0.0225772 0.670353 0.714657 0.182295 -1.27878 -4.97183 -819.45 0 
26 826.679 0.311398 0.0225258 0.670196 0.735294 0.13283 -2.51173 -4.6793 -819.488 0 
14 826.359 0.315936 0.0226151 0.669055 0.689842 0.0885969 -1.60684 -5.2532 -819.499 0 
55 827.215 0.313245 0.0227022 0.671996 0.683313 0.134062 -2.86348 -4.96797 -819.384 0 
22 825.658 0.314253 0.0224756 0.670042 0.683664 0.122039 -1.13506 -5.1036 -819.42 0 
2 828.043 0.306689 0.0224908 0.676623 0.670827 0.121413 -4.15777 -4.55997 -819.326 0 
52 826.197 0.308413 0.0225406 0.674957 0.637109 0.087119 -2.30366 -4.49357 -819.4 0 
4 825.264 0.317314 0.0225328 0.667339 0.63368 0.0608375 -0.931706 -4.97629 -819.356 0 
10 828.615 0.318222 0.0227223 0.669 0.633009 0.0410941 -3.73453 -5.49932 -819.381 0 
10 827.269 0.316982 0.0225929 0.668858 0.632237 0.0198155 -2.26562 -5.61427 -819.389 0 
86 825.625 0.307987 0.022584 0.675335 0.662188 0.0278285 -1.73006 -4.57263 -819.323 0 
5 825.353 0.312992 0.0224965 0.671112 0.634761 0.0470333 -1.04652 -4.95394 -819.353 0 
30 826.008 0.314486 0.0226491 0.670076 0.655281 0.0695123 -1.88344 -4.78435 -819.34 0 
80 825.605 0.323252 0.0224026 0.662207 0.591744 0.0349469 -0.288594 -5.91006 -819.407 0 
9 827.874 0.317453 0.022441 0.668447 0.587701 0.0593944 -2.20931 -6.24905 -819.416 0 
6 828.503 0.32097 0.0222405 0.665026 0.612913 0.0920028 -1.50542 -7.50054 -819.497 0 
3 829.52 0.316525 0.0221823 0.665832 0.637926 0.0778655 -5.09764 -5.06547 -819.357 0 
4 826.45 0.310909 0.0224151 0.67162 0.633929 0.0740157 -2.4238 -4.6633 -819.363 0 
18 825.91 0.30996 0.0226144 0.673689 0.604022 0.0445757 -1.90307 -4.48054 -819.527 0 
1 828.325 0.306623 0.0225769 0.675598 0.588886 0.0411244 -4.20447 -4.38091 -819.74 0 
11 825.627 0.305404 0.0225831 0.679151 0.590493 0.12138 -1.43891 -4.4998 -819.688 0 
7 827.667 0.315166 0.0223881 0.671443 0.589498 0.147441 -2.37239 -5.83165 -819.463 0 
48 825.572 0.3123 0.0223903 0.671711 0.559454 0.0719909 -1.01932 -4.87511 -819.677 0 
42 825.415 0.318235 0.0224198 0.667325 0.538567 0.0760441 -0.23891 -5.4957 -819.68 0 
5 825.442 0.31979 0.022477 0.665196 0.574865 0.0665313 -0.659817 -5.27809 -819.504 0 
48 825.488 0.315177 0.0225352 0.670784 0.577377 0.10395 -0.677438 -5.2886 -819.522 0 
7 825.137 0.315531 0.0224739 0.669123 0.627106 0.137846 -0.70912 -5.03915 -819.389 0 
202 825.287 0.310511 0.0225623 0.674036 0.619721 0.144153 -1.14419 -4.67612 -819.467 0 
9 825.805 0.315678 0.022634 0.66738 0.654997 0.0993923 -1.94797 -4.51055 -819.347 0 
7 827.736 0.323338 0.0225966 0.663753 0.656309 0.110582 -1.801 -6.41455 -819.52 0 
1 826.491 0.321578 0.0225918 0.66467 0.672402 0.148474 -1.31943 -5.71583 -819.456 0 
10 826.692 0.316632 0.0226334 0.668983 0.712954 0.176983 -1.80069 -5.3492 -819.542 0 
33 827.4 0.32046 0.0226881 0.66457 0.68424 0.124416 -2.88271 -5.10116 -819.416 0 
5 828.026 0.309295 0.0226789 0.672497 0.729528 0.18661 -4.03251 -4.69592 -819.297 0 
37 827.093 0.308896 0.022589 0.672748 0.764096 0.209025 -2.92274 -4.6684 -819.502 0 
3 828.228 0.312897 0.0224407 0.667998 0.766963 0.186631 -3.72254 -4.80218 -819.703 0 
33 828.374 0.329104 0.0224975 0.6565 0.746863 0.1208 -1.96126 -6.14953 -820.263 0 
7 828.373 0.328122 0.0224957 0.657233 0.750015 0.140292 -1.25614 -6.67235 -820.444 0 
41 828.717 0.331951 0.0223112 0.652401 0.762875 0.141753 -1.63292 -6.48796 -820.596 0 
7 829.86 0.33583 0.0224109 0.652075 0.732802 0.114594 -0.145113 -8.81071 -820.904 0 
2 829.489 0.332944 0.0224599 0.653743 0.739607 0.130887 -2.26357 -6.8489 -820.376 0 
28 829.32 0.320849 0.0225649 0.659409 0.77242 0.0744061 -4.61249 -4.80866 -819.899 0 
21 827.794 0.317983 0.0225181 0.665244 0.744399 0.12922 -3.1043 -4.98088 -819.708 0 
40 827.167 0.323777 0.0226197 0.660769 0.717211 0.0751662 -2.43064 -5.10848 -819.628 0 
8 828.622 0.322285 0.0227187 0.662382 0.723926 0.0430635 -4.03631 -4.96176 -819.624 0 
18 825.831 0.318322 0.0225553 0.664737 0.71941 0.0697555 -1.34426 -4.91002 -819.577 0 
28 828.674 0.319851 0.0222536 0.662261 0.728112 0.108438 -3.42212 -5.4224 -819.829 0 
61 827.644 0.327331 0.02237 0.657811 0.728473 0.0648986 -0.814967 -6.55071 -820.278 0 
26 827.115 0.325003 0.0225397 0.660644 0.729001 0.0911812 -0.9827 -6.06599 -820.066 0 
13 828.513 0.314133 0.0227235 0.666061 0.758657 0.0723513 -4.13703 -4.91588 -819.461 0 
16 828.202 0.319899 0.0226132 0.66564 0.708345 0.112726 -3.31531 -5.29651 -819.59 0 
32 827.129 0.311995 0.0226889 0.66978 0.723539 0.114568 -3.14975 -4.64922 -819.33 0 
8 826.412 0.316901 0.0226451 0.666821 0.725294 0.113493 -2.01317 -4.85728 -819.541 0 
28 826.012 0.320601 0.0225033 0.663907 0.723901 0.130455 -0.670933 -5.56302 -819.778 0 
6 827.698 0.323401 0.0223741 0.661394 0.712359 0.114388 -1.94314 -5.93555 -819.819 0 
11 827.904 0.327015 0.0223737 0.658237 0.708239 0.102549 -0.945563 -6.90218 -820.057 0 
13 827.695 0.322184 0.0222744 0.661402 0.690268 0.115836 -2.48772 -5.6331 -819.574 0 
9 827.479 0.310003 0.0225106 0.671328 0.689827 0.133961 -3.66221 -4.50336 -819.314 0 
32 825.363 0.315465 0.0225397 0.667689 0.68016 0.110226 -1.29613 -4.72092 -819.346 0 
1 828.561 0.317965 0.0225749 0.665367 0.694951 0.109917 -4.55728 -4.6614 -819.343 0 
2 829.244 0.319814 0.0225769 0.664943 0.680376 0.11816 -4.1642 -5.58408 -819.495 0 
8 829.627 0.326277 0.0226429 0.662471 0.635676 0.102821 -3.17564 -6.94382 -819.508 0 
41 827.514 0.322053 0.0224668 0.662675 0.702262 0.102241 -1.66713 -6.06996 -819.777 0 
28 827.485 0.325518 0.0224408 0.662415 0.631984 0.103201 -0.468079 -7.46172 -819.556 0 
5 825.902 0.321107 0.0224441 0.664454 0.62456 0.0884705 -0.944247 -5.57672 -819.382 0 
9 825.527 0.324012 0.0224032 0.660819 0.642756 0.093254 -0.514276 -5.61456 -819.398 0 
25 826.444 0.313874 0.0223559 0.668431 0.662129 0.0805018 -2.33524 -4.76821 -819.341 0 
3 826.719 0.319593 0.0223466 0.663235 0.615215 0.0318677 -2.33014 -5.01293 -819.376 0 
28 825.888 0.317318 0.0224099 0.665192 0.686666 0.11837 -1.66002 -4.84623 -819.382 0 
19 826.832 0.32388 0.0224908 0.662715 0.687 0.186244 -0.512167 -6.68778 -819.632 0 
12 826.413 0.324154 0.0224805 0.660176 0.710528 0.0904135 -1.34642 -5.39565 -819.671 0 
56 825.775 0.319688 0.0224152 0.664177 0.681584 0.0593829 -0.985903 -5.29767 -819.491 0 
7 826.977 0.322839 0.022501 0.660909 0.736333 0.0579441 -1.31702 -5.61337 -820.047 0 
7 827.314 0.317426 0.0225444 0.666909 0.740717 0.0537229 -2.00391 -5.34369 -819.966 0 
11 827.414 0.316339 0.0226592 0.666367 0.715566 0.0155229 -3.197 -4.72503 -819.492 0 
45 826.949 0.316634 0.0225604 0.666781 0.723596 0.0410564 -2.43861 -4.90534 -819.605 0 
218 826.537 0.315098 0.0226065 0.667133 0.740085 0.0274209 -2.14498 -4.76964 -819.623 0 
1 825.925 0.317783 0.0225884 0.664497 0.706053 0.0147717 -1.86668 -4.6565 -819.402 0 
1 826.962 0.322546 0.022508 0.662775 0.654126 0.0234246 -2.24699 -5.31461 -819.4 0 
16 827.284 0.318275 0.0227195 0.667077 0.65816 0.0306679 -3.0014 -4.92662 -819.356 0 
45 825.503 0.314764 0.0224938 0.668717 0.668593 0.0291949 -1.33942 -4.80718 -819.356 0 
8 827.106 0.32096 0.0223527 0.662549 0.66994 0.0328643 -1.97607 -5.61887 -819.511 0 
1 827.06 0.320591 0.0224723 0.666069 0.683132 0.0714673 -0.730147 -6.56502 -819.764 0 
2 826.117 0.317427 0.0224945 0.664147 0.683466 0.0109817 -2.19202 -4.59 -819.335 0 
13 826.337 0.32144 0.022345 0.663186 0.659437 0.0234147 -1.04053 -5.80087 -819.496 0 
5 827.047 0.318168 0.0223506 0.666116 0.647037 0.0440161 -1.71951 -5.87633 -819.451 0 
43 825.999 0.314779 0.0224332 0.668875 0.638552 0.00218911 -1.84021 -4.81419 -819.345 0 
35 826.914 0.31032 0.0226879 0.672342 0.679417 0.00740873 -3.0673 -4.5426 -819.304 0 
87 827.148 0.314759 0.0226147 0.671633 0.635185 0.0264541 -2.52524 -5.25609 -819.367 0 
46 827.037 0.319417 0.0225397 0.666317 0.649603 0.0208842 -1.64159 -5.92823 -819.467 0 
8 828.092 0.316049 0.0226772 0.668703 0.584651 0.00557319 -3.81559 -4.74386 -819.533 0 
5 829.334 0.308663 0.0227778 0.675613 0.592042 0.0489644 -5.0876 -4.44247 -819.804 0 
19 827.189 0.304555 0.0227311 0.680335 0.596397 0.108627 -3.06339 -4.42574 -819.699 0 
21 831.168 0.302196 0.0228371 0.679401 0.61644 0.0585397 -6.29901 -4.92608 -819.943 0 
75 829.531 0.30287 0.0228147 0.679328 0.643844 0.118177 -4.98573 -4.84786 -819.698 0 
85 829.07 0.305771 0.0227953 0.677432 0.643157 0.169095 -5.03437 -4.43525 -819.6 0 
1 829.681 0.309384 0.0225788 0.674638 0.60516 0.183642 -5.3525 -4.71819 -819.61 0 
17 826.936 0.313671 0.0224897 0.673264 0.577465 0.188583 -1.80181 -5.51567 -819.618 0 
27 827.088 0.307632 0.0225438 0.677863 0.588794 0.179648 -2.68837 -4.65321 -819.746 0 
8 826.072 0.313543 0.0224577 0.670008 0.584637 0.125811 -1.70309 -4.75205 -819.617 0 
20 829.441 0.314084 0.0227134 0.671959 0.605661 0.146463 -4.88325 -5.0874 -819.47 0 
9 825.812 0.312049 0.022568 0.671392 0.593424 0.115596 -1.65832 -4.44361 -819.71 0 
8 827.994 0.304671 0.0225567 0.676435 0.592295 0.149488 -3.14019 -4.6196 -820.234 0 
33 828.121 0.314634 0.0227193 0.671226 0.573564 0.101206 -3.64601 -4.83566 -819.64 0 
21 827.382 0.312114 0.0224876 0.673124 0.508404 0.115813 -2.11194 -5.17538 -820.094 0 
11 827.395 0.311227 0.0222617 0.674136 0.496921 0.201717 -1.35558 -5.74044 -820.299 0 
9 829.282 0.320883 0.0221947 0.667439 0.473506 0.19303 -0.688746 -8.6912 -819.902 0 
35 829.34 0.318699 0.0222309 0.670437 0.466559 0.207114 -0.538451 -8.82479 -819.977 0 
5 829.965 0.306153 0.0223445 0.676889 0.505686 0.200234 -4.50864 -4.67598 -820.78 0 
79 825.953 0.309919 0.0224038 0.675117 0.536905 0.241437 -0.602991 -4.96826 -820.382 0 
17 826.288 0.30464 0.0224802 0.681137 0.524245 0.230878 -0.835733 -4.96014 -820.492 0 
9 829.851 0.312162 0.0224022 0.674226 0.491336 0.173014 -3.4866 -6.25242 -820.112 0 
2 828.452 0.310991 0.0224041 0.672668 0.551455 0.18378 -3.69744 -4.49877 -820.256 0 
41 826.984 0.301876 0.0224695 0.681381 0.558096 0.216214 -2.06054 -4.42067 -820.503 0 
13 827.564 0.299471 0.0225477 0.683385 0.553929 0.194984 -2.3267 -4.46394 -820.773 0 
8 827.675 0.305152 0.0224249 0.676573 0.583396 0.154442 -3.29169 -4.38671 -819.997 0 
8 828.109 0.309641 0.0224868 0.672802 0.577235 0.164663 -3.70986 -4.44976 -819.95 0 
24 827.296 0.316229 0.022431 0.670792 0.575743 0.210194 -1.8404 -5.82256 -819.633 0 
13 826.546 0.31922 0.0225016 0.667228 0.553731 0.195292 -0.970215 -5.82795 -819.748 0 
2 828.449 0.311277 0.0225752 0.674591 0.56241 0.246632 -3.21109 -5.19427 -820.043 0 
17 826.773 0.309856 0.0225572 0.676091 0.529289 0.256768 -1.20243 -4.98029 -820.59 0 
4 826.842 0.315978 0.0224157 0.669772 0.562794 0.263635 -1.55987 -5.16999 -820.112 0 
2 827.473 0.315496 0.0225813 0.671666 0.530004 0.21058 -1.75272 -5.68498 -820.036 0 
11 827.451 0.319073 0.0224895 0.669093 0.508878 0.241665 -0.686104 -6.62477 -820.14 0 
19 827.337 0.316671 0.0225864 0.670568 0.555216 0.306549 -1.43054 -5.55272 -820.354 0 
37 826.575 0.31219 0.0223386 0.673898 0.574121 0.337418 -0.457227 -5.85979 -820.258 0 
15 827.555 0.306526 0.0223527 0.676114 0.572091 0.262039 -2.59032 -4.46387 -820.501 0 
6 826.648 0.316056 0.0223945 0.67136 0.564194 0.283467 -0.449632 -6.29332 -819.905 0 
86 826.11 0.315016 0.0223901 0.67206 0.603954 0.28987 -0.159068 -6.31236 -819.639 0 
12 825.685 0.314888 0.0225755 0.670362 0.641038 0.246316 -1.32208 -4.85445 -819.509 0 
131 825.941 0.316005 0.022604 0.669337 0.688509 0.264091 -1.42117 -5.149 -819.371 0 
23 825.992 0.322718 0.0224793 0.663484 0.688978 0.272903 -0.633178 -5.94151 -819.417 0 
7 825.634 0.318763 0.0224931 0.666772 0.691159 0.294931 -0.57118 -5.66729 -819.396 0 
51 825.49 0.31413 0.0225386 0.671617 0.678491 0.344037 -0.811153 -5.13632 -819.543 0 
29 825.696 0.311506 0.0224638 0.672685 0.679134 0.365545 -1.14836 -4.84813 -819.699 0 
47 827.937 0.323095 0.022235 0.663608 0.663184 0.339968 -1.27315 -7.18966 -819.474 0 
2 831.926 0.322776 0.0222784 0.661276 0.667158 0.342616 -6.27142 -6.16016 -819.494 0 
26 831.219 0.323137 0.0222744 0.663924 0.684774 0.431227 -3.39564 -8.23107 -819.592 0 
1 825.897 0.313185 0.0225137 0.671943 0.699163 0.43459 -1.09048 -4.79316 -820.013 0 
52 826.431 0.314935 0.022353 0.672126 0.689498 0.457059 -0.0595876 -6.52643 -819.845 0 
59 826.883 0.307979 0.0224653 0.675937 0.716235 0.459141 -2.1116 -4.49503 -820.276 0 
3 827.693 0.318856 0.0223847 0.669151 0.673971 0.432391 -0.452322 -7.54617 -819.695 0 
6 828.034 0.310711 0.0224282 0.676571 0.648643 0.468565 -1.23652 -6.30087 -820.497 0 
59 826.569 0.316076 0.0224656 0.670739 0.658358 0.466214 -0.417931 -5.60409 -820.547 0 
27 826.358 0.310989 0.0224261 0.674113 0.682849 0.479873 -0.670367 -5.07031 -820.618 0 
5 827.091 0.311178 0.0225228 0.674374 0.682503 0.48771 -1.37756 -4.74433 -820.969 0 
18 826.261 0.311246 0.0223717 0.673633 0.704274 0.490578 -0.735308 -5.1312 -820.394 0 
4 827.834 0.307849 0.0223717 0.674993 0.739254 0.540292 -2.17909 -4.50226 -821.153 0 
24 828.193 0.32153 0.0222739 0.665574 0.742056 0.540194 -1.42015 -6.75819 -820.014 0 
3 826.991 0.317465 0.0225195 0.670104 0.745355 0.512924 -1.16879 -5.94482 -819.877 0 
1 828.811 0.322878 0.0224984 0.664054 0.727705 0.451687 -2.59169 -6.66962 -819.549 0 
6 828.132 0.323452 0.0223146 0.661939 0.795031 0.470376 -1.78616 -6.8576 -819.488 0 
8 826.58 0.314596 0.0225416 0.66754 0.806484 0.435275 -2.64344 -4.57044 -819.366 0 
7 826.178 0.311699 0.0225793 0.673661 0.79825 0.476654 -1.83415 -4.88294 -819.461 0 
8 827.103 0.307154 0.0226027 0.678002 0.813556 0.507256 -2.90346 -4.62083 -819.578 0 
6 828.516 0.309414 0.0225286 0.672768 0.831158 0.460348 -4.57523 -4.56375 -819.377 0 
25 826.756 0.307062 0.0226962 0.675968 0.812489 0.461384 -2.81434 -4.47304 -819.468 0 
12 826.989 0.317321 0.0225923 0.667656 0.746592 0.379053 -2.78031 -4.81608 -819.393 0 
4 827.386 0.309639 0.0225847 0.67185 0.777194 0.35041 -3.55034 -4.50866 -819.327 0 
13 825.632 0.310425 0.0226059 0.673499 0.750643 0.332911 -1.58325 -4.70007 -819.349 0 
24 826.284 0.30447 0.022665 0.680222 0.736529 0.4003 -2.19754 -4.50432 -819.582 0 
2 826.318 0.313965 0.0225664 0.669888 0.746636 0.385365 -2.29789 -4.57974 -819.44 0 
9 826.363 0.309883 0.0226011 0.673732 0.730913 0.405312 -2.21044 -4.51101 -819.641 0 
14 827.38 0.305482 0.0225562 0.67777 0.720387 0.428112 -2.8124 -4.42435 -820.143 0 
101 825.616 0.308353 0.0224332 0.676868 0.728018 0.467315 -0.634376 -5.12481 -819.857 0 
12 826.241 0.306828 0.0225209 0.677553 0.716488 0.440812 -1.67069 -4.51085 -820.059 0 
4 830.654 0.311555 0.0225083 0.677281 0.708687 0.478391 -4.68166 -6.06477 -819.908 0 
5 829.247 0.321578 0.0224212 0.667986 0.72644 0.440273 -1.31943 -8.41239 -819.515 0 
53 828.014 0.303183 0.0223571 0.678507 0.771962 0.439036 -3.97966 -4.44064 -819.594 0 
29 826.361 0.317874 0.0223624 0.666538 0.773408 0.367929 -1.26162 -5.60535 -819.494 0 
76 825.657 0.316421 0.0224296 0.667624 0.77894 0.407753 -0.945878 -5.30834 -819.403 0 
13 825.559 0.316539 0.0225279 0.669137 0.759494 0.411518 -0.758587 -5.39508 -819.405 0 
6 825.791 0.314244 0.0226066 0.668725 0.790081 0.371404 -1.80439 -4.63325 -819.353 0 
8 827.299 0.314362 0.0224679 0.666224 0.832927 0.360583 -3.03023 -4.72714 -819.541 0 
38 827.28 0.322912 0.0225284 0.662425 0.816974 0.353297 -1.43959 -5.869 -819.972 0 
53 827.225 0.313075 0.0225194 0.672179 0.80612 0.422454 -2.61742 -5.18183 -819.425 0 
11 825.778 0.311277 0.0224895 0.671267 0.774913 0.38713 -1.80148 -4.62023 -819.356 0 
35 825.721 0.31101 0.0226036 0.6723 0.783695 0.380006 -1.76808 -4.60753 -819.346 0 
2 827.618 0.313893 0.0226441 0.667881 0.796324 0.368015 -3.73205 -4.5467 -819.34 0 
184 825.495 0.319833 0.0224899 0.663134 0.784385 0.36767 -1.1949 -4.89445 -819.405 0 
30 825.655 0.317506 0.022561 0.666845 0.778876 0.374645 -1.28162 -4.97899 -819.394 0 
5 826.817 0.315828 0.0223939 0.665734 0.749911 0.33707 -2.90265 -4.57078 -819.343 0 
9 830.246 0.311498 0.0222692 0.669067 0.748794 0.385061 -6.29967 -4.46791 -819.478 0 
5 827.445 0.310995 0.0224131 0.671105 0.786136 0.375066 -3.47566 -4.62389 -819.346 0 
10 826.141 0.315258 0.0224518 0.66701 0.793068 0.356952 -1.86129 -4.83625 -819.444 0 
10 826.079 0.317666 0.0224329 0.664728 0.786263 0.368764 -1.9321 -4.76676 -819.381 0 
1 830.213 0.309518 0.0225062 0.670756 0.768179 0.316313 -6.38976 -4.50212 -819.322 0 
1 829.283 0.324741 0.0224631 0.66279 0.697445 0.348578 -2.19708 -7.60268 -819.483 0 
9 830.064 0.311886 0.0225878 0.673368 0.684473 0.37253 -5.25442 -5.19113 -819.618 0 
4 828.683 0.309083 0.0225543 0.675456 0.699312 0.355778 -4.22626 -4.95738 -819.499 0 
15 828.955 0.302473 0.0225709 0.677614 0.729833 0.327359 -4.62335 -4.73331 -819.598 0 
24 830.221 0.298579 0.0227309 0.683 0.728649 0.403014 -4.64019 -5.17479 -820.406 0 
7 828.227 0.304685 0.0226321 0.68003 0.685834 0.420989 -3.44397 -4.54246 -820.241 0 
6 828.771 0.320984 0.0225354 0.66822 0.679776 0.46618 -1.85673 -6.97901 -819.935 0 
9 827.186 0.312717 0.022516 0.674694 0.675369 0.466772 -1.31998 -5.52753 -820.338 0 
51 827.84 0.316138 0.022548 0.670904 0.641817 0.41705 -1.82181 -5.85817 -820.16 0 
7 828.489 0.311736 0.0225211 0.671581 0.662353 0.375278 -3.82695 -4.59473 -820.067 0 
49 827.364 0.312029 0.0223484 0.674252 0.621584 0.435601 -0.792529 -6.00385 -820.568 0 
2 828.307 0.321632 0.0223232 0.666587 0.586308 0.404785 -0.797315 -7.16367 -820.346 0 
128 828.924 0.32213 0.0223224 0.666695 0.587702 0.455943 -0.152053 -8.0768 -820.695 0 
25 828.973 0.309609 0.0226077 0.675735 0.621555 0.422019 -3.11619 -4.79294 -821.063 0 
2 830.147 0.295137 0.0225676 0.68797 0.645897 0.464458 -2.87679 -4.69206 -822.578 0 
1 830.274 0.300332 0.0225814 0.686034 0.643163 0.47065 -3.90707 -4.539 -821.828 0 
2 831.021 0.310143 0.0225166 0.680311 0.610984 0.525417 -1.86093 -7.59466 -821.566 0 
5 831.841 0.307911 0.0225282 0.681556 0.621569 0.595076 -1.6517 -6.6268 -823.563 0 
15 830.806 0.300727 0.0226615 0.685625 0.67999 0.592686 -2.03689 -4.72983 -824.039 0 
26 829.184 0.308469 0.0226425 0.678741 0.686521 0.547755 -2.34214 -4.89971 -821.942 0 
3 829.664 0.307495 0.0226376 0.679687 0.750932 0.593896 -3.23353 -4.8069 -821.623 0 
4 826.975 0.309318 0.0224898 0.675924 0.71593 0.554667 -0.634394 -4.78213 -821.558 0 
13 829.703 0.300979 0.0225622 0.682085 0.707622 0.546564 -2.48322 -4.58291 -822.637 0 
3 830.146 0.296419 0.0224643 0.69061 0.714028 0.64875 -0.830014 -5.10974 -824.206 0 
6 829.996 0.29996 0.0226452 0.688084 0.682164 0.583167 -2.03622 -4.93291 -823.027 0 
17 829.891 0.29741 0.0225637 0.690934 0.72999 0.639186 -1.54173 -5.02272 -823.327 0 
28 828.125 0.304914 0.0225815 0.678436 0.791459 0.577319 -2.42046 -4.47143 -821.233 0 
13 827.327 0.310338 0.0225045 0.675937 0.820267 0.601985 -2.0159 -5.0264 -820.285 0 
8 826.585 0.313011 0.0224889 0.674395 0.826793 0.584445 -0.863159 -5.9712 -819.751 0 
5 826.636 0.311774 0.02261 0.674942 0.841945 0.543275 -1.78569 -5.3646 -819.486 0 
6 827.04 0.308063 0.0225068 0.677431 0.857833 0.574852 -2.53167 -4.88284 -819.626 0 
3 827.365 0.313675 0.0223532 0.670025 0.835207 0.514428 -2.97584 -4.95027 -819.439 0 
9 827.557 0.323119 0.0222624 0.663005 0.793817 0.506047 -0.806144 -7.25582 -819.495 0 
4 828.147 0.325723 0.0222896 0.661665 0.800107 0.517914 -1.11988 -7.51828 -819.508 0 
5 828.923 0.322908 0.0223301 0.665541 0.802509 0.550884 -1.5153 -7.83984 -819.568 0 
12 826.21 0.313818 0.0223223 0.670293 0.817761 0.543257 -1.36734 -5.21519 -819.628 0 
4 826.598 0.318915 0.0225495 0.66639 0.810998 0.49998 -2.1061 -5.01598 -819.476 0 
43 825.752 0.312233 0.0225893 0.672801 0.793393 0.520583 -1.19583 -4.77709 -819.779 0 
4 825.538 0.3094 0.0224886 0.675569 0.766985 0.506923 -0.816323 -4.81001 -819.911 0 
11 827.092 0.300515 0.0225391 0.685583 0.768558 0.581619 -1.29633 -4.63613 -821.16 0 
2 826.415 0.310364 0.0225117 0.674699 0.716427 0.483232 -1.24886 -4.92375 -820.242 0 
20 827.217 0.312533 0.0224232 0.675156 0.746466 0.577656 -0.486546 -6.09938 -820.631 0 
10 829.424 0.306009 0.0225967 0.681967 0.714395 0.613255 -1.4912 -5.37047 -822.562 0 
8 830.506 0.307615 0.0225586 0.682453 0.708047 0.606809 -2.23835 -6.44711 -821.82 0 
15 832.808 0.292242 0.0226124 0.690004 0.754466 0.548762 -5.9027 -4.82802 -822.078 0 
6 832.509 0.305877 0.0225218 0.681055 0.687622 0.516297 -6.40391 -4.7471 -821.358 0 
39 830.595 0.289627 0.0226177 0.693933 0.728496 0.538853 -3.15816 -4.90608 -822.53 0 
6 829.122 0.299288 0.0226933 0.687101 0.730004 0.549549 -3.10527 -4.5859 -821.43 0 
91 826.347 0.307388 0.0226092 0.677173 0.731419 0.47947 -1.54994 -4.50642 -820.291 0 
21 826.039 0.309214 0.02243 0.674307 0.700072 0.437084 -1.29564 -4.57768 -820.166 0 
20 825.662 0.306073 0.0224197 0.679091 0.724892 0.473707 -0.715955 -4.92893 -820.017 0 
14 827.673 0.314539 0.022357 0.673889 0.674965 0.467886 -0.594419 -7.10765 -819.971 0 
19 829.51 0.32332 0.0222668 0.665611 0.663247 0.454532 -1.34432 -8.35021 -819.815 0 
19 830.014 0.319879 0.0223978 0.67009 0.627566 0.462672 -1.72935 -8.01677 -820.268 0 
53 828.837 0.323939 0.0222526 0.664491 0.628156 0.474775 -0.346113 -8.10952 -820.381 0 
167 828.91 0.321819 0.0223342 0.667247 0.621162 0.481693 -0.160804 -8.21136 -820.538 0 
82 828.079 0.315292 0.0222933 0.670597 0.635192 0.482186 -1.04017 -6.0729 -820.965 0 
30 828.299 0.309488 0.0223027 0.674743 0.665114 0.500058 -2.01514 -4.83911 -821.444 0 
44 829.106 0.312493 0.0225459 0.67533 0.627995 0.492721 -1.80483 -5.98756 -821.314 0 
26 831.535 0.30514 0.0223729 0.684564 0.614781 0.607039 -0.475658 -7.39735 -823.662 0 
17 831.056 0.299261 0.0222839 0.687426 0.638125 0.604531 -1.14839 -5.56464 -824.343 0 
6 828.93 0.310758 0.0223599 0.676896 0.613602 0.498179 -0.870424 -6.69502 -821.365 0 
38 828.373 0.316805 0.022255 0.669111 0.589599 0.435933 -1.15949 -6.2618 -820.952 0 
6 827.802 0.30781 0.0224472 0.67779 0.595937 0.4756 -0.460876 -4.93509 -822.406 0 
13 829.197 0.305572 0.0224699 0.681817 0.558238 0.503157 -0.29311 -5.49234 -823.412 0 
3 831.761 0.304026 0.0222869 0.680461 0.551972 0.484653 -3.05072 -5.11919 -823.592 0 
4 832.824 0.309266 0.0223575 0.677798 0.563068 0.488093 -4.01765 -6.5606 -822.246 0 
1 828.353 0.305683 0.0224006 0.677975 0.602819 0.446125 -1.56897 -4.60393 -822.18 0 
36 829.874 0.309997 0.0222176 0.676519 0.577347 0.504955 -1.26173 -6.1357 -822.476 0 
19 828.892 0.312913 0.0223293 0.674612 0.596221 0.46104 -1.54661 -6.10134 -821.244 0 
5 828.838 0.307928 0.0224266 0.680244 0.622112 0.498944 -1.4506 -5.80796 -821.579 0 
21 828.321 0.307035 0.0224241 0.681246 0.637732 0.513523 -0.899148 -5.92153 -821.5 0 
5 826.712 0.310282 0.0223604 0.675893 0.636821 0.456315 -0.422645 -5.49239 -820.797 0 
16 828.002 0.317409 0.0223161 0.670916 0.637601 0.471013 -0.274714 -7.35033 -820.377 0 
33 827.141 0.312899 0.0224025 0.674672 0.663117 0.503404 -0.214753 -6.13847 -820.787 0 
45 826.954 0.313868 0.0225341 0.673413 0.629184 0.434412 -0.797835 -5.54915 -820.607 0 
32 827.491 0.312402 0.0224599 0.672941 0.724424 0.484771 -2.10235 -5.41423 -819.974 0 
27 826.29 0.310864 0.0223942 0.671814 0.720389 0.415264 -1.98311 -4.52349 -819.783 0 
57 825.76 0.31882 0.0224246 0.667502 0.752475 0.447524 -0.123007 -6.17025 -819.467 0 
7 828.832 0.311371 0.0223385 0.669174 0.80138 0.418686 -4.93004 -4.54877 -819.354 0 
21 828.334 0.31745 0.0222881 0.667637 0.77427 0.446498 -3.17194 -5.73438 -819.427 0 
6 829.425 0.322571 0.0222516 0.662628 0.755854 0.38293 -3.78802 -6.16523 -819.472 0 
8 826.867 0.322849 0.022397 0.661533 0.765861 0.336819 -1.86661 -5.48438 -819.516 0 
1 826.264 0.321418 0.0223904 0.663688 0.731936 0.375385 -0.818792 -6.02457 -819.421 0 
8 826.551 0.316676 0.0224617 0.668037 0.721879 0.396672 -1.68729 -5.39148 -819.472 0 
2 826.184 0.308962 0.0224055 0.674056 0.777936 0.459368 -1.96706 -4.69882 -819.518 0 
9 825.984 0.315898 0.0224139 0.669366 0.721832 0.437029 -1.09996 -5.21518 -819.669 0 
27 826.28 0.310469 0.0223945 0.675665 0.65246 0.44166 -0.480911 -5.37407 -820.425 0 
33 827.105 0.30501 0.0225184 0.679837 0.690944 0.45164 -2.03652 -4.50784 -820.56 0 
43 827.369 0.310204 0.0223433 0.672179 0.703398 0.432956 -2.71842 -4.54379 -820.106 0 
30 826.661 0.310325 0.0225049 0.672633 0.738477 0.432177 -2.40276 -4.53087 -819.727 0 
3 827.008 0.316484 0.0225902 0.670584 0.773127 0.486924 -1.58128 -5.90253 -819.524 0 
20 826.735 0.300987 0.0225284 0.683348 0.779846 0.543975 -1.73486 -4.44211 -820.558 0 
20 828.191 0.297939 0.0227091 0.686878 0.764408 0.528992 -2.96968 -4.42543 -820.795 0 
12 827.772 0.307141 0.0224019 0.678801 0.726027 0.532126 -1.72953 -5.58235 -820.461 0 
41 827.307 0.31707 0.0223973 0.670267 0.686616 0.492256 -0.439572 -6.69919 -820.168 0 
11 827.341 0.311094 0.0224167 0.674111 0.715594 0.511291 -1.59268 -5.31846 -820.43 0 
20 828.16 0.310325 0.0224764 0.675056 0.693207 0.501394 -2.25392 -5.19807 -820.708 0 
18 828.349 0.304361 0.0226606 0.678984 0.712036 0.474498 -2.98175 -4.43377 -820.933 0 
11 828.978 0.30355 0.0227417 0.682373 0.731553 0.503118 -3.76713 -4.45057 -820.76 0 
19 830.027 0.311808 0.0228435 0.674142 0.75392 0.399634 -5.98601 -4.58668 -819.454 0 
10 827.526 0.308479 0.0226867 0.676233 0.777831 0.453542 -3.44185 -4.49259 -819.592 0 
19 826.677 0.307709 0.0225946 0.677362 0.736691 0.466819 -2.02374 -4.74102 -819.912 0 
13 826.24 0.310458 0.0224988 0.672293 0.799961 0.486809 -2.13239 -4.47143 -819.636 0 
34 826.576 0.306462 0.0225843 0.675234 0.799514 0.436055 -2.63091 -4.4898 -819.456 0 
19 826.069 0.316183 0.0224982 0.667525 0.767974 0.435667 -1.92779 -4.65188 -819.489 0 
36 825.254 0.311815 0.0225283 0.672381 0.797517 0.479169 -1.01781 -4.7428 -819.494 0 
18 826.57 0.309923 0.0224801 0.675103 0.818568 0.53304 -2.09281 -4.84362 -819.633 0 
6 827.268 0.303823 0.0225965 0.678366 0.884818 0.535453 -3.24648 -4.58252 -819.439 0 
40 830.986 0.304215 0.0227118 0.675247 0.885411 0.472895 -6.06105 -5.58473 -819.34 0 
7 826.501 0.309305 0.0226445 0.674902 0.877896 0.528024 -2.45188 -4.65781 -819.391 0 
3 829.101 0.305661 0.0227862 0.677222 0.870523 0.506374 -5.20122 -4.51755 -819.382 0 
5 830.232 0.305425 0.0226957 0.673643 0.919636 0.472045 -5.59835 -5.23591 -819.398 0 
52 829.664 0.319776 0.0227311 0.663208 0.907331 0.425028 -4.26865 -5.14757 -820.248 0 
47 826.246 0.309633 0.0224553 0.672387 0.904089 0.542821 -2.18662 -4.66669 -819.392 0 
2 826.016 0.310307 0.0224257 0.673598 0.889506 0.587401 -1.6573 -4.84363 -819.515 0 
12 826.421 0.309159 0.0226576 0.676337 0.890794 0.590098 -2.07937 -4.8102 -819.531 0 
19 826.898 0.316646 0.0224328 0.665714 0.897563 0.538424 -2.49775 -4.9633 -819.437 0 
46 826.563 0.31256 0.022624 0.669386 0.965424 0.581863 -2.40008 -4.71219 -819.451 0 
10 826.698 0.305689 0.022612 0.676434 0.964873 0.651264 -2.52452 -4.52403 -819.65 0 
17 827.602 0.311047 0.0225192 0.673903 0.932454 0.66342 -2.61629 -5.29626 -819.689 0 
6 827.546 0.315563 0.0226693 0.671114 0.914686 0.62126 -2.69324 -5.33321 -819.519 0 
1 828.676 0.308746 0.0227225 0.678643 0.896773 0.657848 -3.58599 -5.0362 -820.054 0 
9 826.833 0.305355 0.0225707 0.677901 0.946908 0.659038 -2.50564 -4.48729 -819.84 0 
15 826.721 0.311071 0.0225645 0.674164 0.928972 0.67723 -1.92348 -4.7645 -820.034 0 
57 826.535 0.312727 0.022388 0.671914 0.9464 0.688176 -1.2647 -5.49779 -819.772 0 
11 827.18 0.30999 0.0224716 0.676196 0.951468 0.72033 -1.32104 -5.79531 -820.064 0 
41 826.36 0.315913 0.0224655 0.670965 0.895592 0.679402 -0.242927 -6.02334 -820.094 0 
14 830.25 0.311081 0.0224433 0.675938 0.921366 0.726374 -4.12478 -5.37132 -820.754 0 
4 831.248 0.308673 0.0226964 0.677459 0.931599 0.683494 -6.43766 -4.58434 -820.226 0 
4 831.853 0.318821 0.0224905 0.671515 0.910069 0.691346 -4.02054 -8.02173 -819.811 0 
5 832.554 0.305019 0.0225089 0.677615 1.0114 0.742702 -7.86789 -4.6178 -820.068 0 
3 830.678 0.309405 0.0222466 0.675424 1.01562 0.83125 -3.27979 -5.88398 -821.514 0 
4 828.26 0.305444 0.0223247 0.680755 1.04255 0.859192 -0.629525 -5.74664 -821.884 0 
27 827.025 0.312424 0.0224097 0.674657 1.03968 0.818674 -0.270275 -6.24478 -820.51 0 
3 826.94 0.316521 0.0223625 0.668588 1.04019 0.788016 -1.3196 -5.52888 -820.092 0 
16 826.221 0.315837 0.0224484 0.670187 1.04438 0.780098 -0.296696 -6.07759 -819.847 0 
1 827.774 0.316218 0.022303 0.666429 1.09039 0.745662 -2.78375 -5.40031 -819.59 0 
13 829.993 0.321616 0.0221955 0.664368 1.10468 0.814508 -2.91562 -7.33831 -819.739 0 
8 828.251 0.313641 0.0222802 0.67113 1.06078 0.806661 -2.0446 -6.17239 -820.034 0 
4 828.413 0.319179 0.0223157 0.668745 1.05182 0.818053 -0.62108 -7.71418 -820.078 0 
3 828.522 0.314918 0.0222309 0.671122 1.13067 0.883397 -1.09467 -6.99211 -820.435 0 
52 827.718 0.320404 0.022248 0.664787 1.07533 0.793817 -1.19257 -6.79765 -819.727 0 
17 828.169 0.312071 0.0223719 0.670082 1.13731 0.794655 -3.63064 -4.94139 -819.597 0 
8 826.747 0.321285 0.0224793 0.665333 1.09603 0.788311 -0.349552 -6.73274 -819.664 0 
18 828.034 0.314106 0.0224317 0.667504 1.17338 0.77186 -2.66077 -5.42859 -819.944 0 
4 828.958 0.317353 0.0223004 0.665816 1.18335 0.79542 -2.75032 -6.18272 -820.025 0 
12 828.632 0.310778 0.0223418 0.670201 1.13085 0.7549 -3.92745 -5.06458 -819.64 0 
10 826.926 0.315455 0.022333 0.667182 1.0541 0.727333 -2.19155 -5.19816 -819.537 0 
90 825.686 0.318066 0.0224862 0.666177 1.08628 0.768936 -0.684289 -5.40182 -819.6 0 
6 827.318 0.314769 0.0223772 0.671099 1.05761 0.807587 -0.891951 -6.37965 -820.047 0 
1 827.723 0.315173 0.0226052 0.672337 1.00589 0.765176 -1.69202 -5.98924 -820.041 0 
11 832.555 0.325943 0.0223079 0.6645 0.947698 0.766948 -2.83211 -9.49212 -820.231 0 
6 831.69 0.319526 0.022519 0.669625 0.982685 0.776158 -3.32636 -8.21532 -820.148 0 
18 828.858 0.316869 0.0222956 0.671545 1.05292 0.83292 -0.450059 -8.1526 -820.255 0 
15 827.409 0.3153 0.0223169 0.667353 1.07697 0.773155 -2.52468 -5.21975 -819.665 0 
11 827.554 0.310361 0.0224404 0.670622 1.06173 0.764213 -3.08872 -4.52031 -819.945 0 
22 827.058 0.312518 0.0223778 0.669749 1.08274 0.760633 -2.61102 -4.84986 -819.597 0 
1 826.442 0.311274 0.0225545 0.674347 1.07236 0.80002 -1.28772 -5.13939 -820.015 0 
11 827.518 0.308405 0.0224999 0.673066 1.07055 0.763975 -3.06769 -4.56309 -819.887 0 
15 828.649 0.302334 0.0225296 0.678914 1.06453 0.775377 -3.6485 -4.64171 -820.358 0 
11 828.083 0.304934 0.0225989 0.675459 1.03223 0.694952 -3.75086 -4.74519 -819.587 0 
20 828.428 0.303365 0.0227394 0.679961 1.06475 0.732384 -4.16862 -4.65352 -819.605 0 
21 830.606 0.302255 0.0227701 0.680003 1.02235 0.719945 -6.10491 -4.55488 -819.946 0 
3 827.448 0.307865 0.0227051 0.677129 0.983402 0.727178 -2.64507 -4.56002 -820.242 0 
80 827.5 0.314073 0.0226994 0.670014 0.984452 0.683723 -3.19961 -4.68675 -819.613 0 
11 827.738 0.309037 0.0227279 0.676092 0.935315 0.680711 -3.03268 -4.55483 -820.15 0 
46 826.505 0.313244 0.0225086 0.673529 0.919158 0.704594 -0.517243 -5.73994 -820.248 0 
18 826.716 0.311041 0.0225598 0.673014 0.876728 0.639935 -1.80044 -4.64234 -820.273 0 
16 826.977 0.310119 0.022626 0.675098 0.84825 0.627465 -1.81558 -4.59196 -820.569 0 
15 827.04 0.312818 0.0223211 0.673476 0.803113 0.596992 -0.644569 -6.33395 -820.062 0 
16 826.782 0.312079 0.0224966 0.673392 0.814108 0.573166 -1.85691 -4.88154 -820.043 0 
62 825.528 0.319749 0.0223876 0.66462 0.816771 0.525645 -0.72968 -5.27082 -819.528 0 
4 825.485 0.318885 0.0224414 0.666585 0.815838 0.502874 -0.356551 -5.68459 -819.444 0 
42 825.607 0.319017 0.0224503 0.666799 0.84482 0.552168 -0.329569 -5.79076 -819.487 0 
67 825.738 0.320142 0.0224323 0.662705 0.859629 0.493078 -1.39111 -4.93418 -819.413 0 
10 826.149 0.319782 0.0224791 0.667033 0.806527 0.504928 -0.322154 -6.36049 -819.466 0 
1 825.808 0.320597 0.0224166 0.663976 0.842234 0.477996 -0.702682 -5.61151 -819.494 0 
58 825.591 0.320293 0.0224602 0.664962 0.834415 0.506591 -0.586466 -5.57181 -819.432 0 
9 828.15 0.315665 0.0225006 0.666712 0.923896 0.558322 -3.72748 -4.95098 -819.471 0 
2 828.665 0.320602 0.0226307 0.661408 0.92162 0.480507 -3.82455 -4.97451 -819.866 0 
5 827.923 0.30821 0.022533 0.671854 0.931053 0.533744 -3.82971 -4.71072 -819.382 0 
8 829.925 0.320278 0.0223819 0.663849 0.91284 0.540262 -4.93413 -5.40656 -819.584 0 
39 827.157 0.324586 0.0223929 0.658073 0.918989 0.510574 -1.757 -5.52368 -819.876 0 
10 828.04 0.311888 0.0223371 0.669313 0.917667 0.525346 -3.6677 -4.85167 -819.521 0 
8 826.823 0.322539 0.0224542 0.663025 0.862637 0.518061 -1.5656 -5.77144 -819.486 0 
9 826.821 0.325616 0.0225174 0.66064 0.826354 0.471562 -1.39928 -5.93135 -819.491 0 
1 828.744 0.326196 0.0223285 0.660544 0.824636 0.479865 -2.12009 -7.02319 -819.6 0 
1 829.758 0.322056 0.0222594 0.662363 0.848622 0.487231 -4.34221 -5.87634 -819.54 0 
5 828.917 0.319432 0.022203 0.663889 0.871764 0.50076 -3.11499 -6.1312 -819.671 0 
5 827.404 0.318162 0.0223456 0.66423 0.885579 0.458807 -2.18745 -5.36252 -819.854 0 
33 827.093 0.326747 0.0224006 0.658546 0.817487 0.391189 -0.956344 -6.27045 -819.867 0 
18 826.96 0.318789 0.0224288 0.664472 0.815718 0.357143 -1.59918 -5.52726 -819.834 0 
19 826.023 0.315049 0.0225051 0.668491 0.84877 0.414505 -1.06297 -5.23897 -819.721 0 
36 826.999 0.315782 0.0226178 0.667864 0.825581 0.412945 -2.84662 -4.74933 -819.403 0 
4 827.049 0.310967 0.0226566 0.670203 0.846581 0.450035 -3.07383 -4.63801 -819.337 0 
52 826.748 0.310725 0.0227047 0.673009 0.832519 0.451108 -2.77654 -4.61192 -819.36 0 
15 826.181 0.303198 0.0226242 0.680245 0.790044 0.463191 -2.12191 -4.43889 -819.621 0 
6 831.323 0.302132 0.0224829 0.678762 0.759838 0.412492 -6.73191 -4.77716 -819.814 0 
2 831.428 0.307528 0.0224917 0.67708 0.698672 0.390458 -7.06125 -4.49759 -819.869 0 
6 827.943 0.302237 0.0225328 0.679379 0.694224 0.390316 -3.13211 -4.48485 -820.326 0 
8 827.006 0.31137 0.0225074 0.671924 0.673526 0.360679 -2.58361 -4.58457 -819.838 0 
13 826.785 0.302175 0.0225488 0.680822 0.684436 0.397467 -2.01251 -4.40993 -820.362 0 
44 826.083 0.312862 0.0224626 0.672834 0.648641 0.396864 -0.68127 -5.34914 -820.052 0 
20 825.715 0.31745 0.0224298 0.668532 0.68161 0.370047 -0.548132 -5.6127 -819.554 0 
13 826.334 0.309593 0.0225256 0.674984 0.715448 0.402416 -2.02822 -4.60129 -819.705 0 
8 827.794 0.300162 0.0225641 0.681985 0.732633 0.41635 -3.38121 -4.43387 -819.979 0 
59 826.817 0.306757 0.0224847 0.675339 0.761317 0.430611 -2.77654 -4.43388 -819.606 0 
15 826.343 0.303796 0.0225935 0.679104 0.753485 0.427998 -2.15654 -4.42806 -819.759 0 
2 826.224 0.314817 0.022592 0.667707 0.771303 0.358122 -2.33913 -4.54775 -819.337 0 
1 828.368 0.326863 0.022455 0.659379 0.756049 0.376311 -1.87891 -6.92131 -819.568 0 
18 827.286 0.327201 0.0224437 0.659317 0.778006 0.344098 -0.209168 -7.14517 -819.931 0 
13 828.454 0.317476 0.0225192 0.664912 0.790095 0.334663 -3.98078 -4.94745 -819.526 0 
26 826.11 0.313301 0.0223361 0.670772 0.73564 0.418559 -1.34374 -5.27805 -819.488 0 
13 827.368 0.316117 0.022257 0.670712 0.719415 0.489588 -0.542643 -7.06957 -819.756 0 
13 827.773 0.313789 0.0222478 0.669173 0.687992 0.40502 -3.00691 -4.93983 -819.826 0 
1 825.52 0.312278 0.0224209 0.671518 0.73374 0.412036 -1.19218 -4.77565 -819.552 0 
39 827.32 0.313068 0.022372 0.669663 0.850113 0.461674 -2.9608 -4.91926 -819.44 0 
43 827.139 0.325081 0.0223304 0.660635 0.831867 0.498347 -1.25749 -6.38124 -819.5 0 
4 827.6 0.317915 0.0224577 0.667383 0.841625 0.544917 -2.91817 -5.1765 -819.505 0 
5 828.404 0.3252 0.0222212 0.662024 0.84032 0.590336 -0.893313 -7.93037 -819.58 0 
2 827.741 0.315337 0.0224376 0.671369 0.82492 0.58951 -2.24973 -5.61668 -819.874 0 
21 827.273 0.31546 0.0224036 0.672375 0.823099 0.616614 -0.687465 -6.57394 -820.011 0 
29 825.233 0.317159 0.0224878 0.666489 0.831282 0.522311 -0.94105 -4.78907 -819.503 0 
17 826.024 0.324857 0.0224456 0.661743 0.793528 0.498701 -0.240667 -6.30672 -819.476 0 
6 825.744 0.320113 0.022539 0.663655 0.860996 0.493951 -1.40717 -4.92533 -819.411 0 
14 826.394 0.316514 0.0223883 0.666514 0.854418 0.497355 -2.04914 -4.94281 -819.402 0 
24 826.526 0.317643 0.0224697 0.669367 0.798543 0.534743 -0.91864 -6.00421 -819.603 0 
4 826.142 0.316225 0.0224185 0.669608 0.826651 0.544878 -0.554736 -6.0754 -819.512 0 
2 826.616 0.318056 0.0223121 0.667212 0.859271 0.554096 -1.06551 -6.08094 -819.47 0 
6 829.069 0.309789 0.0224683 0.671952 0.865212 0.462083 -5.0217 -4.67366 -819.374 0 
26 827.45 0.31641 0.0226916 0.668067 0.837612 0.417395 -3.07521 -4.88796 -819.487 0 
17 830.021 0.323933 0.022591 0.663105 0.859932 0.455539 -3.89896 -6.25677 -819.865 0 
16 826.33 0.308278 0.0225874 0.674456 0.89546 0.515448 -2.30159 -4.64652 -819.382 0 
34 827.443 0.312845 0.0227254 0.670596 0.895245 0.470366 -3.06757 -4.80825 -819.568 0 
27 825.801 0.31987 0.0225741 0.664074 0.853963 0.457331 -1.25538 -5.04748 -819.498 0 
9 827.868 0.307967 0.022529 0.672212 0.850354 0.44192 -3.91426 -4.62086 -819.333 0 
10 827.781 0.325604 0.0224899 0.661825 0.84725 0.495494 -0.619978 -7.43678 -819.724 0 
22 826.873 0.321187 0.0226671 0.662662 0.881133 0.474264 -2.27541 -5.01857 -819.579 0 
1 830.282 0.311132 0.0226139 0.667072 0.914008 0.430164 -5.32163 -5.40578 -819.555 0 
19 827.179 0.313095 0.0226809 0.668851 0.885439 0.442736 -2.8892 -4.76104 -819.529 0 
1 826.998 0.315161 0.022466 0.668795 0.863743 0.510608 -2.65267 -4.94122 -819.404 0 
3 827.09 0.315381 0.0224274 0.669114 0.811885 0.477804 -2.63655 -5.04104 -819.412 0 
3 826.013 0.314873 0.0223727 0.670547 0.819354 0.517877 -0.85792 -5.68973 -819.466 0 
26 827.251 0.314255 0.0225343 0.669378 0.832999 0.432623 -2.57517 -5.16729 -819.509 0 
43 826.884 0.315096 0.0226053 0.669515 0.79781 0.43256 -2.40057 -5.09254 -819.391 0 
2 830.978 0.315535 0.0225149 0.670797 0.789558 0.480538 -6.32745 -5.16938 -819.481 0 
3 828.993 0.322381 0.0224774 0.664403 0.76395 0.46077 -3.79885 -5.71451 -819.48 0 
1 826.113 0.319641 0.0224165 0.666255 0.766957 0.494406 -0.874837 -5.62289 -819.615 0 
26 826.393 0.316211 0.0225822 0.66806 0.748514 0.413526 -2.06788 -4.86013 -819.465 0 
25 825.962 0.313064 0.0226253 0.670607 0.81363 0.424022 -1.85634 -4.7336 -819.372 0 
5 828.211 0.321736 0.022591 0.663065 0.804459 0.417716 -3.20054 -5.52738 -819.483 0 
3 830.421 0.31649 0.022342 0.66303 0.870351 0.408233 -6.00089 -4.81023 -819.609 0 
12 827.351 0.321163 0.022371 0.661833 0.84949 0.410298 -2.17961 -5.36897 -819.802 0 
28 826.618 0.328028 0.0224286 0.657492 0.800204 0.367823 -0.427479 -6.34526 -819.845 0 
1 826.921 0.319756 0.0225172 0.666271 0.806944 0.403767 -0.839599 -6.3703 -819.711 0 
63 826.374 0.317319 0.0225644 0.666452 0.85729 0.407351 -1.34643 -5.20715 -819.82 0 
25 826.135 0.32201 0.0224936 0.663335 0.840727 0.454501 -0.470313 -6.01549 -819.649 0 
26 826.12 0.320025 0.0224613 0.664337 0.835291 0.442731 -0.834922 -5.6862 -819.599 0 
26 826.185 0.323306 0.0223712 0.661849 0.81911 0.45404 -0.520576 -6.12523 -819.539 0 
37 826.056 0.320577 0.0224023 0.664384 0.832993 0.463575 -0.660071 -5.86016 -819.536 0 
25 826.547 0.311551 0.0224937 0.671229 0.908764 0.530698 -2.10591 -4.94913 -819.492 0 
15 826.771 0.312173 0.0225036 0.674098 0.968148 0.67638 -1.64593 -5.57511 -819.55 0 
57 826.454 0.316315 0.0226582 0.668593 0.942981 0.62594 -2.0035 -4.98305 -819.467 0 
11 831.622 0.312847 0.0226954 0.673362 0.950884 0.623991 -7.21429 -4.95677 -819.451 0 
10 828.969 0.313627 0.0227761 0.669676 0.995914 0.596935 -4.45155 -4.88101 -819.636 0 
14 826.863 0.314182 0.0226512 0.667297 0.948308 0.559189 -2.75525 -4.69877 -819.409 0 
13 827.909 0.317824 0.0227176 0.66492 0.97925 0.544848 -2.97092 -5.01479 -819.923 0 
15 829.718 0.324138 0.02258 0.65587 1.00257 0.500991 -3.48456 -5.30374 -820.93 0 
12 831.911 0.328803 0.0225867 0.657328 0.979709 0.512585 -3.73856 -6.77383 -821.399 0 
19 833.143 0.319626 0.0226795 0.658093 1.02083 0.454328 -5.61575 -5.93442 -821.592 0 
1 834.646 0.324253 0.0227943 0.659716 1.02713 0.521813 -7.42151 -5.72325 -821.501 0 
2 832.417 0.316869 0.0225136 0.66387 0.978514 0.506465 -7.05078 -5.18604 -820.18 0 
3 832.969 0.324788 0.0222592 0.65669 0.994488 0.533311 -6.39207 -5.73991 -820.837 0 
8 832.365 0.328775 0.0223085 0.651583 1.04232 0.541385 -4.57011 -5.91686 -821.878 0 
6 831.785 0.322233 0.0223883 0.65735 1.06863 0.620377 -5.88422 -5.33625 -820.565 0 
2 829.336 0.323577 0.022384 0.660572 1.09304 0.6955 -2.79747 -6.26343 -820.275 0 
1 828.414 0.321879 0.0223424 0.663716 1.0999 0.74298 -1.4239 -7.03594 -819.954 0 
20 829.286 0.327101 0.022405 0.65748 1.11783 0.69603 -1.37086 -6.9479 -820.967 0 
4 834.677 0.340055 0.0224755 0.650581 1.09534 0.715395 -1.72952 -11.5653 -821.382 0 
12 833.561 0.333354 0.0223458 0.654667 1.04642 0.705603 -2.82958 -10.3567 -820.375 0 
3 834.055 0.337353 0.0223962 0.653167 1.09132 0.737682 -1.83183 -11.4379 -820.785 0 
5 835.233 0.327125 0.0223254 0.661655 1.09328 0.772432 -6.5156 -8.81789 -819.899 0 
16 829.438 0.334049 0.022438 0.653506 1.07592 0.702478 -0.191931 -8.68101 -820.565 0 
24 828.106 0.329584 0.0224422 0.653924 1.06697 0.646476 -1.08372 -6.34093 -820.681 0 
15 831.555 0.331955 0.0222477 0.653858 1.06397 0.671147 -2.71104 -8.06509 -820.779 0 
3 832.244 0.322585 0.0222051 0.658098 1.06038 0.632925 -5.80252 -5.85385 -820.587 0 
2 831.983 0.325645 0.0222432 0.658212 1.01519 0.63699 -5.8162 -6.18795 -819.979 0 
11 832.02 0.32271 0.0224418 0.662032 0.986846 0.606111 -4.8271 -7.00795 -820.185 0 
4 828.199 0.32939 0.0225701 0.658235 0.898987 0.55683 -1.72362 -6.8142 -819.661 0 
13 827.091 0.315895 0.0226958 0.668119 0.912307 0.57547 -2.92747 -4.74617 -819.417 0 
14 827.763 0.30135 0.0227173 0.682613 0.954128 0.676399 -3.28524 -4.4492 -820.029 0 
5 827.915 0.312637 0.0226624 0.672084 0.921218 0.612239 -3.73796 -4.64544 -819.532 0 
14 827.234 0.312673 0.0225218 0.671037 0.937663 0.594789 -3.00927 -4.80213 -819.422 0 
51 827.152 0.326546 0.0223394 0.658477 0.934517 0.567261 -0.698856 -6.59361 -819.859 0 
5 828.289 0.327711 0.0223455 0.658112 0.892477 0.532234 -0.926389 -7.47099 -819.891 0 
3 828.209 0.327283 0.0223836 0.660603 0.87215 0.583217 -0.344637 -8.28009 -819.584 0 
6 829.582 0.319006 0.0223331 0.664558 0.891534 0.60862 -4.38472 -5.66156 -819.535 0 
44 828.319 0.323898 0.0224147 0.660431 0.907478 0.594756 -2.89845 -5.93805 -819.483 0 
12 827.467 0.314788 0.0222985 0.667247 0.909921 0.610059 -3.15769 -4.76764 -819.542 0 
46 826.488 0.312431 0.0224874 0.675066 0.855582 0.633748 -0.44292 -6.09545 -819.95 0 
1 826.425 0.308163 0.0225411 0.678376 0.853312 0.647755 -0.808685 -5.12861 -820.488 0 
7 827.03 0.318256 0.0223877 0.669453 0.826456 0.629297 -0.109732 -6.8333 -820.087 0 
11 827.713 0.303184 0.0225363 0.679382 0.88738 0.649052 -2.44666 -4.47312 -820.793 0 
3 828.092 0.311803 0.0222809 0.671967 0.896207 0.614212 -3.41779 -5.08017 -819.594 0 
21 826.232 0.311757 0.0224252 0.670348 0.89699 0.545895 -2.12393 -4.71055 -819.397 0 
18 826.497 0.307364 0.0224946 0.675108 0.880477 0.564203 -2.4451 -4.54361 -819.508 0 
2 827.067 0.310374 0.022339 0.671865 0.843471 0.552823 -2.81359 -4.58883 -819.664 0 
4 828.141 0.300793 0.0225443 0.681559 0.865126 0.585903 -3.73764 -4.41248 -819.991 0 
14 826.521 0.307622 0.0226619 0.676795 0.817923 0.545507 -2.0976 -4.48059 -819.943 0 
1 825.882 0.308194 0.0225647 0.675924 0.816046 0.541255 -1.46494 -4.59078 -819.826 0 
20 826.502 0.318775 0.0223643 0.665626 0.78286 0.484256 -1.81714 -5.15878 -819.526 0 
32 826.936 0.321652 0.0223317 0.663853 0.77122 0.517993 -1.00793 -6.27389 -819.654 0 
10 827.561 0.315319 0.0223358 0.667294 0.805102 0.482009 -3.12208 -5.00084 -819.438 0 
50 826.1 0.315474 0.0225844 0.670209 0.793894 0.477417 -1.56026 -5.07753 -819.462 0 
2 827.305 0.313944 0.0226993 0.667829 0.819796 0.387475 -3.36769 -4.59232 -819.345 0 
5 829.639 0.306329 0.0225432 0.673532 0.779048 0.403359 -5.56566 -4.56725 -819.506 0 
3 826.108 0.310576 0.0225554 0.673628 0.781271 0.421205 -2.04351 -4.67241 -819.392 0 
2 826.903 0.305206 0.022701 0.678175 0.783769 0.434155 -2.9028 -4.46477 -819.535 0 
21 826.032 0.312454 0.0224392 0.674362 0.745266 0.477385 -0.556008 -5.83902 -819.637 0 
6 826.047 0.31427 0.0226295 0.670492 0.761745 0.402564 -1.90748 -4.73666 -819.402 0 
3 826.098 0.313552 0.0226067 0.669437 0.731071 0.322524 -2.18521 -4.55041 -819.362 0 
10 826.965 0.320792 0.0224384 0.664324 0.693194 0.308806 -1.64535 -5.91367 -819.406 0 
8 825.365 0.319696 0.0224042 0.664244 0.670977 0.272778 -0.918079 -5.03711 -819.41 0 
32 826.466 0.319195 0.0224476 0.667911 0.665165 0.304044 -0.299032 -6.72851 -819.439 0 
1 827.317 0.321588 0.0224441 0.665959 0.652512 0.307281 -1.37652 -6.47914 -819.462 0 
15 828.659 0.309879 0.0222523 0.671997 0.687881 0.355462 -4.38027 -4.63556 -819.643 0 
8 829.082 0.307859 0.0222005 0.674935 0.704212 0.38672 -4.64279 -4.8295 -819.61 0 
11 826.446 0.313185 0.0223506 0.670329 0.699707 0.391173 -1.83336 -4.97856 -819.634 0 
17 825.561 0.320197 0.0224509 0.664875 0.737222 0.378453 -0.789065 -5.37208 -819.4 0 
15 827.058 0.325107 0.0223629 0.66077 0.721636 0.381564 -0.904691 -6.70726 -819.446 0 
10 826.428 0.317035 0.0226076 0.668645 0.73343 0.391977 -1.99397 -4.98401 -819.45 0 
4 828.208 0.308857 0.022539 0.671336 0.790802 0.383872 -4.3183 -4.54071 -819.349 0 
5 829.079 0.318621 0.0223866 0.66603 0.784233 0.386465 -3.11025 -6.35064 -819.618 0 
3 827.02 0.32673 0.0223273 0.657793 0.794692 0.377356 -1.2951 -6.04373 -819.681 0 
7 827.019 0.320731 0.0224308 0.661623 0.766454 0.344545 -2.66952 -4.94746 -819.402 0 
12 825.609 0.323012 0.0224919 0.661588 0.731981 0.297443 -0.678482 -5.48207 -819.448 0 
9 825.598 0.314373 0.0225846 0.668351 0.733536 0.321216 -1.71533 -4.52314 -819.36 0 
9 827.119 0.308746 0.0224234 0.673979 0.725014 0.365513 -3.0036 -4.66653 -819.449 0 
2 825.629 0.317214 0.0223885 0.667595 0.743072 0.364741 -0.517286 -5.69592 -819.416 0 
136 825.271 0.314298 0.0224358 0.669662 0.702572 0.352932 -0.928511 -4.85664 -819.486 0 
4 826.045 0.313614 0.022479 0.671519 0.705303 0.399781 -1.16444 -5.30012 -819.581 0 
20 826.015 0.309645 0.0225838 0.674565 0.66744 0.372416 -1.45044 -4.52498 -820.039 0 
34 825.714 0.310099 0.0224006 0.673987 0.712912 0.417167 -1.19168 -4.78772 -819.735 0 
8 826.201 0.310629 0.0225412 0.672711 0.704572 0.358305 -2.06481 -4.56149 -819.575 0 
8 827.388 0.322892 0.0223993 0.663028 0.71679 0.359559 -2.18601 -5.78959 -819.413 0 
30 827.451 0.32574 0.0223444 0.662324 0.694522 0.406567 -0.090086 -7.85247 -819.508 0 
9 827.173 0.320063 0.0223686 0.666884 0.665948 0.382957 -1.28929 -6.25964 -819.624 0 
9 826.443 0.313993 0.022654 0.66977 0.721422 0.34227 -2.48525 -4.49276 -819.465 0 
15 825.682 0.317433 0.0224329 0.668 0.765396 0.420464 -0.669469 -5.60038 -819.412 0 
17 826.06 0.317856 0.0223772 0.666572 0.729009 0.390879 -1.43868 -5.17773 -819.443 0 
29 825.304 0.319317 0.0225139 0.665034 0.748595 0.370853 -0.941606 -4.98586 -819.376 0 
55 826.256 0.326721 0.0225083 0.658703 0.757979 0.342049 -0.756779 -5.95757 -819.541 0 
16 826.796 0.31678 0.0224539 0.666105 0.759854 0.330179 -2.35689 -5.02251 -819.416 0 
7 827.307 0.3137 0.0225995 0.667107 0.837861 0.336413 -2.90443 -4.80151 -819.601 0 
15 828.227 0.321045 0.0227329 0.6613 0.840932 0.295334 -3.24181 -4.94694 -820.038 0 
6 828.523 0.312653 0.0226992 0.66981 0.863842 0.314283 -3.21851 -5.04664 -820.258 0 
7 829.712 0.322293 0.0225939 0.663212 0.818801 0.303969 -3.68162 -5.76667 -820.263 0 
3 827.769 0.318223 0.0226199 0.662399 0.80842 0.242357 -3.20165 -4.8079 -819.76 0 
16 828.19 0.314969 0.0225739 0.665287 0.823237 0.24144 -3.33912 -4.88796 -819.963 0 
3 827.73 0.320289 0.0223464 0.662561 0.794319 0.285143 -1.96578 -5.7013 -820.063 0 
27 827.277 0.313101 0.0225888 0.66809 0.810814 0.300168 -2.9901 -4.76272 -819.524 0 
1 829.7 0.316564 0.0225318 0.665189 0.752711 0.278337 -5.58235 -4.7146 -819.403 0 
12 827.763 0.31008 0.0225146 0.670829 0.767357 0.300868 -3.81869 -4.63292 -819.311 0 
2 826.882 0.311751 0.0226169 0.671295 0.749568 0.288036 -2.83939 -4.67623 -819.367 0 
83 825.861 0.314119 0.0225845 0.669398 0.761063 0.262429 -1.4893 -4.86682 -819.505 0 
14 827.077 0.312693 0.0225631 0.670362 0.714986 0.232272 -3.17225 -4.58128 -819.324 0 
16 827.555 0.32654 0.0224716 0.660872 0.724221 0.263453 -0.425189 -7.31367 -819.816 0 
33 827.805 0.320655 0.0224812 0.665753 0.687129 0.280263 -2.70338 -5.70294 -819.398 0 
14 826.849 0.316129 0.0225901 0.671204 0.67159 0.306099 -1.61238 -5.80764 -819.429 0 
22 826.004 0.321062 0.022417 0.665528 0.689292 0.329868 -0.0793534 -6.49249 -819.432 0 
14 827.751 0.326203 0.0222302 0.659261 0.641553 0.255193 -1.39352 -6.91894 -819.438 0 
7 828.107 0.32322 0.0223137 0.661382 0.648554 0.250501 -2.52202 -6.17115 -819.414 0 
25 825.515 0.313201 0.0224422 0.670659 0.674749 0.272566 -1.31388 -4.77932 -819.421 0 
21 825.73 0.313127 0.0225021 0.671438 0.696282 0.324049 -1.4828 -4.80307 -819.444 0 
4 828.739 0.309843 0.0226787 0.676605 0.655465 0.311386 -4.35767 -4.69897 -819.682 0 
6 828.485 0.308274 0.0224693 0.674228 0.667005 0.305564 -4.23402 -4.43181 -819.819 0 
23 827.175 0.301258 0.0225003 0.682124 0.705271 0.368284 -2.96292 -4.425 -819.787 0 
18 829.061 0.305929 0.0224862 0.676075 0.696294 0.28909 -5.16329 -4.46786 -819.429 0 
37 828.738 0.302642 0.02249 0.678643 0.691448 0.260656 -4.87014 -4.41346 -819.454 0 
7 826.308 0.305922 0.0226763 0.678478 0.676193 0.285398 -2.29532 -4.45903 -819.554 0 
15 825.556 0.306248 0.0225696 0.677223 0.707776 0.270993 -1.67117 -4.52854 -819.356 0 
4 831.676 0.304097 0.0226085 0.678463 0.644006 0.276137 -6.79848 -4.67204 -820.206 0 
4 830.083 0.300207 0.0224744 0.68042 0.69068 0.314826 -5.82955 -4.47274 -819.781 0 
15 826.496 0.302503 0.0225349 0.680399 0.644698 0.30201 -2.02131 -4.40255 -820.072 0 
12 826.754 0.309454 0.0224181 0.674328 0.644981 0.307814 -2.37497 -4.56752 -819.811 0 
11 826.591 0.31159 0.0224315 0.67125 0.664435 0.300623 -2.43667 -4.48094 -819.673 0 
15 825.574 0.316042 0.0225296 0.668703 0.64494 0.238667 -1.27658 -4.82004 -819.477 0 
29 825.872 0.316151 0.0223637 0.669154 0.692032 0.264058 -0.443187 -5.99338 -819.436 0 
26 826.202 0.319875 0.0224522 0.667153 0.662558 0.267966 -0.227181 -6.54642 -819.429 0 
16 825.449 0.313434 0.0225263 0.670187 0.747316 0.285143 -1.16139 -4.87755 -819.41 0 
25 827.294 0.304936 0.0226084 0.677096 0.712305 0.271757 -3.46809 -4.44657 -819.379 0 
7 828.871 0.300622 0.0225023 0.679978 0.687736 0.226949 -4.87681 -4.5257 -819.469 0 
7 829.73 0.306783 0.0224426 0.673303 0.669056 0.17772 -5.87441 -4.43332 -819.422 0 
2 828.87 0.307655 0.0224556 0.671893 0.651321 0.147788 -4.65319 -4.63008 -819.586 0 
10 829.937 0.312271 0.0223203 0.673549 0.591126 0.202708 -4.98028 -5.371 -819.585 0 
7 830.099 0.312831 0.0222258 0.670559 0.576286 0.149069 -5.5857 -4.83138 -819.682 0 
5 828.371 0.319525 0.0223526 0.667862 0.576095 0.161015 -1.19701 -7.7048 -819.469 0 
1 826.954 0.315722 0.0224752 0.6709 0.603091 0.156841 -1.21128 -6.3178 -819.425 0 
43 827.519 0.325153 0.0223696 0.662449 0.540976 0.102223 -0.441199 -7.56611 -819.512 0 
31 825.408 0.31702 0.0224294 0.668783 0.571341 0.116906 -0.21487 -5.67641 -819.517 0 
22 828.444 0.327037 0.0223419 0.661655 0.591473 0.134396 -0.510089 -8.43217 -819.501 0 
30 826.754 0.320268 0.0223509 0.663086 0.649365 0.0816341 -2.39535 -5.00425 -819.355 0 
24 827.209 0.315876 0.0222855 0.666922 0.678148 0.135569 -2.66371 -5.14056 -819.405 0 
13 827.298 0.324178 0.0223411 0.660424 0.68393 0.0889857 -1.87546 -5.82203 -819.601 0 
10 826.289 0.324587 0.0224546 0.659669 0.688105 0.0696718 -1.00295 -5.67815 -819.608 0 
18 826.967 0.318687 0.0226444 0.666128 0.691966 0.0787132 -2.24887 -5.21208 -819.506 0 
2 831.262 0.31994 0.0227155 0.664131 0.727286 0.0555581 -6.9504 -4.79514 -819.516 0 
5 830.293 0.316307 0.0227257 0.666539 0.765273 0.0966965 -5.40268 -4.935 -819.955 0 
12 830.059 0.314331 0.0227472 0.666055 0.781838 0.0615416 -5.39376 -4.88638 -819.779 0 
12 828.487 0.323963 0.0225366 0.660598 0.777454 0.116181 -2.15968 -5.76613 -820.561 0 
7 829.187 0.313159 0.0225093 0.665825 0.773216 0.119151 -4.68177 -4.95318 -819.552 0 
4 830.653 0.317296 0.0224207 0.664588 0.776433 0.158698 -5.74715 -4.98839 -819.918 0 
22 830.742 0.324078 0.022182 0.657924 0.747095 0.120806 -4.89168 -5.71407 -820.136 0 
2 830.545 0.318923 0.0222059 0.662496 0.74703 0.128534 -5.03976 -5.4814 -820.024 0 
33 827.997 0.324969 0.0224003 0.657804 0.759217 0.0580544 -1.84944 -5.72748 -820.42 0 
2 828.432 0.319104 0.022515 0.662028 0.745352 0.062084 -3.86908 -4.82202 -819.741 0 
18 827.637 0.322122 0.0224366 0.662416 0.750614 0.10854 -1.44778 -5.92227 -820.267 0 
4 826.716 0.321807 0.0225253 0.662426 0.766156 0.15878 -0.834098 -5.66148 -820.221 0 
12 828.341 0.310943 0.0226676 0.669351 0.771871 0.122475 -3.93247 -4.84062 -819.568 0 
18 831.968 0.324592 0.0227442 0.661866 0.768148 0.136257 -4.98786 -6.3712 -820.609 0 
1 829.107 0.314404 0.0228309 0.668382 0.745346 0.119351 -4.96164 -4.68709 -819.458 0 
5 829.173 0.319358 0.0227034 0.665709 0.794142 0.168359 -3.12499 -5.54343 -820.504 0 
8 829.438 0.33008 0.0226371 0.656733 0.745988 0.108857 -2.19981 -6.75198 -820.486 0 
12 829.55 0.329918 0.0225188 0.65653 0.786285 0.135393 -0.603953 -7.49546 -821.451 0 
13 830.262 0.323071 0.0226274 0.657729 0.818502 0.103046 -4.41476 -5.10399 -820.743 0 
1 830.79 0.323738 0.0224619 0.660321 0.800143 0.131262 -3.94856 -5.8729 -820.968 0 
1 828.257 0.319813 0.0225369 0.661238 0.808072 0.0871005 -2.58925 -5.11322 -820.555 0 
27 829.324 0.320561 0.022349 0.660391 0.79124 0.0576245 -3.40831 -5.28467 -820.631 0 
3 828.804 0.333765 0.0223843 0.653248 0.724379 0.0300446 -0.141161 -7.97103 -820.691 0 
12 830.699 0.313503 0.0226527 0.66644 0.789 0.0143256 -5.70861 -5.21986 -819.771 0 
1 829.593 0.326681 0.0225514 0.65973 0.724753 0.0151215 -3.27579 -6.18838 -820.129 0 
75 828.073 0.32154 0.0226404 0.663543 0.763748 0.0331476 -1.81551 -5.76486 -820.492 0 
11 828.121 0.326522 0.0224106 0.659106 0.728611 0.0207462 -0.459229 -7.14905 -820.513 0 
48 828.911 0.335201 0.0225064 0.652207 0.727591 0.00355133 -0.617988 -7.64896 -820.644 0 
47 828.601 0.333891 0.0223622 0.651827 0.750648 0.0369591 -0.316556 -7.33538 -820.949 0 
5 828.134 0.331527 0.0225015 0.654429 0.752671 0.0691263 -0.820452 -6.65058 -820.663 0 
31 827.533 0.32393 0.0224131 0.658214 0.760155 0.080134 -1.96984 -5.35669 -820.206 0 
11 828.574 0.324621 0.0224815 0.658414 0.795585 0.106726 -2.30497 -5.52372 -820.746 0 
95 827.734 0.324841 0.0226 0.657408 0.793531 0.0645007 -1.96015 -5.20895 -820.565 0 
35 828.916 0.320468 0.0224826 0.65974 0.812443 0.128047 -3.30381 -5.06993 -820.542 0 
2 830.067 0.332803 0.0223018 0.652466 0.778676 0.148345 -0.826502 -7.84625 -821.394 0 
3 832.669 0.327957 0.0224163 0.653872 0.758929 0.0683088 -6.80243 -5.54334 -820.324 0 
12 832.753 0.325498 0.0223177 0.656046 0.77782 0.0923502 -6.18115 -5.83355 -820.738 0 
4 830.545 0.330414 0.022246 0.654488 0.776042 0.16785 -2.2241 -7.28534 -821.036 0 
15 829.474 0.328136 0.0223995 0.655047 0.814751 0.156683 -1.59546 -6.37598 -821.503 0 
23 829.597 0.327412 0.0224041 0.655074 0.84964 0.1972 -1.53705 -6.13833 -821.922 0 
27 828.481 0.323258 0.0226115 0.659262 0.831407 0.150217 -1.9404 -5.41631 -821.124 0 
8 828.395 0.320788 0.022632 0.661173 0.821462 0.153454 -2.63162 -5.15497 -820.608 0 
21 827.266 0.316075 0.0224747 0.665806 0.794 0.18091 -2.00234 -5.08753 -820.176 0 
19 827.869 0.325538 0.0224243 0.65731 0.789406 0.177359 -2.01813 -5.46676 -820.384 0 
2 827.075 0.322058 0.0224351 0.661719 0.740639 0.164485 -1.90438 -5.37596 -819.795 0 
10 830.433 0.31158 0.0223833 0.668412 0.726603 0.182913 -6.47353 -4.65244 -819.307 0 
26 830.478 0.309424 0.0224835 0.669295 0.76934 0.174158 -6.25524 -4.76768 -819.455 0 
12 828.118 0.307899 0.0227494 0.673541 0.751621 0.234217 -4.05263 -4.77025 -819.295 0 
6 830.018 0.316205 0.0227501 0.66995 0.690765 0.19037 -5.78102 -4.88154 -819.356 0 
3 829.717 0.305045 0.0227145 0.674932 0.735625 0.195049 -5.12649 -5.28397 -819.306 0 
23 825.87 0.310698 0.0225205 0.673243 0.682115 0.257551 -1.66921 -4.82625 -819.374 0 
12 826.68 0.322881 0.0224955 0.664069 0.653184 0.214891 -0.625727 -6.61142 -819.443 0 
30 826.821 0.323471 0.022504 0.661636 0.644024 0.167405 -1.7703 -5.66476 -819.386 0 
4 826.98 0.311503 0.0224997 0.669023 0.70193 0.184538 -3.1395 -4.5255 -819.315 0 
19 826.256 0.315917 0.0225127 0.668948 0.694676 0.21646 -1.32417 -5.49827 -819.434 0 
7 825.96 0.31945 0.0223903 0.664258 0.729955 0.252737 -1.13502 -5.32683 -819.498 0 
18 827.53 0.321081 0.0223107 0.664776 0.684999 0.273151 -1.7837 -6.30463 -819.442 0 
24 826.368 0.315918 0.0223757 0.66745 0.705352 0.283133 -2.10905 -4.89954 -819.36 0 
28 826.76 0.315622 0.0223291 0.666716 0.703888 0.23345 -2.46823 -4.9245 -819.367 0 
3 827.773 0.306046 0.0225237 0.674675 0.633223 0.199411 -3.33911 -4.55259 -819.881 0 
4 827.762 0.301955 0.0224727 0.679174 0.638165 0.180253 -3.59837 -4.47078 -819.693 0 
26 827.419 0.306822 0.0224239 0.674277 0.64589 0.208919 -3.36405 -4.4213 -819.633 0 
5 827.901 0.315594 0.0222858 0.667599 0.636744 0.189548 -3.18681 -5.32294 -819.391 0 
7 826.363 0.315342 0.0223534 0.670853 0.582617 0.236428 -0.890766 -5.80881 -819.663 0 
5 826.702 0.311228 0.0225687 0.673508 0.589821 0.219229 -2.10537 -4.78333 -819.813 0 
4 827.703 0.310338 0.0226993 0.673031 0.633027 0.183495 -3.70344 -4.41542 -819.584 0 
1 831.174 0.307299 0.0225529 0.674891 0.626921 0.192873 -7.13363 -4.41939 -819.621 0 
25 825.608 0.308389 0.0224633 0.675189 0.630157 0.171209 -1.47502 -4.68335 -819.45 0 
40 827.081 0.311797 0.0223305 0.670442 0.653225 0.129991 -3.07777 -4.65694 -819.347 0 
45 826.643 0.319057 0.0223419 0.666921 0.630623 0.118757 -0.444148 -6.73467 -819.464 0 
31 825.955 0.319202 0.0223479 0.665455 0.649243 0.106129 -0.815743 -5.72071 -819.418 0 
64 827.512 0.326752 0.0223175 0.659594 0.658079 0.11782 -0.339163 -7.48281 -819.69 0 
9 826.671 0.325043 0.0223982 0.660625 0.66156 0.12326 -0.543382 -6.56659 -819.561 0 
26 826.357 0.322417 0.0223274 0.661191 0.678126 0.123572 -1.33549 -5.54046 -819.481 0 
6 827.955 0.318431 0.0223291 0.66449 0.683266 0.100818 -2.97759 -5.46508 -819.512 0 
61 828.687 0.311912 0.0222776 0.669467 0.722898 0.154677 -4.32155 -4.86293 -819.503 0 
47 826.188 0.32132 0.0225169 0.663184 0.70385 0.128983 -1.40407 -5.2477 -819.536 0 
43 826.165 0.318501 0.0224058 0.663992 0.699394 0.10353 -1.70609 -4.98523 -819.474 0 
39 827.175 0.320612 0.0224858 0.665001 0.69365 0.133999 -1.13865 -6.3264 -819.71 0 
14 827.258 0.324836 0.0224116 0.65896 0.686036 0.0792705 -1.96211 -5.70176 -819.594 0 
26 827.978 0.312654 0.022482 0.66901 0.702949 0.175561 -4.10729 -4.56002 -819.31 0 
4 826.041 0.321079 0.0224366 0.664531 0.662129 0.167746 -0.429025 -6.15072 -819.461 0 
6 826.064 0.317629 0.0224443 0.668592 0.621706 0.161862 -0.445746 -6.20975 -819.408 0 
151 825.079 0.316443 0.022471 0.667852 0.64377 0.150329 -0.66647 -5.04756 -819.365 0 
43 826.871 0.31071 0.0226249 0.67243 0.652569 0.147447 -2.98643 -4.50564 -819.379 0 
18 827.66 0.305876 0.0227534 0.677207 0.65735 0.156264 -3.73539 -4.45798 -819.466 0 
4 827.526 0.313009 0.0226964 0.672868 0.649013 0.10539 -3.32664 -4.85114 -819.348 0 
2 829.982 0.308427 0.0228759 0.676219 0.658496 0.101696 -6.15681 -4.46521 -819.36 0 
27 827.354 0.311876 0.0227043 0.672635 0.679591 0.0725183 -3.37888 -4.64369 -819.332 0 
3 827.612 0.32286 0.0225812 0.66409 0.611759 0.0485061 -2.57638 -5.64956 -819.386 0 
10 827.047 0.327849 0.0223868 0.659249 0.621518 0.037893 -0.0919876 -7.41567 -819.539 0 
8 826.801 0.321528 0.0223705 0.663476 0.635883 0.0408439 -1.14523 -6.20108 -819.454 0 
8 826.521 0.317271 0.0223689 0.667076 0.626783 0.0635114 -1.47606 -5.65939 -819.386 0 
27 825.795 0.318949 0.0224711 0.66705 0.628671 0.031025 -0.336418 -6.03753 -819.421 0 
2 827.036 0.317147 0.0224845 0.665342 0.675308 0.0600818 -2.84572 -4.81953 -819.371 0 
18 827.753 0.307453 0.0225257 0.673251 0.668726 0.103249 -3.93057 -4.47388 -819.349 0 
5 826.901 0.30863 0.0226331 0.674692 0.626453 0.148563 -2.85563 -4.43337 -819.612 0 
15 826.16 0.31731 0.0226 0.667141 0.616671 0.148812 -1.89041 -4.80894 -819.461 0 
22 826.014 0.316029 0.0226118 0.669613 0.612206 0.160748 -1.60625 -4.92951 -819.478 0 
18 825.658 0.3107 0.0225978 0.672417 0.675167 0.183119 -1.80077 -4.50548 -819.352 0 
7 825.342 0.316815 0.0225218 0.66825 0.660981 0.160588 -0.75629 -5.21641 -819.369 0 
4 825.81 0.318147 0.0226126 0.665899 0.7124 0.19122 -1.49506 -4.90177 -819.413 0 
67 825.704 0.323244 0.0224878 0.661059 0.71565 0.162208 -0.637127 -5.44823 -819.619 0 
21 826.952 0.318487 0.0226376 0.663195 0.764623 0.126729 -2.47969 -4.7876 -819.685 0 
89 827.525 0.317886 0.0226084 0.664324 0.803432 0.16311 -2.18993 -5.05712 -820.278 0 
81 828.041 0.316732 0.0225969 0.663848 0.803892 0.133455 -2.9571 -4.97221 -820.112 0 
19 827.157 0.323675 0.0225633 0.659659 0.785038 0.149731 -1.30015 -5.44561 -820.411 0 
70 828.165 0.326489 0.0225923 0.657772 0.801267 0.126258 -1.24729 -5.89026 -821.028 0 
29 829.389 0.32753 0.0225985 0.657693 0.796092 0.173637 -1.92053 -6.45334 -821.015 0 
23 828.125 0.323696 0.0225838 0.6604 0.815167 0.179233 -1.29306 -5.81783 -821.014 0 
66 828.298 0.316193 0.022672 0.664899 0.807033 0.118428 -3.0724 -4.98841 -820.237 0 
58 827.502 0.319424 0.0226841 0.662331 0.772398 0.0910276 -2.83317 -4.84392 -819.825 0 
18 829.097 0.3136 0.0228109 0.669431 0.7476 0.0936176 -4.81399 -4.71209 -819.571 0 
77 825.985 0.323205 0.0225816 0.661796 0.689011 0.0875508 -1.09118 -5.37102 -819.523 0 
4 827.037 0.314477 0.0226953 0.668885 0.708324 0.0926722 -2.9379 -4.68846 -819.411 0 
137 826.122 0.318758 0.0224993 0.663327 0.715045 0.113361 -1.98984 -4.70807 -819.425 0 
59 825.311 0.321142 0.0224789 0.663057 0.678379 0.136382 -0.6428 -5.25001 -819.418 0 
37 825.783 0.311713 0.0225133 0.672313 0.696793 0.167176 -1.53637 -4.86672 -819.38 0 
45 825.832 0.315375 0.0226327 0.669048 0.663035 0.138082 -1.76565 -4.72602 -819.34 0 
71 825.239 0.310942 0.0225075 0.674786 0.604773 0.174034 -0.583907 -5.1578 -819.497 0 
17 825.462 0.317169 0.0225024 0.668132 0.628568 0.120164 -0.638567 -5.44605 -819.378 0 
81 825.552 0.320983 0.0225152 0.664021 0.676982 0.139046 -0.735411 -5.38472 -819.432 0 
30 825.459 0.313954 0.0224762 0.668868 0.695053 0.209629 -1.4464 -4.67588 -819.337 0 
20 826.042 0.312914 0.0224351 0.670285 0.667784 0.244533 -2.00057 -4.61659 -819.425 0 
69 825.523 0.309552 0.0224734 0.673641 0.659514 0.264041 -1.4549 -4.52424 -819.544 0 
2 827.938 0.311206 0.0226767 0.67058 0.694129 0.205579 -4.13014 -4.45781 -819.35 0 
3 827.172 0.309275 0.0226064 0.672874 0.680329 0.232035 -3.3221 -4.42618 -819.424 0 
5 826.863 0.311877 0.0225905 0.675277 0.635529 0.290371 -1.94119 -5.34093 -819.581 0 
2 829.942 0.310339 0.0225094 0.675925 0.604273 0.292506 -5.12828 -4.82402 -819.989 0 
9 828.504 0.304519 0.0225393 0.679973 0.606766 0.308632 -3.65834 -4.66296 -820.183 0 
21 828.956 0.3083 0.0224477 0.674456 0.615837 0.255527 -4.56027 -4.56678 -819.829 0 
9 826.014 0.310947 0.022559 0.671627 0.641425 0.218098 -1.94487 -4.41817 -819.651 0 
12 827.375 0.313636 0.0226917 0.671847 0.651435 0.233192 -3.24679 -4.65279 -819.475 0 
5 826.172 0.3179 0.022514 0.667347 0.648234 0.241665 -1.31793 -5.44096 -819.414 0 
12 826.958 0.304792 0.0225411 0.677066 0.676903 0.248598 -2.9 -4.48865 -819.57 0 
41 826.658 0.320056 0.0225441 0.667173 0.647362 0.235994 -1.17226 -6.07529 -819.41 0 
1 826.94 0.324501 0.0224476 0.661941 0.690498 0.25839 -0.630784 -6.78604 -819.523 0 
24 826.587 0.322676 0.0223299 0.661197 0.696441 0.266354 -1.89398 -5.31116 -819.382 0 
23 827.299 0.315793 0.0223445 0.665636 0.721556 0.287922 -3.36718 -4.59085 -819.341 0 
14 826.278 0.313246 0.0225974 0.668745 0.743519 0.308237 -2.44387 -4.50259 -819.331 0 
72 826.685 0.315144 0.022654 0.670225 0.720239 0.326108 -2.25703 -5.05326 -819.374 0 
18 826.581 0.306195 0.0225522 0.676775 0.716087 0.346134 -2.61217 -4.47292 -819.496 0 
18 827.224 0.307824 0.0223981 0.675008 0.690915 0.361168 -2.98967 -4.46514 -819.769 0 
13 827.265 0.304361 0.0225522 0.678091 0.696861 0.325452 -3.08303 -4.46859 -819.713 0 
23 827.408 0.309859 0.0226541 0.674518 0.668477 0.255004 -3.41815 -4.4798 -819.511 0 
6 827.902 0.314744 0.0224952 0.667712 0.715419 0.212348 -3.68085 -4.82907 -819.392 0 
8 826.893 0.322702 0.0225331 0.664414 0.649522 0.24979 -1.03463 -6.4364 -819.422 0 
25 825.846 0.317515 0.0225299 0.667494 0.657558 0.224853 -1.17276 -5.29023 -819.383 0 
62 825.712 0.314967 0.0223831 0.670051 0.671401 0.259886 -0.600132 -5.71679 -819.395 0 
1 825.742 0.312702 0.0224224 0.669881 0.684082 0.259747 -1.74266 -4.6094 -819.39 0 
1 831.244 0.307628 0.0225325 0.675745 0.672873 0.275833 -7.06905 -4.73318 -819.442 0 
35 827.846 0.315665 0.0225077 0.667567 0.605171 0.183241 -3.53418 -4.70094 -819.611 0 
8 825.668 0.31935 0.0225249 0.666818 0.614457 0.241785 -0.601013 -5.53039 -819.536 0 
2 827.447 0.317617 0.0223937 0.666153 0.636523 0.24316 -2.73708 -5.24445 -819.465 0 
3 827.003 0.32058 0.0223485 0.666159 0.643429 0.280429 -1.09111 -6.46433 -819.447 0 
89 825.742 0.311087 0.022499 0.674683 0.584771 0.265608 -0.785944 -4.97756 -819.979 0 
27 825.719 0.308245 0.0225233 0.675107 0.631728 0.252729 -1.50165 -4.47378 -819.744 0 
52 826.051 0.318798 0.0224594 0.668203 0.596241 0.267143 -0.229272 -6.19443 -819.627 0 
36 827.027 0.319929 0.0223713 0.667551 0.590805 0.251937 -0.774847 -6.6867 -819.566 0 
39 828.081 0.322236 0.0222529 0.664952 0.57368 0.271581 -0.694847 -7.76134 -819.625 0 
11 828.497 0.316664 0.0224709 0.667351 0.575644 0.199372 -3.69322 -5.0249 -819.779 0 
47 826.338 0.321358 0.0223487 0.665288 0.557034 0.222356 -0.314999 -6.30423 -819.719 0 
12 825.552 0.313444 0.0225379 0.672015 0.583411 0.230408 -0.785396 -4.90729 -819.859 0 
1 829.014 0.312637 0.0224143 0.671605 0.593518 0.262978 -3.99055 -5.20651 -819.817 0 
12 827.557 0.322883 0.0224417 0.665682 0.521986 0.246825 -0.441233 -7.1753 -819.941 0 
61 827.814 0.320244 0.022317 0.667505 0.526919 0.238442 -0.996816 -6.9181 -819.899 0 
5 828.51 0.312235 0.0222445 0.670803 0.577089 0.280152 -3.50993 -4.72637 -820.273 0 
20 828.818 0.306726 0.0222433 0.676453 0.597603 0.350685 -3.48029 -4.77257 -820.566 0 
30 826.461 0.310629 0.0222992 0.674133 0.59137 0.283721 -1.28052 -5.28193 -819.899 0 
5 825.949 0.30731 0.0225151 0.676996 0.583253 0.278962 -1.03871 -4.52387 -820.386 0 
29 826.146 0.302225 0.0225038 0.682225 0.613714 0.305 -1.42839 -4.4668 -820.251 0 
137 825.705 0.307034 0.0224696 0.67923 0.616862 0.354089 -0.365479 -5.23235 -820.107 0 
4 826.667 0.306081 0.0225573 0.679839 0.609319 0.335207 -1.53779 -4.94915 -820.18 0 
5 830.59 0.316125 0.0225166 0.673141 0.577235 0.352909 -2.91258 -7.71285 -819.964 0 
20 829.578 0.318428 0.0225883 0.671211 0.560797 0.303106 -2.75322 -6.89106 -819.934 0 
27 830.97 0.318019 0.0226759 0.671636 0.543333 0.317544 -4.29036 -6.3685 -820.311 0 
2 829.867 0.316102 0.02232 0.672676 0.513886 0.347346 -2.09297 -7.0857 -820.688 0 
45 827.987 0.311923 0.0223728 0.676248 0.536657 0.376228 -0.277268 -6.94675 -820.763 0 
3 827.083 0.307714 0.022543 0.679151 0.54747 0.351351 -0.821972 -5.19382 -821.067 0 
9 827.652 0.316773 0.0224372 0.671002 0.519145 0.345607 -0.345325 -6.48041 -820.827 0 
21 828.527 0.310064 0.0224951 0.678387 0.490954 0.345283 -1.18293 -5.86604 -821.478 0 
31 828.822 0.314757 0.0223323 0.669968 0.528494 0.311652 -2.55613 -5.47686 -820.789 0 
62 828.293 0.319161 0.0222625 0.665323 0.580879 0.293479 -2.56042 -5.81745 -819.915 0 
15 828.642 0.321431 0.0222571 0.665603 0.62193 0.329094 -2.19675 -6.83197 -819.613 0 
9 828.393 0.323873 0.0224525 0.664321 0.636404 0.301753 -1.16113 -7.75094 -819.48 0 
4 831.833 0.329558 0.0224898 0.661325 0.573441 0.250788 -3.49933 -8.78693 -819.547 0 
9 831.046 0.331011 0.0223499 0.65774 0.610381 0.253707 -2.12198 -9.40439 -819.519 0 
21 828.425 0.317547 0.0221919 0.6694 0.616398 0.328883 -1.11475 -7.72563 -819.585 0 
2 827.768 0.314203 0.0223652 0.671744 0.582461 0.288916 -1.79575 -6.1561 -819.816 0 
2 827.411 0.31209 0.0222792 0.673154 0.619539 0.339863 -1.68273 -5.92489 -819.803 0 
33 826.521 0.313221 0.0224461 0.671752 0.644117 0.321703 -1.90765 -4.85637 -819.756 0 
14 825.996 0.30884 0.0224846 0.674192 0.629293 0.28085 -1.60631 -4.43231 -819.957 0 
7 826.746 0.307791 0.0223814 0.674916 0.646749 0.307781 -2.40459 -4.47068 -819.87 0 
8 825.762 0.311162 0.022405 0.673762 0.646975 0.265769 -0.920418 -5.38806 -819.454 0 
16 827.101 0.303705 0.0224508 0.678294 0.664512 0.266731 -3.00165 -4.42482 -819.674 0 
2 826.74 0.304827 0.0224017 0.677502 0.665641 0.299233 -2.61644 -4.43685 -819.687 0 
15 826.386 0.308885 0.022373 0.673983 0.661207 0.319151 -2.08686 -4.59509 -819.704 0 
2 827.414 0.320353 0.0223579 0.666353 0.658955 0.31782 -1.67515 -6.27416 -819.465 0 
17 827.102 0.318227 0.0223519 0.669601 0.685072 0.385771 -0.293122 -7.31248 -819.497 0 
14 826.089 0.317483 0.0225157 0.667897 0.703288 0.341779 -1.16416 -5.5124 -819.412 0 
42 825.794 0.313495 0.0225981 0.671101 0.707127 0.391171 -1.42926 -4.69685 -819.668 0 
1 826.268 0.314807 0.0224886 0.672435 0.700469 0.417167 -0.709441 -5.95568 -819.603 0 
5 826.238 0.316217 0.0223729 0.670786 0.686965 0.42551 -0.0325304 -6.53973 -819.666 0 
10 827.959 0.316113 0.0223797 0.670077 0.705963 0.439454 -1.84486 -6.49016 -819.624 0 
9 830.053 0.318226 0.0225005 0.672088 0.675004 0.464249 -2.28827 -7.9281 -819.837 0 
7 828.726 0.307099 0.0223892 0.673658 0.691247 0.390055 -4.00349 -4.44574 -820.277 0 
2 828.067 0.307184 0.0223807 0.676213 0.681781 0.371523 -3.67693 -4.50147 -819.889 0 
10 828.149 0.307228 0.0222627 0.677264 0.711936 0.448747 -3.23951 -5.01994 -819.889 0 
22 826.925 0.321928 0.0224068 0.665925 0.647873 0.36533 -0.39855 -6.92591 -819.6 0 
4 828.525 0.320042 0.0225184 0.669133 0.593354 0.316433 -1.37291 -7.4632 -819.689 0 
41 825.828 0.311254 0.0225104 0.671881 0.615455 0.264509 -1.38402 -4.44197 -820.002 0 
7 825.733 0.309849 0.0225043 0.6743 0.592115 0.259856 -1.05239 -4.61379 -820.066 0 
27 827.047 0.30586 0.0225902 0.676419 0.620556 0.267768 -2.33732 -4.4412 -820.268 0 
15 825.913 0.310461 0.0223466 0.674805 0.591948 0.28269 -0.701396 -5.33736 -819.874 0 
143 825.44 0.311819 0.022448 0.673473 0.619801 0.315755 -0.44678 -5.13761 -819.856 0 
31 827.872 0.307772 0.022452 0.673788 0.68232 0.316364 -3.8023 -4.40503 -819.664 0 
1 829.873 0.310442 0.0228043 0.674352 0.696029 0.336771 -5.79624 -4.48939 -819.587 0 
3 829.748 0.31285 0.0227166 0.673693 0.635512 0.332864 -4.82185 -5.08988 -819.837 0 
2 831.966 0.318269 0.0225545 0.671916 0.572656 0.355845 -3.72558 -8.29807 -819.942 0 
60 827.073 0.306537 0.0226092 0.679017 0.590787 0.368668 -1.39273 -4.59809 -821.082 0 
9 827.831 0.313856 0.022417 0.674825 0.551057 0.388999 -0.241318 -6.87196 -820.717 0 
2 828.089 0.313105 0.0224281 0.674074 0.597123 0.366604 -1.53327 -6.47218 -820.083 0 
14 828.952 0.32299 0.0223077 0.66641 0.571624 0.319172 -0.229572 -9.02088 -819.701 0 
8 828.978 0.321286 0.0224603 0.66751 0.573276 0.30911 -1.42176 -7.79959 -819.757 0 
1 828.468 0.314628 0.0226605 0.672091 0.57643 0.277491 -3.17721 -5.24517 -820.045 0 
10 828.165 0.316365 0.0225011 0.671987 0.58086 0.311083 -2.04606 -6.19724 -819.922 0 
4 827.177 0.304268 0.0225913 0.678821 0.600169 0.300307 -1.99036 -4.43342 -820.753 0 
58 826.695 0.310093 0.0224081 0.675422 0.572992 0.284657 -1.50726 -4.97439 -820.214 0 
32 827.744 0.312609 0.0223933 0.670911 0.609447 0.25809 -3.07266 -4.93423 -819.737 0 
26 826.134 0.315233 0.0223799 0.671774 0.598948 0.2967 -0.0356472 -6.41501 -819.684 0 
28 827.019 0.321784 0.0223588 0.666067 0.589741 0.303426 -0.00911788 -7.34078 -819.669 0 
4 826.739 0.313357 0.0223606 0.66875 0.657858 0.30815 -2.50059 -4.49978 -819.738 0 
1 825.811 0.314585 0.0223576 0.670122 0.676035 0.362708 -0.975809 -5.2217 -819.613 0 
19 826.191 0.318296 0.0224384 0.667523 0.703277 0.340603 -1.18009 -5.60053 -819.41 0 
11 829.289 0.307477 0.0223828 0.672576 0.707729 0.368149 -4.96708 -4.44135 -819.881 0 
23 827.97 0.323167 0.0225301 0.664469 0.671631 0.342637 -2.42153 -6.06498 -819.484 0 
55 825.403 0.31453 0.0225757 0.669928 0.691105 0.33356 -1.15231 -4.74051 -819.51 0 
4 828.769 0.313578 0.0226067 0.669632 0.676171 0.320385 -4.60463 -4.53843 -819.626 0 
20 827.832 0.315096 0.0225615 0.672594 0.674232 0.380845 -2.50542 -5.69037 -819.636 0 
7 828.298 0.310375 0.0227039 0.673933 0.649754 0.364316 -3.54522 -4.45053 -820.302 0 
50 827.325 0.301385 0.0226123 0.681334 0.727898 0.442553 -2.52233 -4.46049 -820.342 0 
25 827.317 0.30195 0.022658 0.683259 0.739477 0.509021 -2.2089 -4.4766 -820.631 0 
4 827.888 0.310145 0.0224774 0.675928 0.70833 0.534271 -1.60875 -5.42018 -820.859 0 
22 830.522 0.305984 0.0227378 0.681485 0.718517 0.557472 -4.16324 -4.71066 -821.648 0 
25 827.799 0.306893 0.022623 0.68056 0.742707 0.558925 -1.80739 -5.22591 -820.766 0 
17 826.284 0.312347 0.0225495 0.67371 0.739477 0.509582 -0.970508 -5.18922 -820.124 0 
29 825.948 0.316367 0.0223671 0.66877 0.778016 0.522226 -0.795579 -5.39418 -819.758 0 
32 825.533 0.314715 0.0224693 0.671136 0.693239 0.431911 -0.335099 -5.33834 -819.86 0 
11 825.816 0.318776 0.0224964 0.667768 0.721877 0.41057 -0.413302 -5.92329 -819.479 0 
26 826.789 0.315479 0.0224477 0.66994 0.757263 0.425525 -1.4668 -5.89536 -819.426 0 
2 826.117 0.309692 0.0225055 0.672315 0.786136 0.424437 -2.20615 -4.47861 -819.433 0 
30 826.469 0.318795 0.0224838 0.667244 0.781771 0.434461 -0.806221 -6.20641 -819.456 0 
13 825.712 0.323262 0.0224578 0.66207 0.725668 0.351188 -0.800589 -5.51472 -819.397 0 
9 827.162 0.315856 0.0224724 0.667142 0.752974 0.376374 -3.18069 -4.58921 -819.392 0 
2 829.421 0.316092 0.0222955 0.667902 0.770076 0.420392 -4.87032 -5.15227 -819.398 0 
1 827.231 0.323565 0.0223481 0.663424 0.774607 0.428469 -0.0511104 -7.5951 -819.584 0 
3 829.618 0.324783 0.0225118 0.66434 0.709593 0.394797 -2.80735 -7.33663 -819.474 0 
7 827.669 0.307801 0.022422 0.673365 0.737232 0.359909 -3.77623 -4.43793 -819.455 0 
1 826.561 0.314652 0.0225641 0.669614 0.662315 0.293681 -2.20929 -4.82453 -819.527 0 
16 826.74 0.310993 0.0224179 0.670904 0.646143 0.291234 -2.47586 -4.42564 -819.838 0 
30 825.989 0.316488 0.0224627 0.668636 0.660836 0.325177 -1.03487 -5.41618 -819.538 0 
2 826.403 0.313934 0.0225375 0.67115 0.591516 0.291641 -1.38145 -4.93757 -820.084 0 
11 827.389 0.310768 0.0225606 0.675016 0.649424 0.297193 -2.97029 -4.78629 -819.632 0 
2 826.801 0.309142 0.0225913 0.67822 0.618597 0.318069 -1.6887 -5.26939 -819.843 0 
19 827.291 0.303131 0.0226713 0.681128 0.59915 0.282633 -2.33928 -4.41248 -820.54 0 
9 828.148 0.300299 0.022623 0.681674 0.638089 0.261667 -3.46547 -4.53911 -820.144 0 
1 829.03 0.297561 0.0226195 0.683774 0.635018 0.254433 -3.80563 -4.85617 -820.369 0 
15 828.713 0.303074 0.0226226 0.679875 0.618374 0.234534 -3.97979 -4.54098 -820.192 0 
9 827.685 0.303644 0.0225969 0.6782 0.613624 0.244639 -2.756 -4.56005 -820.368 0 
6 827.325 0.308644 0.0224605 0.677333 0.573343 0.249527 -2.37861 -4.91202 -820.034 0 
19 827.724 0.303248 0.0225193 0.679318 0.549823 0.241526 -2.16501 -4.46159 -821.098 0 
13 828.469 0.306125 0.022688 0.679974 0.536766 0.289299 -2.72187 -4.53761 -821.209 0 
98 827.615 0.300532 0.0226409 0.6863 0.574522 0.355767 -1.83088 -4.70285 -821.081 0 
3 827.265 0.308633 0.0224859 0.6772 0.559835 0.309471 -1.77275 -4.78792 -820.704 0 
1 827.318 0.306079 0.0225737 0.679289 0.560651 0.310104 -1.8069 -4.71435 -820.797 0 
74 826.154 0.307431 0.022588 0.678676 0.613069 0.332921 -1.15464 -4.82195 -820.177 0 
1 828.041 0.30394 0.0224332 0.679069 0.632351 0.346878 -3.2381 -4.48494 -820.318 0 
86 826.128 0.30286 0.0225249 0.680813 0.657121 0.35445 -1.53939 -4.41909 -820.169 0 
35 827.693 0.302926 0.022503 0.680057 0.647915 0.337003 -2.93274 -4.42737 -820.333 0 
25 826.876 0.304487 0.0224489 0.678611 0.640861 0.358729 -1.99781 -4.41973 -820.459 0 
4 826.687 0.314325 0.022274 0.67052 0.613052 0.318673 -1.34451 -5.51969 -819.823 0 
6 826.583 0.310122 0.0223321 0.674433 0.60431 0.322621 -1.50688 -4.95574 -820.121 0 
30 826.958 0.309911 0.0225113 0.677593 0.567359 0.349232 -0.705267 -5.77798 -820.475 0 
8 828.511 0.306168 0.0225282 0.682116 0.508621 0.341152 -1.68336 -5.43979 -821.388 0 
15 828.36 0.319567 0.022366 0.668308 0.499629 0.281069 -0.733208 -7.32003 -820.306 0 
2 827.523 0.319343 0.0224817 0.668827 0.507924 0.246014 -0.966802 -6.32186 -820.235 0 
10 826.655 0.310387 0.0224067 0.675159 0.486201 0.262529 -0.390285 -5.12495 -821.14 0 
206 826.921 0.308943 0.0224303 0.675496 0.517405 0.278786 -1.03852 -4.76597 -821.117 0 
27 827.263 0.30821 0.0223815 0.675247 0.537457 0.283142 -1.62679 -4.56287 -821.074 0 
16 829.635 0.306144 0.0224724 0.678073 0.534105 0.284257 -3.94052 -4.74639 -820.948 0 
61 827.902 0.312359 0.0225308 0.675535 0.476523 0.245596 -1.45889 -5.5842 -820.859 0 
108 827.092 0.313604 0.0225638 0.673436 0.479098 0.212828 -1.01239 -5.33971 -820.74 0 
20 827.252 0.311421 0.0225119 0.675107 0.507052 0.229278 -1.58495 -5.02321 -820.644 0 
3 827.401 0.307007 0.0226936 0.678228 0.556048 0.221181 -2.46868 -4.46616 -820.466 0 
6 827.681 0.310314 0.0226152 0.677034 0.572085 0.243268 -2.29058 -5.56227 -819.828 0 
18 826.583 0.310305 0.022605 0.676076 0.549217 0.238963 -1.38231 -4.96982 -820.231 0 
7 827.568 0.301991 0.0226756 0.681746 0.572628 0.217613 -2.54423 -4.43668 -820.587 0 
26 828.266 0.303194 0.0225345 0.679925 0.550242 0.192903 -3.34784 -4.41329 -820.505 0 
6 826.852 0.303715 0.022489 0.680217 0.562153 0.228528 -1.9196 -4.43161 -820.501 0 
34 826.805 0.312066 0.0224503 0.675088 0.52672 0.217198 -1.09863 -5.60551 -820.1 0 
2 826.886 0.309756 0.0226077 0.676647 0.561636 0.217316 -2.01075 -4.81993 -820.055 0 
123 825.973 0.302232 0.0225896 0.682829 0.588616 0.232729 -1.40677 -4.4815 -820.085 0 
75 826.363 0.303742 0.0224903 0.682462 0.534472 0.279699 -0.67999 -5.00709 -820.676 0 
26 827.3 0.310789 0.0224145 0.676178 0.520597 0.263646 -1.34239 -5.49395 -820.464 0 
7 829.415 0.304697 0.0225043 0.679754 0.558217 0.312832 -3.82478 -4.70358 -820.887 0 
4 829.544 0.310017 0.0225948 0.678088 0.525252 0.314771 -2.93006 -5.95006 -820.664 0 
14 831.319 0.300165 0.0225655 0.685355 0.551498 0.352724 -5.12239 -4.7621 -821.435 0 
20 830.393 0.294906 0.0225927 0.691045 0.473148 0.372069 -1.73618 -4.70743 -823.95 0 
6 830.316 0.29624 0.0224999 0.688661 0.4964 0.386445 -1.66572 -4.68583 -823.965 0 
6 829.969 0.299489 0.022504 0.685018 0.448845 0.329135 -1.40594 -4.67966 -823.883 0 
5 829.704 0.307848 0.0223748 0.67579 0.496972 0.30841 -3.09478 -4.77401 -821.835 0 
31 829.078 0.303039 0.0223623 0.683474 0.483727 0.372429 -1.38263 -5.11036 -822.585 0 
30 830.534 0.300529 0.0226026 0.684689 0.487541 0.359676 -2.23595 -4.65105 -823.647 0 
3 831.429 0.296707 0.0223976 0.688241 0.519418 0.443126 -2.64463 -4.83483 -823.949 0 
9 831.862 0.307255 0.022482 0.678173 0.530782 0.398591 -4.56187 -5.17622 -822.124 0 
9 827.6 0.31168 0.0224678 0.676082 0.544282 0.404078 -0.303146 -5.90782 -821.39 0 
11 829.154 0.313432 0.0225086 0.675088 0.569357 0.398696 -1.77558 -6.73798 -820.64 0 
85 827.293 0.309658 0.0224098 0.674289 0.58047 0.376287 -1.35322 -4.71202 -821.228 0 
34 827.9 0.31856 0.0223614 0.669647 0.596885 0.453431 -0.0376206 -7.06859 -820.793 0 
3 828.365 0.314816 0.0225075 0.672988 0.630162 0.463454 -1.79248 -5.65332 -820.919 0 
9 827.231 0.310523 0.0223774 0.677108 0.623319 0.461541 -0.0864206 -6.42302 -820.721 0 
9 827.754 0.312596 0.022401 0.672154 0.635133 0.396248 -2.24032 -5.27113 -820.242 0 
17 826.354 0.315948 0.0223057 0.670061 0.65083 0.365558 -0.465013 -6.2419 -819.647 0 
6 826.315 0.311391 0.0224754 0.673164 0.659695 0.33287 -1.65601 -5.01393 -819.646 0 
15 827.554 0.322423 0.0223233 0.665525 0.652861 0.312784 -0.228652 -7.84925 -819.476 0 
66 826.868 0.324045 0.0222755 0.662051 0.624915 0.247701 -0.784297 -6.63553 -819.448 0 
3 827.046 0.32407 0.0223608 0.663196 0.664882 0.254731 -0.268155 -7.28443 -819.493 0 
8 827.495 0.316228 0.0222896 0.667247 0.657276 0.227746 -3.07332 -5.03218 -819.389 0 
2 826.115 0.312554 0.0225024 0.668966 0.68583 0.218343 -2.27914 -4.46157 -819.374 0 
52 825.88 0.308513 0.0225831 0.674334 0.69106 0.23424 -2.02839 -4.47741 -819.374 0 
21 827.026 0.305189 0.0227265 0.679021 0.661404 0.223434 -3.09252 -4.4329 -819.5 0 
2 825.296 0.312246 0.0225681 0.672352 0.655905 0.216895 -1.13313 -4.75763 -819.405 0 
5 825.451 0.315506 0.0224762 0.669598 0.639551 0.23757 -0.683271 -5.32946 -819.439 0 
8 825.84 0.31933 0.0223333 0.665045 0.664387 0.275306 -0.918681 -5.51081 -819.41 0 
5 827.761 0.321895 0.0222279 0.664447 0.673546 0.322145 -0.862823 -7.43329 -819.465 0 
23 827.446 0.325306 0.022303 0.660241 0.721119 0.268504 -0.651255 -7.06295 -819.732 0 
33 827.471 0.320254 0.0222678 0.663058 0.737307 0.280547 -2.19139 -5.71957 -819.56 0 
4 827.442 0.318855 0.0223917 0.666223 0.68379 0.266788 -2.68607 -5.37397 -819.382 0 
8 828.013 0.319534 0.0225362 0.665832 0.66092 0.199055 -3.63602 -5.01134 -819.366 0 
14 827.807 0.30466 0.022635 0.676693 0.695928 0.185895 -3.71634 -4.71151 -819.379 0 
3 828.098 0.305013 0.0225988 0.675443 0.67315 0.156503 -3.80856 -4.79508 -819.494 0 
13 825.72 0.310039 0.0225644 0.672482 0.654552 0.148996 -1.86355 -4.45506 -819.401 0 
21 826.37 0.30651 0.0225492 0.676833 0.616479 0.162806 -2.30297 -4.47919 -819.587 0 
22 826.734 0.314837 0.0226417 0.671054 0.616277 0.113256 -2.41047 -4.90707 -819.417 0 
9 827.499 0.308584 0.0227117 0.675358 0.613492 0.126092 -3.40202 -4.4253 -819.672 0 
8 826.468 0.307812 0.0225493 0.674763 0.610077 0.125573 -2.42971 -4.41001 -819.628 0 
4 825.343 0.315775 0.0225164 0.668345 0.589504 0.106839 -1.01022 -4.77944 -819.553 0 
15 828.186 0.320948 0.0223742 0.668157 0.55549 0.163158 -0.348945 -8.33105 -819.506 0 
32 826 0.31371 0.0224106 0.671223 0.483154 0.0664351 -0.714549 -4.9401 -820.345 0 
11 827.373 0.300253 0.0226163 0.684721 0.492771 0.11927 -2.02117 -4.46115 -820.891 0 
56 827.748 0.301794 0.0224904 0.68274 0.440264 0.0758945 -1.71855 -4.48981 -821.54 0 
31 827.382 0.299902 0.0225211 0.684833 0.436936 0.0515387 -1.4221 -4.52025 -821.439 0 
26 828.731 0.297611 0.0226571 0.68682 0.443793 0.0276212 -2.33558 -4.53128 -821.864 0 
8 828.107 0.312707 0.0226239 0.675406 0.452478 0.0723158 -2.11702 -5.58829 -820.402 0 
9 828.545 0.314212 0.0225542 0.672699 0.499298 0.0737265 -2.78739 -5.85373 -819.904 0 
16 826.369 0.313003 0.0224771 0.672986 0.466476 0.0705216 -0.672158 -5.34344 -820.354 0 
27 826.37 0.304661 0.0225536 0.681266 0.482695 0.0856042 -1.10857 -4.67505 -820.587 0 
16 828.196 0.314874 0.0225653 0.67397 0.458736 0.0555526 -1.79399 -6.30104 -820.1 0 
12 827.766 0.305719 0.0226492 0.678215 0.481756 0.0387531 -2.18017 -4.44927 -821.137 0 
9 831.753 0.303289 0.0226863 0.681523 0.453274 0.0644846 -5.42233 -4.54488 -821.786 0 
43 829.827 0.31697 0.0225865 0.671893 0.434223 0.0312463 -2.87331 -6.75314 -820.2 0 
73 826.885 0.317072 0.0224078 0.668975 0.454881 0.0383427 -0.80334 -5.82584 -820.255 0 
11 827.255 0.319707 0.0224335 0.667865 0.4558 0.0121608 -1.00614 -6.11758 -820.131 0 
26 827.175 0.306285 0.0226173 0.679027 0.464297 0.0248836 -1.74293 -4.58752 -820.844 0 
26 829.93 0.316352 0.0226254 0.672156 0.467219 0.0374035 -3.524 -6.39856 -820.007 0 
15 828.813 0.314819 0.0222448 0.670572 0.452104 0.0673548 -2.93075 -5.46477 -820.418 0 
67 828.083 0.304652 0.0224659 0.678008 0.468133 0.028709 -2.27584 -4.46612 -821.341 0 
36 828.674 0.311318 0.0222749 0.672772 0.463764 0.0307129 -3.03421 -5.28097 -820.359 0 
33 826.433 0.311628 0.0223456 0.673937 0.492793 0.0794229 -1.03022 -5.30066 -820.102 0 
9 827.655 0.309253 0.0223445 0.675468 0.431641 0.0606602 -1.78519 -4.82166 -821.048 0 
4 831.458 0.305226 0.0222742 0.679327 0.429848 0.0763809 -5.53463 -4.68483 -821.238 0 
2 831.384 0.317364 0.0222891 0.672994 0.37978 0.120934 -2.24509 -8.77646 -820.362 0 
19 830.396 0.31642 0.0223436 0.672174 0.316636 0.0543193 -1.49534 -7.90915 -820.991 0 
5 831.143 0.317518 0.0223927 0.673489 0.294285 0.0980086 -1.00817 -9.21599 -820.919 0 
4 830.494 0.306015 0.0223446 0.681384 0.284247 0.113676 -2.01412 -6.39722 -822.082 0 
5 832.066 0.315928 0.0221654 0.670825 0.317782 0.141169 -3.18271 -7.51342 -821.37 0 
10 832.597 0.316579 0.022101 0.670256 0.328078 0.126966 -3.56592 -7.97174 -821.059 0 
20 832.188 0.322988 0.0221419 0.66655 0.345506 0.13993 -1.34137 -10.4128 -820.434 0 
21 832.057 0.315896 0.0223143 0.672678 0.358826 0.156736 -4.19207 -6.60487 -821.26 0 
13 828.155 0.314144 0.0222819 0.673236 0.350363 0.104829 -0.277224 -6.74533 -821.132 0 
8 829.107 0.311139 0.0223167 0.675491 0.355237 0.125895 -1.44773 -6.28914 -821.37 0 
1 828.802 0.312058 0.022349 0.676914 0.363929 0.142712 -0.758845 -7.02649 -821.016 0 
11 830.107 0.315978 0.0224305 0.673797 0.315861 0.109608 -1.01663 -7.9955 -821.094 0 
2 829.935 0.317861 0.0224916 0.67118 0.30622 0.102015 -1.38262 -7.09064 -821.462 0 
31 830.454 0.315198 0.022537 0.673055 0.318036 0.100564 -2.41352 -6.39679 -821.644 0 
30 830.517 0.317824 0.022367 0.670524 0.333088 0.132082 -1.74613 -7.63427 -821.137 0 
33 829.179 0.314613 0.0224238 0.673267 0.313846 0.134387 -0.859833 -6.58132 -821.738 0 
43 828.96 0.309987 0.0222618 0.677292 0.328527 0.189904 -0.523508 -6.52221 -821.915 0 
14 830.446 0.314522 0.0223205 0.674657 0.311743 0.12357 -1.84978 -7.20128 -821.395 0 
11 829.233 0.302458 0.0223077 0.683139 0.322719 0.170083 -1.23602 -5.09794 -822.899 0 
41 828.97 0.309219 0.0223033 0.676103 0.307028 0.0861038 -1.29122 -5.15678 -822.522 0 
60 829.145 0.312963 0.0222491 0.674103 0.312149 0.159158 -0.82221 -6.36018 -821.963 0 
79 829.418 0.311514 0.0222606 0.674291 0.326909 0.21594 -1.04221 -5.73994 -822.636 0 
4 833.24 0.308078 0.0220998 0.678942 0.319624 0.285468 -3.32567 -7.33223 -822.582 0 
6 831.022 0.306673 0.0222281 0.680086 0.342945 0.250194 -2.56986 -5.73798 -822.714 0 
30 829.627 0.30862 0.022277 0.676669 0.344551 0.233136 -1.39139 -5.25038 -822.985 0 
28 832.741 0.315218 0.0225332 0.676411 0.301791 0.170426 -2.92009 -8.49627 -821.325 0 
9 831.118 0.298287 0.0225481 0.686611 0.322629 0.159554 -2.52398 -4.71833 -823.876 0 
12 832.091 0.301043 0.0225088 0.683766 0.370873 0.186084 -3.85695 -4.64531 -823.589 0 
10 830.821 0.308022 0.0223974 0.682239 0.342821 0.244298 -1.80733 -7.16071 -821.853 0 
4 829.759 0.301604 0.0226164 0.68372 0.363157 0.150411 -1.84038 -4.62134 -823.297 0 
16 828.541 0.310961 0.0225111 0.676621 0.326984 0.112287 -1.00082 -5.421 -822.12 0 
3 833.012 0.314973 0.0225403 0.674329 0.30952 0.0907506 -4.34429 -7.3362 -821.332 0 
25 833.859 0.315801 0.0225971 0.67591 0.285585 0.136878 -4.51182 -7.85748 -821.49 0 
5 828.629 0.304558 0.0225763 0.682946 0.351336 0.162509 -1.13128 -5.07542 -822.423 0 
50 828.401 0.304572 0.0224294 0.683265 0.325149 0.159732 -0.390309 -5.8944 -822.116 0 
47 828.731 0.306066 0.0224575 0.678432 0.359181 0.0859511 -1.60755 -4.74661 -822.377 0 
16 829.035 0.302709 0.0225551 0.682788 0.381964 0.0930931 -2.04126 -4.57116 -822.423 0 
9 828.394 0.309902 0.0225373 0.677241 0.400003 0.0942602 -1.97698 -5.06186 -821.356 0 
10 827.901 0.316298 0.0223949 0.672572 0.424041 0.130918 -0.328181 -7.2369 -820.336 0 
30 826.925 0.311906 0.022427 0.674474 0.428353 0.114018 -0.537166 -5.62689 -820.761 0 
24 827.855 0.308202 0.0222829 0.674943 0.519301 0.1676 -2.78476 -4.65594 -820.415 0 
4 826.883 0.313588 0.0223612 0.673468 0.467073 0.138796 -0.622807 -5.99185 -820.268 0 
3 826.611 0.314453 0.0224879 0.672331 0.436514 0.0877588 -0.524917 -5.41005 -820.676 0 
29 827.276 0.317666 0.0223506 0.67044 0.451327 0.106425 -0.0155578 -7.2067 -820.054 0 
2 830.246 0.315085 0.0223325 0.672514 0.458255 0.120171 -3.89347 -6.09824 -820.254 0 
12 831.385 0.302788 0.0223941 0.67863 0.478549 0.0501107 -5.77033 -4.44141 -821.174 0 
2 830.693 0.298398 0.0224173 0.682088 0.544957 0.0909413 -5.2963 -4.65906 -820.738 0 
9 828.895 0.298142 0.0224907 0.685333 0.495525 0.109232 -3.54458 -4.43331 -820.917 0 
6 827.895 0.300938 0.0224305 0.682376 0.521085 0.133326 -2.77093 -4.41976 -820.704 0 
31 827.091 0.315421 0.0225092 0.672676 0.490629 0.0750118 -1.04007 -6.1568 -819.894 0 
3 826.642 0.312535 0.0226395 0.673983 0.544002 0.068834 -1.87285 -5.01354 -819.756 0 
20 826.363 0.316798 0.0225232 0.67018 0.497816 0.026513 -0.709297 -5.76961 -819.884 0 
2 829.999 0.306443 0.0224048 0.678129 0.497934 0.0500772 -4.76262 -5.13628 -820.101 0 
54 826.655 0.302542 0.0226056 0.683852 0.48338 0.080093 -1.39605 -4.7298 -820.529 0 
38 826.836 0.304556 0.0225039 0.679619 0.463836 0.036911 -1.34674 -4.5179 -820.971 0 
21 827.53 0.305135 0.0226816 0.681083 0.486608 0.072555 -2.33293 -4.5924 -820.604 0 
10 826.156 0.304996 0.022513 0.680538 0.497068 0.0858574 -1.07659 -4.65982 -820.42 0 
1 826.42 0.307845 0.0225193 0.679618 0.474902 0.0936457 -0.609577 -5.5955 -820.215 0 
15 826.867 0.303897 0.0224727 0.682044 0.431744 0.0549054 -0.941138 -4.99686 -820.929 0 
47 827.198 0.315398 0.0223731 0.672615 0.413161 0.0495097 -0.0253035 -6.79963 -820.374 0 
21 830.184 0.31226 0.022293 0.673746 0.415766 0.0300411 -3.31817 -6.40165 -820.464 0 
54 827.823 0.316069 0.0223833 0.670526 0.441593 0.0174155 -1.26887 -6.32745 -820.227 0 
17 827.345 0.312691 0.0224161 0.674298 0.442263 0.0146636 -0.883455 -6.21133 -820.25 0 
13 826.661 0.311104 0.0224511 0.674506 0.452906 0.00817846 -0.933957 -5.2394 -820.488 0 
100 827.093 0.317845 0.0223712 0.669712 0.40562 0.00957206 -0.119126 -6.47219 -820.502 0 
5 826.769 0.313806 0.0224259 0.671264 0.458968 0.0221253 -1.12619 -5.19707 -820.446 0 
18 829.294 0.321199 0.0224131 0.668734 0.432663 0.0609642 -1.14268 -8.18233 -819.969 0 
3 831.298 0.317784 0.0226712 0.670972 0.417557 0.0357976 -4.55064 -6.25065 -820.497 0 
39 833.26 0.314314 0.0225193 0.672909 0.430951 0.0624974 -6.46558 -6.43308 -820.361 0 
4 831.411 0.310442 0.0224501 0.677783 0.429062 0.134325 -5.0208 -5.60094 -820.79 0 
9 829.275 0.309457 0.0226445 0.67974 0.474603 0.145188 -3.17688 -5.81878 -820.279 0 
83 826.771 0.310148 0.022623 0.676639 0.504516 0.0715369 -1.63814 -5.03698 -820.096 0 
3 829.31 0.309546 0.0227593 0.677639 0.542138 0.0968144 -4.64922 -4.7395 -819.921 0 
7 826.048 0.306966 0.0225688 0.678389 0.605947 0.124024 -1.8537 -4.68412 -819.51 0 
9 827.05 0.304872 0.0225463 0.678366 0.645628 0.147821 -3.13409 -4.45778 -819.459 0 
41 826.828 0.314473 0.0224608 0.667407 0.654926 0.0792536 -2.91302 -4.58222 -819.332 0 
84 826.514 0.319786 0.0223194 0.664674 0.644293 0.158175 -1.20993 -5.90047 -819.404 0 
11 830.275 0.320639 0.0224705 0.666169 0.641892 0.146538 -3.50572 -7.24399 -819.525 0 
39 828.396 0.318469 0.0222887 0.662448 0.668499 0.105451 -4.37807 -4.68385 -819.334 0 
17 827.828 0.319998 0.022471 0.667653 0.612675 0.174437 -1.1303 -7.25172 -819.446 0 
114 825.48 0.312352 0.0224196 0.670882 0.65428 0.190213 -1.3442 -4.75925 -819.377 0 
54 825.775 0.308188 0.0226245 0.675829 0.66652 0.255595 -1.78411 -4.48519 -819.506 0 
14 826.308 0.31487 0.0226574 0.670489 0.636223 0.210172 -2.01386 -4.83019 -819.464 0 
18 827.018 0.32419 0.0224368 0.663715 0.611943 0.176163 -0.280376 -7.28759 -819.45 0 
6 827.797 0.323607 0.022598 0.663581 0.627208 0.146321 -2.08191 -6.30155 -819.414 0 
87 825.493 0.317599 0.0225297 0.666838 0.669891 0.175937 -1.20574 -4.9345 -819.352 0 
36 825.844 0.315518 0.0224727 0.669329 0.652984 0.206052 -1.06295 -5.40137 -819.38 0 
55 825.856 0.322772 0.0224699 0.663316 0.652146 0.201506 -0.602475 -5.85445 -819.399 0 
19 829.665 0.307339 0.0226529 0.672272 0.752433 0.19951 -5.54852 -4.81705 -819.3 0 
13 830.03 0.326305 0.0226191 0.66131 0.716619 0.179874 -3.8164 -6.3965 -819.817 0 
51 826.833 0.315617 0.0225361 0.667711 0.75698 0.21043 -2.27852 -4.9339 -819.621 0 
5 827.777 0.309291 0.0226789 0.671935 0.790395 0.224859 -3.45413 -4.76119 -819.562 0 
3 827.205 0.320976 0.0225429 0.663992 0.757409 0.243216 -1.39994 -5.91511 -819.889 0 
8 827.482 0.319406 0.0225583 0.661437 0.800381 0.2514 -2.96571 -4.78506 -819.732 0 
13 826.134 0.324088 0.0224537 0.658545 0.777254 0.276363 -1.32827 -5.12028 -819.686 0 
94 826.267 0.317897 0.0225983 0.666609 0.771576 0.288662 -1.50587 -5.15785 -819.604 0 
27 826.473 0.315524 0.02262 0.667805 0.772528 0.301906 -2.33585 -4.72362 -819.414 0 
21 826.339 0.315732 0.0225088 0.666472 0.764597 0.282712 -2.10416 -4.77842 -819.456 0 
67 826.476 0.318694 0.0225143 0.663443 0.781386 0.216169 -1.65987 -4.97147 -819.844 0 
2 829.782 0.315998 0.0224092 0.663328 0.801784 0.214574 -5.0902 -4.82141 -819.87 0 
19 826.958 0.314412 0.0226506 0.668147 0.754409 0.192955 -2.68451 -4.73338 -819.54 0 
24 827.264 0.3118 0.0227348 0.672197 0.734327 0.212835 -3.18167 -4.68592 -819.396 0 
5 828.042 0.30792 0.0226233 0.672648 0.752048 0.158176 -3.84462 -4.84705 -819.35 0 
32 827.672 0.31375 0.0227038 0.670502 0.691483 0.189216 -3.60019 -4.72973 -819.342 0 
1 827.307 0.318247 0.022671 0.668224 0.677457 0.205246 -2.43473 -5.47638 -819.396 0 
5 826.742 0.322375 0.0224304 0.663959 0.663404 0.214995 -0.57291 -6.69387 -819.476 0 
56 827.677 0.32579 0.022439 0.661988 0.629824 0.188389 -1.30989 -6.92212 -819.445 0 
72 825.484 0.323937 0.0224854 0.661747 0.634111 0.132608 -0.432088 -5.66538 -819.386 0 
3 828.047 0.326882 0.0223849 0.661213 0.605372 0.131895 -1.09613 -7.48397 -819.467 0 
29 825.69 0.314885 0.0223619 0.669238 0.640226 0.114471 -1.03573 -5.28566 -819.368 0 
9 826.299 0.317207 0.0225111 0.668458 0.63431 0.101939 -1.63848 -5.29094 -819.369 0 
30 827.419 0.31576 0.022677 0.669326 0.642893 0.0703337 -3.09646 -4.97081 -819.351 0 
62 825.506 0.31871 0.0225189 0.664653 0.677546 0.0525951 -1.32697 -4.80895 -819.37 0 
81 825.232 0.319754 0.0224767 0.663553 0.65756 0.0171068 -1.00287 -4.87672 -819.352 0 
19 825.465 0.317241 0.022507 0.667445 0.636262 0.0230503 -1.07633 -5.0346 -819.355 0 
53 825.828 0.320613 0.022532 0.661843 0.701727 0.0272772 -1.5896 -4.78596 -819.453 0 
9 825.775 0.319312 0.0224211 0.66521 0.639101 0.0498449 -0.811284 -5.56856 -819.395 0 
67 825.309 0.311327 0.0225527 0.672445 0.67041 0.103972 -1.23262 -4.73621 -819.34 0 
27 826.653 0.315398 0.0223659 0.668538 0.632413 0.0599769 -2.27316 -5.0231 -819.357 0 
11 826.989 0.315175 0.0223552 0.667319 0.637647 0.0466268 -2.97005 -4.66945 -819.35 0 
25 827.075 0.3111 0.0224555 0.669715 0.628578 0.0089585 -3.13673 -4.45049 -819.488 0 
32 826.932 0.313759 0.0225581 0.669294 0.677329 0.0514809 -2.78362 -4.78062 -819.368 0 
16 825.913 0.319548 0.0225838 0.665598 0.651357 0.0586904 -1.24334 -5.28469 -819.385 0 
36 827.419 0.309178 0.0226562 0.672502 0.648596 0.0304409 -3.56031 -4.45943 -819.4 0 
22 830.274 0.311724 0.0227751 0.673704 0.660205 0.0719002 -6.34939 -4.59561 -819.329 0 
11 830.484 0.309248 0.0228589 0.677176 0.632466 0.100448 -6.41751 -4.68129 -819.385 0 
127 827.355 0.305172 0.0226867 0.676631 0.680229 0.121397 -3.36146 -4.63491 -819.359 0 
30 826.6 0.306462 0.0224263 0.67576 0.641823 0.152389 -2.69208 -4.45132 -819.457 0 
39 828.231 0.310598 0.0227041 0.673215 0.655918 0.134178 -4.33022 -4.54729 -819.354 0 
19 829.524 0.310401 0.0228558 0.67376 0.654169 0.129236 -5.63288 -4.4648 -819.426 0 
15 831.195 0.304483 0.0228838 0.676935 0.670778 0.104777 -6.44947 -5.20106 -819.544 0 
4 828.58 0.302912 0.0227213 0.680687 0.644149 0.153979 -4.69204 -4.40652 -819.481 0 
2 828.824 0.31181 0.0226717 0.673222 0.627688 0.130588 -4.82389 -4.53304 -819.467 0 
5 828.507 0.32274 0.022517 0.666116 0.634577 0.167514 -1.33578 -7.64668 -819.525 0 
3 826.837 0.318613 0.0225326 0.668395 0.67171 0.206433 -1.28181 -6.10534 -819.449 0 
15 825.456 0.315718 0.0224979 0.669834 0.623091 0.172171 -0.585042 -5.46426 -819.407 0 
11 825.228 0.314324 0.0224537 0.670849 0.581651 0.122035 -0.448618 -5.25683 -819.523 0 
37 826.922 0.320839 0.0222798 0.662868 0.677252 0.160426 -1.73693 -5.71427 -819.47 0 
35 829.161 0.323881 0.0221812 0.660421 0.66992 0.161089 -2.80978 -6.75759 -819.594 0 
11 828.611 0.324965 0.0222208 0.659805 0.649189 0.135569 -2.9881 -6.16783 -819.455 0 
30 826.901 0.323097 0.0223789 0.659851 0.677942 0.133464 -2.22651 -5.25233 -819.422 0 
32 827.877 0.314574 0.022421 0.666994 0.726102 0.165595 -3.80849 -4.67254 -819.396 0 
31 826.627 0.310014 0.0224899 0.671416 0.718247 0.191686 -2.7367 -4.55746 -819.332 0 
72 827.149 0.312524 0.022464 0.671023 0.727274 0.21734 -2.85286 -4.86915 -819.427 0 
25 826.935 0.321013 0.0223865 0.664086 0.74394 0.202181 -0.521605 -6.36843 -820.045 0 
19 830.006 0.327652 0.0226513 0.660485 0.694157 0.196636 -3.22484 -7.06467 -819.717 0 
15 830.744 0.331511 0.0224701 0.657516 0.65651 0.207753 -1.98835 -9.03567 -819.72 0 
9 827.236 0.319823 0.0224773 0.662673 0.700109 0.149968 -2.89253 -4.92213 -819.421 0 
30 826.568 0.327038 0.0223834 0.656484 0.738687 0.159832 -1.04092 -5.6369 -819.891 0 
14 826.319 0.312017 0.022601 0.670736 0.701176 0.201747 -2.42307 -4.56979 -819.326 0 
7 827.965 0.31168 0.022379 0.668621 0.71162 0.212186 -4.13936 -4.51228 -819.313 0 
70 828.297 0.303842 0.0225584 0.676153 0.777327 0.263403 -4.16977 -4.8064 -819.32 0 
3 828.689 0.314089 0.0224222 0.667764 0.746718 0.225618 -4.18746 -4.9477 -819.554 0 
13 829.924 0.306508 0.0228321 0.674812 0.740741 0.173877 -5.59896 -5.04206 -819.283 0 
15 829.704 0.30629 0.0227679 0.674829 0.751936 0.212251 -5.36493 -5.05406 -819.285 0 
7 829.227 0.316262 0.0227185 0.667855 0.693479 0.181423 -5.09454 -4.77954 -819.353 0 
1 829.349 0.323609 0.0226554 0.663983 0.694981 0.229715 -3.19884 -6.58252 -819.567 0 
1 830.458 0.324911 0.0225377 0.659054 0.716824 0.150779 -5.09488 -5.65657 -819.707 0 
2 830.025 0.319583 0.0225997 0.664803 0.77674 0.226137 -5.0754 -5.1283 -819.822 0 
9 828.149 0.324824 0.0224477 0.662345 0.750411 0.28627 -0.367191 -7.71566 -820.066 0 
22 828.279 0.31483 0.0225658 0.665077 0.796778 0.213066 -3.77279 -4.89958 -819.607 0 
24 827.019 0.322806 0.0224992 0.660536 0.74456 0.148417 -1.6958 -5.42361 -819.899 0 
12 828.232 0.314481 0.0225313 0.666472 0.786181 0.191759 -3.69677 -4.83895 -819.697 0 
29 828.394 0.32487 0.022469 0.657972 0.785864 0.178636 -2.29717 -5.64937 -820.447 0 
20 827.645 0.326867 0.0223808 0.655783 0.767811 0.159791 -2.13844 -5.38894 -820.117 0 
102 827.39 0.321479 0.0225503 0.660471 0.809603 0.179827 -1.83643 -5.14229 -820.411 0 
5 829.971 0.327321 0.0226823 0.657632 0.798288 0.133711 -2.91766 -6.03398 -821.02 0 
11 831.584 0.329306 0.0225936 0.657161 0.793122 0.18705 -4.32031 -6.41611 -820.848 0 
4 830.344 0.324501 0.0226426 0.658423 0.850188 0.190287 -3.58351 -5.47814 -821.283 0 
10 830.539 0.333306 0.022614 0.65214 0.787534 0.154169 -3.00573 -6.54865 -820.984 0 
7 828.661 0.3293 0.0224512 0.655669 0.819632 0.21836 -0.445792 -6.80343 -821.412 0 
24 828.695 0.322568 0.0226769 0.659029 0.83036 0.173449 -2.90755 -5.12528 -820.662 0 
44 829.153 0.333814 0.0224826 0.650919 0.83111 0.190728 -0.497445 -6.78092 -821.874 0 
16 830.075 0.329052 0.0225031 0.655475 0.853544 0.261145 -2.25653 -6.28158 -821.537 0 
5 829.583 0.321965 0.0226923 0.658659 0.872873 0.237145 -3.3788 -5.25017 -820.954 0 
11 831.442 0.317543 0.022664 0.662514 0.889008 0.250006 -4.98494 -5.46615 -820.991 0 
20 836.412 0.315967 0.0226285 0.66097 0.890836 0.169085 -9.33096 -5.66367 -821.417 0 
2 834.061 0.328799 0.0222987 0.651985 0.852819 0.165415 -6.65159 -5.66951 -821.74 0 
18 833.745 0.33959 0.0224601 0.648422 0.800938 0.184658 -1.75234 -9.65324 -822.339 0 
1 834.198 0.324324 0.0226398 0.658335 0.841631 0.132171 -7.58531 -5.42357 -821.189 0 
69 833.961 0.311859 0.0227871 0.665736 0.867485 0.132429 -7.08206 -6.44036 -820.439 0 
33 832.206 0.317955 0.0228381 0.663709 0.872483 0.15624 -5.30007 -5.43714 -821.469 0 
3 831.165 0.319538 0.022598 0.660982 0.856783 0.15001 -4.6359 -5.37805 -821.152 0 
18 832.318 0.318146 0.0226748 0.662692 0.899702 0.157874 -4.05904 -5.73389 -822.526 0 
27 832.04 0.326156 0.0226286 0.654605 0.901024 0.124847 -2.88786 -5.86325 -823.289 0 
21 830.904 0.328256 0.0224379 0.653546 0.866633 0.15028 -2.06887 -6.14102 -822.694 0 
23 831.653 0.335969 0.0226027 0.648244 0.880887 0.151374 -1.69506 -6.57142 -823.386 0 
4 831.184 0.324514 0.0226101 0.658028 0.867033 0.184515 -3.74111 -5.63091 -821.812 0 
22 833.129 0.328128 0.0226259 0.656001 0.870898 0.200975 -4.89612 -6.02483 -822.208 0 
3 833.906 0.318661 0.0227973 0.661552 0.886025 0.161138 -6.62821 -5.4514 -821.826 0 
16 831.43 0.324208 0.0227056 0.660478 0.820232 0.156568 -3.95175 -6.07784 -821.4 0 
5 831.05 0.326517 0.0227436 0.658075 0.834504 0.167879 -3.62098 -5.90671 -821.523 0 
38 832.485 0.31496 0.0227956 0.663736 0.856985 0.140464 -6.32366 -5.60318 -820.559 0 
4 833.483 0.334321 0.0226503 0.653304 0.807547 0.173471 -4.83886 -7.11316 -821.531 0 
8 831.866 0.329784 0.0227478 0.656362 0.827061 0.177625 -3.93106 -6.36452 -821.571 0 
5 828.997 0.328988 0.0226372 0.656031 0.807199 0.203577 -2.51425 -5.78381 -820.699 0 
8 830.478 0.327225 0.0227093 0.656608 0.840284 0.198864 -3.39375 -5.73269 -821.352 0 
22 830.449 0.326027 0.022688 0.659227 0.809019 0.204669 -4.15118 -5.66049 -820.637 0 
48 830.58 0.315223 0.0227385 0.663683 0.829571 0.131732 -5.06244 -5.43054 -820.087 0 
13 828.209 0.323912 0.0225452 0.661374 0.801833 0.19804 -0.794328 -6.43171 -820.983 0 
15 828.126 0.325232 0.0224521 0.659736 0.758945 0.153395 -0.936861 -6.65262 -820.537 0 
6 827.318 0.321379 0.0223678 0.661797 0.719146 0.157282 -2.54179 -5.1958 -819.581 0 
43 827.294 0.322 0.0225008 0.660962 0.724259 0.139974 -2.4666 -5.18287 -819.645 0 
27 826.405 0.32203 0.0226101 0.66067 0.738943 0.103729 -1.87492 -4.87169 -819.659 0 
73 826.643 0.324684 0.0225081 0.660024 0.741086 0.0982378 -0.668214 -5.84636 -820.128 0 
14 827.356 0.316358 0.0225048 0.666957 0.711548 0.120303 -3.07499 -4.83007 -819.451 0 
23 825.675 0.317117 0.0224289 0.667984 0.66154 0.103808 -0.628243 -5.60734 -819.439 0 
11 825.451 0.321751 0.0224338 0.66339 0.639986 0.103922 -0.320098 -5.731 -819.4 0 
34 826.073 0.319549 0.0225436 0.666124 0.675076 0.135835 -0.832829 -5.75468 -819.485 0 
9 826.489 0.318181 0.0226011 0.666411 0.659293 0.134855 -2.06812 -5.06187 -819.359 0 
51 825.584 0.318612 0.022593 0.666221 0.647341 0.0998547 -1.21867 -5.01106 -819.354 0 
58 827.055 0.32655 0.0225408 0.660437 0.65187 0.134728 -1.44803 -6.15163 -819.455 0 
14 826.402 0.325665 0.0223626 0.659651 0.686977 0.156337 -0.480361 -6.29622 -819.625 0 
17 825.728 0.315734 0.0225583 0.669811 0.679684 0.198048 -0.893392 -5.43335 -819.401 0 
20 825.26 0.312379 0.02249 0.671735 0.689541 0.180711 -0.85665 -5.02126 -819.383 0 
23 825.392 0.315716 0.0225829 0.66827 0.645415 0.126258 -1.36359 -4.6657 -819.363 0 
55 826.52 0.313212 0.0225804 0.6713 0.644654 0.0811482 -2.47954 -4.69378 -819.347 0 
21 826.098 0.326573 0.0224876 0.659616 0.646416 0.0433861 -0.36372 -6.2396 -819.495 0 
31 826.439 0.3227 0.0224902 0.663501 0.675096 0.0666374 -0.595796 -6.20949 -819.634 0 
27 826.62 0.32221 0.022421 0.66275 0.664658 0.0636803 -0.975681 -6.09261 -819.552 0 
4 826.086 0.321198 0.022557 0.664795 0.657643 0.0656237 -0.902143 -5.72602 -819.458 0 
46 827.497 0.316742 0.022565 0.667274 0.663973 0.0443413 -2.99859 -5.1056 -819.392 0 
5 827.419 0.321152 0.0224251 0.665885 0.62025 0.0592699 -0.677666 -7.23521 -819.506 0 
11 825.462 0.32121 0.0224625 0.664309 0.610162 0.0610491 -0.563347 -5.51286 -819.386 0 
5 826.774 0.31828 0.022619 0.666807 0.598504 0.0336649 -2.32421 -5.02318 -819.427 0 
13 826.528 0.320006 0.0226451 0.665723 0.61746 0.0368104 -2.14285 -5.0081 -819.377 0 
3 827.082 0.310079 0.022465 0.67274 0.619288 0.0776947 -3.12862 -4.46903 -819.484 0 
3 826.788 0.310244 0.0224408 0.67491 0.628142 0.169342 -2.39595 -4.97614 -819.416 0 
1 826.35 0.313246 0.0224339 0.668633 0.658356 0.0717556 -2.49086 -4.5302 -819.329 0 
36 827.762 0.317672 0.0225551 0.670505 0.587371 0.0675614 -1.96566 -6.37555 -819.421 0 
9 827.835 0.320959 0.0224941 0.667675 0.585234 0.0500029 -1.05778 -7.32887 -819.449 0 
39 825.361 0.314908 0.022573 0.669793 0.633851 0.0639201 -1.07993 -4.92562 -819.356 0 
4 827.672 0.307059 0.0225372 0.67448 0.684242 0.0825254 -3.78306 -4.5832 -819.306 0 
5 826.696 0.32409 0.0225046 0.663132 0.62642 0.0305333 -0.63909 -6.58821 -819.469 0 
3 827.693 0.32128 0.0223588 0.665573 0.585883 0.0240015 -0.875665 -7.36823 -819.449 0 
20 828.34 0.320179 0.0222067 0.662453 0.632165 0.0261902 -3.73639 -5.23835 -819.365 0 
26 826.437 0.317834 0.0223518 0.667442 0.625583 0.0717043 -1.29885 -5.74614 -819.392 0 
12 828.404 0.308609 0.0225092 0.672477 0.631544 0.0177776 -4.29514 -4.5685 -819.54 0 
31 827.456 0.313403 0.0225619 0.66908 0.651412 0.0170437 -3.55278 -4.57306 -819.33 0 
19 826.109 0.32197 0.0226049 0.663825 0.634826 0.00835238 -1.39051 -5.34535 -819.373 0 
22 826.619 0.312133 0.0224842 0.669288 0.694798 0.0489838 -2.71821 -4.57558 -819.325 0 
1 827.381 0.313388 0.0225269 0.667454 0.711133 0.0130435 -3.40025 -4.64681 -819.334 0 
11 829.816 0.315243 0.0224119 0.666673 0.725586 0.0402303 -5.47831 -4.7952 -819.542 0 
1 827.594 0.316896 0.0224588 0.663719 0.730603 0.00527691 -3.40563 -4.70212 -819.486 0 
8 826.836 0.315064 0.0224696 0.666658 0.716512 0.00454102 -2.66018 -4.70963 -819.466 0 
13 827.648 0.310346 0.0226539 0.671484 0.723998 0.00159018 -3.57321 -4.70353 -819.371 0 
10 828.949 0.307273 0.0227254 0.673104 0.742308 0.0210272 -4.54264 -5.07173 -819.334 0 
4 830.115 0.303828 0.0225829 0.677152 0.715293 0.0451415 -5.93765 -4.88888 -819.288 0 
5 826.575 0.309076 0.0226773 0.673414 0.68738 0.0383334 -2.73862 -4.53082 -819.305 0 
8 827.119 0.31503 0.0225332 0.667516 0.742234 0.0624087 -2.26024 -5.02392 -819.835 0 
56 827.462 0.317101 0.0224846 0.665239 0.746965 0.042968 -2.70322 -4.94756 -819.811 0 
29 828.356 0.317925 0.022565 0.662701 0.776658 0.0197986 -3.44283 -4.875 -820.038 0 
32 826.937 0.316136 0.0224429 0.665426 0.734841 0.0547114 -2.48849 -4.81549 -819.633 0 
6 828.353 0.316317 0.0225699 0.664978 0.738773 0.0169763 -3.96801 -4.741 -819.644 0 
85 825.914 0.316279 0.0225548 0.66723 0.720757 0.041625 -1.21607 -5.03707 -819.66 0 
6 826.473 0.311696 0.0226662 0.671365 0.666732 0.019069 -2.64251 -4.51365 -819.316 0 
42 826.533 0.317735 0.0225515 0.665892 0.687541 0.00822656 -1.99038 -5.06588 -819.477 0 
19 827.098 0.324381 0.0224767 0.662845 0.627435 0.0103646 -1.08543 -6.541 -819.471 0 
33 826.126 0.323864 0.0225229 0.662013 0.651843 0.00303069 -0.980397 -5.69813 -819.447 0 
2 826.51 0.325064 0.0225712 0.660117 0.693672 0.0103165 -1.14591 -5.69105 -819.673 0 
32 825.98 0.31791 0.0224541 0.665116 0.713979 0.0804976 -1.2247 -5.12919 -819.626 0 
1 825.944 0.317383 0.0225995 0.667399 0.70165 0.141308 -1.29224 -5.1645 -819.487 0 
59 826.306 0.316423 0.0225736 0.666434 0.754372 0.138723 -1.55645 -4.96446 -819.785 0 
42 826.576 0.321144 0.0224516 0.661463 0.75797 0.153933 -1.39104 -5.23745 -819.947 0 
21 828.69 0.314942 0.0227646 0.667692 0.74218 0.116494 -4.49916 -4.67571 -819.515 0 
2 827.407 0.321208 0.022572 0.66404 0.723174 0.183 -2.46325 -5.34804 -819.596 0 
4 827.792 0.321677 0.0224062 0.665093 0.690968 0.206537 -1.52209 -6.65303 -819.617 0 
2 828.728 0.316532 0.0224589 0.665075 0.719965 0.203586 -4.58078 -4.74982 -819.397 0 
46 826.713 0.318262 0.0224401 0.664569 0.743714 0.205399 -2.17789 -4.96796 -819.567 0 
16 825.654 0.321038 0.0224587 0.662382 0.727711 0.204333 -0.927829 -5.1808 -819.545 0 
4 826.506 0.317756 0.0225863 0.668851 0.685239 0.234056 -1.2378 -5.83863 -819.429 0 
32 826.698 0.316351 0.0222984 0.667176 0.667921 0.198167 -2.097 -5.23052 -819.37 0 
29 826.35 0.314343 0.0224054 0.668687 0.693302 0.16513 -1.86187 -5.0721 -819.416 0 
34 826.66 0.328695 0.0224873 0.65815 0.665542 0.149286 -0.395334 -6.69611 -819.568 0 
2 826.976 0.3245 0.0223292 0.661902 0.634646 0.168257 -0.316489 -7.17709 -819.482 0 
35 827.555 0.326602 0.0222862 0.65996 0.626185 0.15665 -0.476347 -7.57631 -819.503 0 
3 826.259 0.315417 0.0223184 0.668244 0.603995 0.1724 -1.62772 -5.13449 -819.497 0 
2 827.302 0.327376 0.0224514 0.66072 0.613827 0.17117 -0.543999 -7.30487 -819.453 0 
6 828.842 0.323494 0.0222274 0.663598 0.63791 0.200149 -0.789145 -8.47228 -819.581 0 
21 826.579 0.316429 0.0224348 0.666381 0.673569 0.175741 -2.59314 -4.6475 -819.339 0 
23 826.84 0.32193 0.0223577 0.664583 0.643972 0.181408 -0.807176 -6.5843 -819.448 0 
179 826.335 0.320166 0.0223769 0.662201 0.682713 0.135909 -2.16616 -4.81039 -819.359 0 
11 826.467 0.309692 0.0224864 0.671983 0.738342 0.201354 -2.41962 -4.64145 -819.406 0 
148 825.653 0.313391 0.0225079 0.669775 0.716869 0.181731 -1.43823 -4.80196 -819.413 0 
2 825.742 0.313266 0.0225553 0.669445 0.727478 0.194744 -1.66312 -4.68545 -819.394 0 
129 826.323 0.312777 0.0226417 0.669299 0.714091 0.215262 -2.48319 -4.52715 -819.313 0 
62 825.68 0.314257 0.0225622 0.669106 0.732475 0.207787 -1.41682 -4.81705 -819.446 0 
10 827.199 0.32201 0.0225615 0.663735 0.737277 0.162806 -1.34147 -5.91425 -819.944 0 
31 829.067 0.31332 0.0227886 0.669831 0.762019 0.148304 -4.73109 -4.76827 -819.568 0 
30 829.727 0.315797 0.0228119 0.669568 0.750186 0.156907 -4.9584 -5.0386 -819.73 0 
12 829.722 0.324356 0.0225827 0.660288 0.72894 0.0944247 -3.81184 -5.90275 -820.008 0 
46 828.741 0.326228 0.0224988 0.660595 0.714493 0.14188 -2.2565 -6.5455 -819.939 0 
9 827.478 0.324605 0.0224356 0.659766 0.741365 0.177861 -1.292 -6.15221 -820.034 0 
4 828.174 0.311271 0.0227716 0.671273 0.747383 0.202255 -4.16948 -4.66545 -819.339 0 
18 828.283 0.31244 0.0226471 0.670444 0.73346 0.228066 -4.35716 -4.60617 -819.319 0 
6 827.906 0.317095 0.0226325 0.670357 0.662238 0.235805 -2.79817 -5.71403 -819.394 0 
5 828.554 0.310239 0.0225292 0.671171 0.634479 0.179023 -4.5721 -4.38984 -819.592 0 
24 827.682 0.308592 0.0227172 0.674952 0.640231 0.174929 -3.6269 -4.45151 -819.603 0 
1 828.887 0.301457 0.0226394 0.679817 0.680674 0.171519 -4.52338 -4.87518 -819.488 0 
5 828.526 0.298218 0.0226491 0.6832 0.683327 0.197335 -4.08936 -4.89328 -819.543 0 
10 828.281 0.299257 0.0226559 0.682973 0.623646 0.17029 -3.8913 -4.51642 -819.874 0 
11 828.92 0.303671 0.0227752 0.682468 0.589769 0.191433 -4.51815 -4.44326 -819.959 0 
12 830.221 0.30745 0.0228336 0.676831 0.595398 0.123068 -6.0072 -4.38823 -819.825 0 
4 828.429 0.312954 0.022709 0.672464 0.620891 0.152003 -4.35301 -4.55764 -819.518 0 
35 828.953 0.316325 0.0227538 0.669436 0.649259 0.139529 -4.60598 -4.98968 -819.357 0 
8 826.587 0.315816 0.0224013 0.666274 0.679325 0.159266 -2.63875 -4.61869 -819.329 0 
3 827.794 0.308424 0.0224954 0.6716 0.709711 0.166161 -3.90458 -4.58996 -819.299 0 
12 827.138 0.310882 0.0223745 0.670527 0.689844 0.195139 -3.2431 -4.56669 -819.329 0 
2 826.257 0.313547 0.0223316 0.669999 0.703189 0.253608 -1.61158 -5.25324 -819.392 0 
3 827.089 0.314604 0.0224027 0.666599 0.747183 0.20472 -2.85195 -4.74178 -819.495 0 
16 826.595 0.318821 0.0224903 0.666063 0.735828 0.230775 -0.985872 -5.88582 -819.723 0 
83 826.845 0.322284 0.0223438 0.662043 0.683701 0.181862 -1.86732 -5.53352 -819.444 0 
9 826.908 0.323656 0.0224772 0.661836 0.698996 0.19178 -1.03716 -6.24855 -819.622 0 
75 826.517 0.309274 0.022511 0.672709 0.756465 0.224662 -2.39209 -4.6797 -819.445 0 
3 828.073 0.316263 0.0226837 0.669837 0.708609 0.194903 -3.41648 -5.20018 -819.457 0 
7 829.343 0.31375 0.0226231 0.670362 0.723302 0.174542 -5.19503 -4.74479 -819.403 0 
4 831.226 0.302309 0.0226068 0.676369 0.770241 0.153091 -6.72788 -5.13229 -819.366 0 
85 826.284 0.312234 0.0225775 0.670754 0.699718 0.138585 -2.34091 -4.60989 -819.333 0 
44 825.544 0.317672 0.0224976 0.666252 0.686903 0.149413 -0.985339 -5.14057 -819.418 0 
35 826.988 0.306598 0.0225587 0.675056 0.663517 0.160813 -3.14785 -4.43275 -819.407 0 
13 828.891 0.307576 0.0222542 0.673866 0.662995 0.200329 -4.93504 -4.57674 -819.379 0 
1 827.177 0.304992 0.0224601 0.676497 0.675809 0.24099 -3.28183 -4.41849 -819.477 0 
25 827.139 0.303126 0.022562 0.679167 0.661188 0.233274 -2.99504 -4.49001 -819.654 0 
27 827.275 0.300003 0.0224922 0.682232 0.654541 0.285491 -2.99231 -4.4003 -819.883 0 
29 825.762 0.311773 0.0224273 0.671249 0.67012 0.282689 -1.61344 -4.66384 -819.484 0 
10 826.056 0.314438 0.0226266 0.668664 0.717678 0.254472 -2.1777 -4.55032 -819.328 0 
64 825.939 0.313997 0.0226008 0.670024 0.738225 0.301335 -1.71828 -4.85349 -819.367 0 
11 826.845 0.307084 0.0226204 0.674597 0.73331 0.23532 -2.94151 -4.59944 -819.304 0 
96 825.76 0.310034 0.022576 0.672501 0.720272 0.248619 -1.90298 -4.53352 -819.323 0 
11 828.353 0.310443 0.0226664 0.670958 0.770524 0.263666 -4.38558 -4.59206 -819.376 0 
8 828.057 0.313825 0.0225019 0.666193 0.752496 0.24213 -4.14897 -4.57165 -819.337 0 
5 828.918 0.329843 0.0223497 0.657033 0.713836 0.259755 -2.17363 -7.04038 -819.704 0 
8 826.547 0.324759 0.0224216 0.662303 0.659803 0.221032 -0.138402 -6.92577 -819.483 0 
3 829.277 0.317466 0.0225729 0.669225 0.63233 0.183494 -4.62043 -5.25301 -819.403 0 
3 828.607 0.315719 0.0225771 0.671864 0.653573 0.252807 -3.47767 -5.71883 -819.41 0 
19 826.558 0.309896 0.0225795 0.67339 0.702324 0.233683 -2.68551 -4.53694 -819.336 0 
8 825.286 0.30877 0.0225092 0.675612 0.67294 0.275063 -1.04231 -4.81499 -819.429 0 
12 825.286 0.315974 0.0225111 0.668273 0.6657 0.243796 -1.07741 -4.80393 -819.404 0 
8 825.286 0.312425 0.0224791 0.672939 0.636188 0.289268 -0.501036 -5.1875 -819.597 0 
29 826.785 0.316799 0.0226704 0.669205 0.635727 0.20875 -2.37657 -4.96282 -819.445 0 
10 826.577 0.311717 0.0224585 0.672264 0.65948 0.248757 -2.14826 -5.01732 -819.411 0 
1 826.365 0.307188 0.0225086 0.674972 0.659165 0.276431 -2.19926 -4.41113 -819.754 0 
39 826.242 0.304352 0.0224713 0.679404 0.602549 0.286183 -1.50792 -4.45177 -820.282 0 
20 827.162 0.314886 0.0225503 0.671905 0.628892 0.281839 -2.26045 -5.30385 -819.597 0 
6 827.216 0.316587 0.0224487 0.669555 0.614961 0.28453 -2.21651 -5.30089 -819.699 0 
8 828.94 0.320802 0.0223661 0.667104 0.62602 0.274865 -1.27257 -8.18651 -819.481 0 
17 827.98 0.309737 0.022575 0.674405 0.588032 0.204072 -3.49323 -4.64959 -819.837 0 
9 826.73 0.309828 0.0226087 0.677217 0.56193 0.228452 -1.53838 -5.25783 -819.934 0 
23 826.851 0.304363 0.0226489 0.680322 0.563189 0.205914 -2.08452 -4.43947 -820.327 0 
12 829.058 0.308548 0.0226676 0.675495 0.510113 0.111468 -3.98513 -4.45069 -820.623 0 
32 829.789 0.322809 0.0225849 0.666876 0.484518 0.145535 -2.81732 -7.05731 -819.914 0 
3 827.876 0.315195 0.0224253 0.67035 0.496867 0.1671 -2.05163 -5.61177 -820.212 0 
7 828.498 0.302309 0.0224123 0.681755 0.476744 0.193938 -2.63155 -4.64345 -821.223 0 
1 827.629 0.305788 0.0224353 0.679697 0.446474 0.184826 -1.37119 -5.05239 -821.205 0 
35 828.327 0.306433 0.0223613 0.676973 0.465436 0.188586 -2.24295 -4.53398 -821.55 0 
10 830.585 0.297156 0.022393 0.685238 0.524972 0.25371 -4.19982 -4.58047 -821.804 0 
28 829.673 0.303447 0.022413 0.677709 0.54499 0.174769 -4.18987 -4.55986 -820.923 0 
16 827.086 0.304068 0.0225036 0.678003 0.596595 0.203321 -2.54934 -4.4039 -820.133 0 
7 826.27 0.313262 0.0225177 0.671466 0.596218 0.173004 -1.69039 -5.01346 -819.566 0 
3 826.457 0.320759 0.0224083 0.663639 0.660195 0.194349 -1.9522 -5.13841 -819.366 0 
23 826.111 0.322562 0.0223208 0.662208 0.629994 0.198331 -0.811413 -5.89378 -819.406 0 
27 825.353 0.319281 0.022394 0.665494 0.618558 0.234902 -0.527374 -5.30222 -819.524 0 
116 825.419 0.312359 0.022447 0.672549 0.625944 0.309959 -0.656401 -4.92869 -819.834 0 
5 826.613 0.301208 0.0224847 0.682771 0.636907 0.380029 -1.47673 -4.44387 -820.693 0 
63 826.369 0.305687 0.0224625 0.680795 0.633281 0.402797 -0.897927 -5.06404 -820.407 0 
4 827.684 0.308638 0.0224056 0.674098 0.679067 0.370269 -3.25594 -4.5912 -819.837 0 
8 827.208 0.307329 0.0224278 0.67748 0.655469 0.382879 -2.39332 -4.65908 -820.155 0 
19 826.422 0.316179 0.0223002 0.669446 0.616962 0.345062 -0.718478 -5.83665 -819.866 0 
6 826.823 0.317227 0.0222879 0.667747 0.64188 0.325719 -1.2919 -5.95205 -819.579 0 
22 826.283 0.313048 0.022521 0.669057 0.667223 0.253977 -2.32525 -4.44292 -819.515 0 
3 827.441 0.320704 0.0222949 0.66627 0.630791 0.335434 -1.1109 -6.73293 -819.597 0 
37 826.883 0.316367 0.0222535 0.668694 0.629349 0.325834 -1.30366 -5.9208 -819.658 0 
12 826.052 0.320955 0.0223312 0.664884 0.665846 0.346572 -0.394641 -6.14899 -819.508 0 
47 826.135 0.321265 0.0224057 0.665235 0.676698 0.347796 -0.177033 -6.49422 -819.464 0 
18 826.504 0.317241 0.0224625 0.669583 0.676952 0.355423 -1.14629 -5.84993 -819.507 0 
28 825.958 0.318288 0.0224794 0.66854 0.677799 0.350706 -0.324537 -6.15676 -819.476 0 
2 825.93 0.311258 0.0226438 0.672876 0.698775 0.286493 -1.97517 -4.55248 -819.402 0 
29 826.134 0.318788 0.0223412 0.665858 0.705683 0.290873 -1.0585 -5.66558 -819.41 0 
83 826.613 0.321912 0.0222765 0.663346 0.666014 0.283309 -0.876475 -6.31585 -819.421 0 
82 825.652 0.317558 0.0224789 0.668798 0.633584 0.325567 -0.313003 -5.66706 -819.672 0 
38 826.901 0.313408 0.0225953 0.674093 0.592969 0.281385 -1.50666 -5.58835 -819.806 0 
34 825.401 0.31202 0.0225411 0.672759 0.627229 0.250648 -0.965307 -4.82395 -819.612 0 
4 827.866 0.316848 0.0226867 0.670397 0.618258 0.239663 -2.98054 -5.34693 -819.538 0 
1 830.029 0.31595 0.0226002 0.670187 0.623885 0.242713 -4.85933 -5.68613 -819.484 0 
11 828.146 0.31525 0.0225894 0.672067 0.612288 0.239178 -2.54165 -6.1106 -819.494 0 
15 828.677 0.307268 0.0226891 0.675825 0.613894 0.18291 -4.50402 -4.38397 -819.789 0 
10 826.773 0.302208 0.0226078 0.680914 0.609326 0.196845 -2.45065 -4.39297 -819.929 0 
26 826.208 0.30732 0.0226091 0.676203 0.659219 0.227568 -2.24007 -4.44217 -819.526 0 
32 828.964 0.306459 0.0226602 0.678324 0.630448 0.226718 -4.73465 -4.65465 -819.575 0 
4 827.684 0.318553 0.0226438 0.668958 0.620727 0.174121 -2.35391 -5.92103 -819.409 0 
11 827.43 0.321185 0.022442 0.665333 0.620292 0.15799 -1.27778 -6.72391 -819.428 0 
1 827.908 0.319295 0.0225866 0.666929 0.605716 0.127252 -2.73024 -5.76675 -819.411 0 
23 826.213 0.319511 0.0224337 0.666734 0.600433 0.192471 -0.545651 -6.20766 -819.46 0 
17 827.046 0.305401 0.0226952 0.677309 0.673285 0.202792 -3.14291 -4.45235 -819.451 0 
24 826.15 0.308701 0.0226607 0.674633 0.674405 0.219339 -2.27635 -4.45279 -819.42 0 
5 827.488 0.312935 0.0227478 0.670573 0.665504 0.158359 -3.62543 -4.47217 -819.39 0 
19 826.355 0.31407 0.0224635 0.667636 0.678768 0.164412 -2.48216 -4.54453 -819.329 0 
37 827.787 0.315597 0.0226788 0.671295 0.647217 0.164251 -2.82531 -5.57799 -819.383 0 
46 825.422 0.31965 0.0224827 0.6654 0.662507 0.104073 -0.489046 -5.50614 -819.427 0 
7 827.688 0.322745 0.0225402 0.663472 0.663851 0.0976569 -2.60771 -5.62859 -819.451 0 
4 827.332 0.318566 0.0226056 0.666499 0.708771 0.11606 -2.62097 -5.16113 -819.55 0 
32 827.761 0.311288 0.0226754 0.670496 0.741936 0.139177 -3.66037 -4.72219 -819.378 0 
14 827.028 0.314609 0.0226034 0.668979 0.769385 0.176769 -2.14978 -5.02323 -819.855 0 
4 827.458 0.317175 0.0227213 0.666094 0.738885 0.12673 -3.21476 -4.73277 -819.511 0 
32 825.908 0.314692 0.0226041 0.667949 0.706195 0.106382 -1.88537 -4.64528 -819.378 0 
24 826.208 0.31323 0.0226592 0.670093 0.716274 0.159997 -2.17721 -4.65533 -819.375 0 
6 827.523 0.309645 0.0227176 0.67284 0.753875 0.170088 -3.37146 -4.66835 -819.483 0 
12 827.136 0.309383 0.0226366 0.671507 0.718028 0.143714 -3.1872 -4.65374 -819.295 0 
8 826.839 0.30571 0.0225983 0.676235 0.714357 0.147899 -2.93478 -4.59925 -819.305 0 
12 826.224 0.310622 0.0226366 0.673577 0.656633 0.160922 -2.20978 -4.65525 -819.359 0 
30 825.653 0.31781 0.022438 0.665931 0.649636 0.124842 -1.16851 -5.12435 -819.361 0 
60 825.33 0.322698 0.0224342 0.661879 0.646485 0.0774118 -0.461023 -5.47491 -819.394 0 
41 826.545 0.327621 0.02242 0.657886 0.646015 0.0328077 -0.691789 -6.34195 -819.511 0 
18 827.758 0.324299 0.0224339 0.66015 0.689532 0.01975 -1.94701 -6.07046 -819.74 0 
4 829.212 0.331271 0.0223277 0.655874 0.656497 0.0337186 -0.836933 -8.45172 -819.923 0 
15 829.142 0.323833 0.0226602 0.663809 0.665711 0.049218 -2.94452 -6.55929 -819.639 0 
1 828.491 0.325933 0.0225451 0.661117 0.725214 0.07227 -0.922995 -7.17281 -820.395 0 
1 828.103 0.316088 0.0227245 0.667084 0.740668 0.047878 -3.75058 -4.76888 -819.584 0 
15 827.087 0.317269 0.0226763 0.665025 0.752018 0.0400855 -2.57526 -4.79649 -819.715 0 
38 828.637 0.321791 0.0225087 0.662216 0.764426 0.0501492 -2.7671 -5.51507 -820.355 0 
56 827.908 0.315791 0.022505 0.665021 0.77668 0.0336546 -2.98503 -4.91656 -820.006 0 
2 828.045 0.324901 0.0224856 0.659888 0.73185 0.0492531 -1.46754 -6.31911 -820.259 0 
62 827.274 0.326859 0.0223816 0.659084 0.704028 0.0567324 -0.205214 -6.97308 -820.096 0 
8 827.276 0.317004 0.022419 0.66401 0.736119 0.0325347 -2.80281 -4.81012 -819.663 0 
14 827.182 0.326715 0.0225059 0.660445 0.668539 0.0865962 -0.584403 -6.9003 -819.698 0 
6 826.883 0.318253 0.0225667 0.666422 0.729547 0.121834 -1.84811 -5.29323 -819.742 0 
4 826.709 0.315921 0.0225486 0.670083 0.65991 0.122948 -1.91669 -5.39593 -819.396 0 
11 826.345 0.320444 0.0223865 0.663773 0.666479 0.063888 -1.09262 -5.74897 -819.504 0 
12 826.834 0.326129 0.0223968 0.66121 0.611144 0.11608 -0.34956 -7.03375 -819.45 0 
7 828.5 0.306994 0.0224974 0.673059 0.650975 0.152628 -4.19693 -4.6834 -819.619 0 
9 827.602 0.317182 0.0225277 0.668235 0.626195 0.178606 -3.2359 -4.92386 -819.442 0 
2 828.214 0.304456 0.0223963 0.677128 0.668485 0.249328 -4.28799 -4.43195 -819.494 0 
5 827.737 0.308803 0.0225194 0.673948 0.685806 0.219779 -3.86321 -4.49797 -819.375 0 
13 828.523 0.309462 0.0226596 0.674854 0.641221 0.161868 -4.56552 -4.47105 -819.486 0 
11 828.678 0.310972 0.0224927 0.674718 0.615761 0.148996 -4.31603 -4.91378 -819.448 0 
7 827.268 0.313002 0.0223797 0.672566 0.633556 0.200223 -2.46325 -5.39798 -819.407 0 
20 827.377 0.324158 0.0223829 0.662937 0.584283 0.154033 -1.47595 -6.44115 -819.46 0 
18 827.138 0.32446 0.0223762 0.663374 0.606922 0.186516 -0.210172 -7.47279 -819.455 0 
4 826.56 0.317019 0.0225907 0.668571 0.618465 0.140909 -2.2072 -4.92334 -819.429 0 
3 826.073 0.320264 0.0223506 0.6645 0.632141 0.165181 -0.827678 -5.85134 -819.394 0 
55 825.707 0.313999 0.0224855 0.669941 0.654268 0.151302 -1.347 -5.00433 -819.356 0 
39 826.013 0.318014 0.0224875 0.668445 0.649528 0.139555 -0.358093 -6.20467 -819.45 0 
12 826.923 0.307369 0.0227085 0.675778 0.643094 0.12553 -3.02399 -4.42992 -819.469 0 
17 826.309 0.307664 0.022506 0.674451 0.632446 0.0689995 -2.40985 -4.44227 -819.457 0 
188 825.424 0.313522 0.0223985 0.671835 0.606516 0.0818423 -0.504345 -5.52626 -819.394 0 
6 825.946 0.314932 0.0223639 0.668668 0.60696 0.0395339 -1.64152 -4.89782 -819.407 0 
6 825.824 0.31678 0.0224236 0.667374 0.616701 0.0349614 -1.50029 -4.94608 -819.378 0 
26 825.985 0.319201 0.0225585 0.666865 0.622789 0.00697038 -0.940128 -5.66022 -819.385 0 
12 829.095 0.306653 0.022534 0.673942 0.667793 0.0174669 -5.30835 -4.46464 -819.322 0 
2 829.139 0.311403 0.0228199 0.674443 0.633344 0.0158476 -5.14416 -4.63039 -819.364 0 
13 825.813 0.31176 0.0226323 0.672767 0.659882 0.0129533 -1.68686 -4.78324 -819.343 0 
53 826.354 0.317448 0.0226679 0.667596 0.639885 0.00275752 -2.18533 -4.82294 -819.345 0 
9 828.546 0.323106 0.0225036 0.664834 0.639252 0.0521103 -1.24215 -7.65744 -819.647 0 
30 825.964 0.319375 0.0226082 0.665549 0.675574 0.0385466 -1.3809 -5.14794 -819.435 0 
24 825.988 0.315746 0.0226104 0.666558 0.68442 0.0335629 -2.10288 -4.5613 -819.324 0 
51 825.267 0.308795 0.0225634 0.675352 0.63805 0.0550129 -1.25739 -4.65616 -819.353 0 
71 825.643 0.306917 0.0225799 0.67626 0.663138 0.0370557 -1.7942 -4.52908 -819.32 0 
15 826.05 0.316976 0.0223929 0.668477 0.628237 0.0200523 -0.515708 -6.10685 -819.428 0 
82 827.501 0.316987 0.0225792 0.667287 0.675504 0.000183486 -2.82057 -5.22309 -819.458 0 
5 827.716 0.314052 0.022575 0.668974 0.700545 0.00860431 -3.33878 -4.88635 -819.491 0 
3 827.35 0.320417 0.0225546 0.664202 0.673002 0.0173332 -2.36097 -5.49066 -819.498 0 
63 827.109 0.327758 0.0225493 0.65863 0.689219 0.000300736 -0.876072 -6.41739 -819.816 0 
4 827.919 0.320578 0.0226913 0.665787 0.674896 0.0234483 -2.99398 -5.43497 -819.49 0 
2 829.267 0.312222 0.022417 0.669445 0.664178 0.0406398 -5.41364 -4.53354 -819.32 0 
43 830.586 0.305385 0.0223765 0.674104 0.711248 0.0433651 -6.56342 -4.72126 -819.301 0 
21 830.559 0.311153 0.0224426 0.667502 0.712312 0.00298355 -6.61463 -4.63531 -819.309 0 
64 827.529 0.320932 0.0222722 0.663682 0.684036 0.052034 -1.24864 -6.49548 -819.785 0 
105 827.351 0.327056 0.0223088 0.656865 0.711087 0.0199891 -1.28903 -6.09765 -819.965 0 
19 826.679 0.321291 0.0223811 0.664078 0.663424 0.0549229 -0.591838 -6.47054 -819.617 0 
52 825.659 0.317584 0.0224053 0.668095 0.628395 0.0329138 -0.242266 -5.99871 -819.418 0 
41 825.83 0.310691 0.0224764 0.672284 0.642004 0.0195707 -1.91618 -4.56725 -819.347 0 
21 827.383 0.308891 0.0224775 0.672738 0.646043 0.0417406 -3.50825 -4.48341 -819.392 0 
28 827.145 0.3047 0.022619 0.6767 0.65134 0.0337358 -3.10279 -4.60197 -819.441 0 
50 826.269 0.310165 0.0226528 0.672974 0.654864 0.00461434 -2.4403 -4.49899 -819.33 0 
13 826.012 0.312048 0.0225879 0.670424 0.704998 0.02991 -1.96399 -4.64798 -819.4 0 
1 828.619 0.32469 0.0225364 0.663402 0.661213 0.0368324 -1.2192 -7.59749 -819.802 0 
19 826.99 0.323855 0.0225532 0.662417 0.668395 0.0217299 -1.12406 -6.25034 -819.615 0 
35 827.914 0.333634 0.0223564 0.653924 0.657232 0.05268 -0.106427 -7.97037 -819.837 0 
6 827.686 0.318935 0.0224981 0.664066 0.699971 0.0625861 -3.50031 -4.77113 -819.415 0 
12 826.706 0.314108 0.0225965 0.667822 0.708537 0.0356755 -2.73263 -4.62219 -819.352 0 
18 826.788 0.31382 0.0224223 0.668812 0.680669 0.0202771 -2.69365 -4.73098 -819.363 0 
25 826.153 0.306285 0.022623 0.677116 0.665693 0.0194752 -2.31782 -4.51842 -819.317 0 
72 826.842 0.304715 0.0226761 0.677848 0.631355 0.00477042 -2.84649 -4.48374 -819.512 0 
7 825.852 0.309878 0.0225304 0.674961 0.619438 0.0318088 -1.69996 -4.76812 -819.384 0 
7 826.609 0.313873 0.022362 0.670513 0.629407 0.0735619 -2.0877 -5.15732 -819.364 0 
2 826.995 0.311504 0.02234 0.670702 0.636756 0.0596784 -3.02423 -4.61372 -819.357 0 
8 827.444 0.305526 0.0224657 0.676052 0.595817 0.0598382 -3.34474 -4.38875 -819.711 0 
5 825.592 0.316016 0.0224871 0.669741 0.584627 0.060963 -0.843968 -5.289 -819.459 0 
67 825.583 0.308163 0.0225279 0.676536 0.580213 0.0555811 -1.23439 -4.79062 -819.558 0 
52 825.858 0.310387 0.0225194 0.67236 0.589539 0.0136979 -1.76333 -4.42113 -819.674 0 
43 825.301 0.306739 0.0225633 0.678151 0.594467 0.0906129 -1.09332 -4.66838 -819.539 0 
12 827.841 0.313411 0.0225415 0.673034 0.590432 0.0913054 -3.23141 -5.13923 -819.47 0 
5 830.453 0.307489 0.0224899 0.676396 0.593902 0.0672093 -6.34072 -4.46023 -819.652 0 
24 826.636 0.31483 0.0224729 0.670714 0.576593 0.0229651 -1.53632 -5.65008 -819.45 0 
21 827.181 0.321489 0.0224648 0.666264 0.587158 0.0260296 -0.526499 -7.21126 -819.443 0 
11 831.611 0.320598 0.0224163 0.668066 0.587605 0.0296864 -5.05308 -7.11339 -819.444 0 
9 829.993 0.319255 0.0221211 0.664777 0.642537 0.0419615 -3.95583 -6.51148 -819.526 0 
5 830.049 0.322716 0.0223258 0.664203 0.604626 0.0586401 -4.08221 -6.54166 -819.425 0 
5 829.268 0.326118 0.0224456 0.663641 0.539607 0.037581 -0.947583 -8.82485 -819.496 0 
42 826.162 0.317465 0.0224871 0.668465 0.551567 0.0237108 -0.930878 -5.68086 -819.551 0 
26 825.566 0.317083 0.0224421 0.669218 0.551751 0.00144321 -0.273224 -5.75732 -819.535 0 
106 826.05 0.310413 0.0225059 0.67246 0.633901 0.0246981 -2.16682 -4.49693 -819.386 0 
39 825.86 0.312018 0.0224345 0.670959 0.692344 0.0855281 -1.49388 -4.92773 -819.438 0 
7 826.763 0.31515 0.0223961 0.6704 0.644164 0.0848238 -1.69725 -5.65819 -819.408 0 
9 828.723 0.31725 0.0225367 0.668471 0.644678 0.0414825 -4.21072 -5.14783 -819.365 0 
13 827.541 0.313577 0.0224607 0.668236 0.669702 0.0284072 -3.56042 -4.6456 -819.335 0 
5 826.588 0.313168 0.0223795 0.670283 0.652883 0.067586 -2.35813 -4.88345 -819.347 0 
13 828.659 0.307119 0.022415 0.672788 0.688398 0.0432655 -4.76897 -4.59421 -819.296 0 
93 828.7 0.304173 0.0225854 0.675518 0.686623 0.00370468 -4.42505 -4.94394 -819.331 0 
12 829.967 0.30422 0.0226697 0.677559 0.649192 0.00606402 -6.13882 -4.43558 -819.393 0 
16 830.402 0.305219 0.0226178 0.676415 0.651706 0.0559218 -6.13774 -4.7737 -819.491 0 
16 829.952 0.303759 0.0224853 0.675271 0.652729 0.0479131 -5.57003 -4.85705 -819.525 0 
20 828.702 0.309584 0.0225293 0.67498 0.618823 0.0675895 -4.68322 -4.58809 -819.431 0 
32 825.491 0.310818 0.0225793 0.673783 0.58187 0.0639856 -1.26804 -4.60537 -819.618 0 
98 825.275 0.312683 0.0224688 0.672641 0.559405 0.0669299 -0.588517 -5.05958 -819.627 0 
27 826.442 0.318146 0.0225291 0.669232 0.524899 0.0482369 -0.779532 -5.99696 -819.665 0 
9 826.927 0.311094 0.0226011 0.675803 0.544988 0.0571569 -2.12353 -5.09133 -819.712 0 
29 825.364 0.315816 0.0225363 0.669826 0.58676 0.0481094 -0.699625 -5.21047 -819.454 0 
25 827.819 0.306133 0.0226105 0.676609 0.558337 0.0493048 -3.06961 -4.48725 -820.262 0 
16 826.168 0.315065 0.0225588 0.669676 0.549494 0.00835126 -1.58376 -4.85645 -819.727 0 
8 826.981 0.315546 0.0224865 0.668477 0.581093 0.0150891 -2.49794 -4.98527 -819.498 0 
1 831.169 0.31066 0.0223056 0.670048 0.620245 0.0292171 -7.23847 -4.51946 -819.411 0 
7 827.183 0.316021 0.022454 0.671067 0.556325 0.106212 -1.81264 -5.80877 -819.561 0 
13 827.138 0.307723 0.0223399 0.675793 0.579536 0.148169 -2.77158 -4.619 -819.747 0 
24 829.279 0.308087 0.0221809 0.67467 0.577582 0.139888 -4.742 -4.90277 -819.634 0 
6 828.352 0.310064 0.0222341 0.672637 0.550519 0.118169 -3.75683 -4.72236 -819.872 0 
32 827.403 0.304366 0.0223171 0.678896 0.531545 0.134719 -2.61215 -4.56982 -820.221 0 
46 826.671 0.307282 0.0225236 0.678659 0.515784 0.11978 -1.49894 -5.12001 -820.052 0 
4 827.923 0.320144 0.0223112 0.668273 0.516346 0.126281 -0.101901 -8.2342 -819.587 0 
22 826.233 0.322216 0.0225086 0.664851 0.578672 0.114716 -0.569856 -6.20758 -819.456 0 
29 827.634 0.322077 0.0226776 0.664644 0.62688 0.164833 -2.75202 -5.48545 -819.397 0 
15 830.135 0.311301 0.022732 0.671717 0.704266 0.198018 -6.28632 -4.52611 -819.322 0 
2 832.573 0.30863 0.0227893 0.673475 0.734899 0.226987 -8.76226 -4.49922 -819.311 0 
1 833.449 0.301201 0.0226998 0.680414 0.730056 0.292121 -8.71217 -5.19419 -819.543 0 
39 830.427 0.300249 0.022836 0.681458 0.745499 0.283642 -6.16566 -4.88598 -819.375 0 
6 831.842 0.30077 0.0227008 0.67787 0.702749 0.230937 -6.09771 -5.98082 -819.763 0 
5 828.043 0.29821 0.0224505 0.684361 0.649471 0.335905 -3.22313 -4.44798 -820.372 0 
18 829.941 0.297804 0.022724 0.683092 0.687922 0.273862 -4.8929 -5.13076 -819.917 0 
36 826.431 0.309851 0.0226601 0.675655 0.686637 0.297221 -2.16512 -4.84578 -819.421 0 
15 825.494 0.314674 0.0225327 0.671341 0.638371 0.240318 -0.657312 -5.39288 -819.444 0 
16 827.07 0.31447 0.0226415 0.669161 0.669636 0.201321 -3.17461 -4.49714 -819.398 0 
13 826.391 0.317877 0.0226365 0.667496 0.689505 0.182834 -1.90638 -5.09554 -819.389 0 
65 826.234 0.31696 0.0224484 0.665914 0.719266 0.16009 -1.60943 -5.0796 -819.545 0 
2 827.97 0.32042 0.0226775 0.663813 0.689593 0.105256 -3.57468 -4.97344 -819.422 0 
28 826.874 0.313943 0.0224876 0.666705 0.695072 0.120808 -3.04793 -4.51879 -819.307 0 
14 826.934 0.312646 0.0226325 0.672809 0.695119 0.17059 -2.54154 -4.99719 -819.396 0 
39 826.309 0.314451 0.0225874 0.668834 0.684761 0.150622 -2.3973 -4.58848 -819.323 0 
35 825.858 0.316447 0.0225877 0.668501 0.693514 0.165459 -1.19765 -5.22162 -819.439 0 
12 825.46 0.323745 0.0225161 0.661418 0.657106 0.12889 -0.575388 -5.48589 -819.398 0 
1 826.132 0.321341 0.0223712 0.664028 0.672789 0.169575 -0.552469 -6.08492 -819.494 0 
8 825.831 0.322026 0.0224361 0.662397 0.686238 0.173088 -0.731789 -5.62451 -819.475 0 
13 825.442 0.319964 0.0224259 0.665001 0.665481 0.197869 -0.382879 -5.66027 -819.399 0 
28 826.649 0.316349 0.0224399 0.668775 0.684508 0.230961 -1.30644 -5.90394 -819.438 0 
25 826.253 0.310282 0.0223579 0.672655 0.686525 0.245949 -2.04932 -4.84721 -819.357 0 
28 826.694 0.305586 0.0224693 0.676226 0.688224 0.214609 -2.85156 -4.4743 -819.368 0 
74 826.193 0.312968 0.0224442 0.669569 0.702596 0.215172 -2.07543 -4.7659 -819.352 0 
9 830.373 0.307568 0.0222993 0.672666 0.710597 0.216278 -6.52839 -4.52996 -819.315 0 
17 829.875 0.306088 0.0223777 0.67419 0.70365 0.229533 -6.08932 -4.45253 -819.333 0 
21 825.584 0.307644 0.0225468 0.675853 0.670253 0.192392 -1.68388 -4.53385 -819.366 0 
28 826.384 0.311289 0.0226121 0.671602 0.693539 0.167402 -2.5321 -4.53612 -819.316 0 
35 826.835 0.312641 0.02258 0.671847 0.683626 0.196044 -2.40928 -5.05729 -819.368 0 
32 826.035 0.316365 0.0225136 0.667145 0.652397 0.163207 -1.83638 -4.83885 -819.36 0 
2 825.626 0.317177 0.0226028 0.667649 0.667998 0.181358 -1.31543 -4.95643 -819.354 0 
13 826.794 0.311228 0.0226754 0.670647 0.720117 0.202292 -2.94717 -4.54143 -819.306 0 
14 826.701 0.30927 0.022444 0.673405 0.706 0.272399 -2.79642 -4.54473 -819.36 0 
11 826.77 0.310304 0.022517 0.672686 0.719911 0.286883 -2.71985 -4.70475 -819.346 0 
26 826.458 0.305935 0.0225337 0.677142 0.696421 0.28796 -2.52145 -4.52325 -819.413 0 
24 826.487 0.314406 0.0223909 0.668844 0.693954 0.298815 -2.09451 -5.00595 -819.387 0 
10 828.873 0.308033 0.0224592 0.674836 0.626257 0.277762 -4.4702 -4.5676 -819.835 0 
1 829.972 0.317274 0.0226732 0.667836 0.649276 0.22416 -5.49509 -5.06676 -819.41 0 
52 827.884 0.316605 0.0227552 0.669024 0.65537 0.222291 -3.72839 -4.73327 -819.422 0 
43 826.657 0.306742 0.0226324 0.676552 0.621764 0.218382 -2.35045 -4.41438 -819.892 0 
14 827.751 0.303811 0.0225904 0.679847 0.59197 0.238046 -2.94273 -4.4287 -820.379 0 
28 827.414 0.308113 0.0226634 0.678492 0.549764 0.260045 -2.15539 -4.79788 -820.46 0 
10 827.775 0.311392 0.0224769 0.674862 0.497934 0.246438 -1.88483 -4.96352 -820.927 0 
9 828.455 0.304434 0.022363 0.681686 0.513384 0.378514 -1.25078 -5.05349 -822.151 0 
37 828.402 0.311383 0.0224695 0.675582 0.47435 0.327479 -1.01993 -5.74444 -821.638 0 
52 827.826 0.305484 0.0225013 0.680752 0.466461 0.321614 -0.536226 -4.91859 -822.371 0 
17 829.433 0.309944 0.0225164 0.67873 0.462222 0.350185 -1.29258 -6.34744 -821.793 0 
12 829.656 0.309938 0.0224799 0.67824 0.429459 0.334098 -1.52175 -5.65001 -822.484 0 
14 829.41 0.308699 0.0225091 0.680442 0.433384 0.33743 -1.1042 -6.15695 -822.149 0 
14 828.634 0.310515 0.0225104 0.678003 0.450379 0.282953 -1.37669 -5.85235 -821.405 0 
59 827.043 0.30788 0.0223998 0.678173 0.491596 0.308964 -0.346082 -5.27781 -821.419 0 
1 828.651 0.306588 0.0225773 0.678557 0.471638 0.266204 -2.04225 -4.69226 -821.917 0 
5 828.424 0.30369 0.0223182 0.680233 0.522815 0.303324 -2.34768 -4.62481 -821.451 0 
14 829.264 0.321511 0.022477 0.667781 0.536185 0.283647 -1.44369 -7.92595 -819.894 0 
13 827.442 0.314406 0.0225189 0.672501 0.582451 0.255799 -1.72333 -6.00895 -819.71 0 
2 827.033 0.311742 0.0223516 0.671578 0.570365 0.255407 -2.08403 -4.7606 -820.188 0 
4 828.348 0.304347 0.0223725 0.677402 0.612155 0.291723 -3.6121 -4.39885 -820.337 0 
18 826.426 0.318668 0.0223549 0.66793 0.642918 0.337244 -0.227166 -6.64557 -819.553 0 
30 826.628 0.316759 0.0223847 0.669371 0.624825 0.349476 -0.721245 -6.12754 -819.779 0 
4 828.426 0.315929 0.0222483 0.672117 0.614195 0.429056 -0.400086 -7.89522 -820.131 0 
1 828.599 0.316178 0.0223234 0.669845 0.609484 0.392224 -2.70805 -5.46815 -820.423 0 
3 827.622 0.305834 0.0225764 0.680778 0.620802 0.417839 -1.75236 -5.08266 -820.787 0 
22 828.655 0.30795 0.0224695 0.678937 0.572755 0.350587 -2.87999 -5.05305 -820.722 0 
14 826.142 0.306104 0.0224328 0.677944 0.608273 0.309004 -1.34743 -4.55354 -820.241 0 
22 826.48 0.313219 0.0226256 0.672299 0.651532 0.310566 -1.92407 -4.91845 -819.637 0 
7 826.158 0.310604 0.0225912 0.674908 0.650701 0.335728 -1.608 -4.70736 -819.843 0 
49 826.058 0.306481 0.0225136 0.676244 0.716414 0.371109 -1.96311 -4.42628 -819.669 0 
25 827.36 0.311145 0.0225753 0.670767 0.746042 0.358572 -3.37632 -4.5138 -819.47 0 
5 827.28 0.305789 0.0225189 0.675274 0.747565 0.39956 -3.07168 -4.4969 -819.711 0 
2 827.219 0.303491 0.0226474 0.681138 0.731897 0.443011 -2.8116 -4.49152 -819.916 0 
36 825.948 0.303874 0.022612 0.680534 0.709976 0.395507 -1.67647 -4.46406 -819.808 0 
16 826.09 0.313816 0.0224466 0.668119 0.729424 0.367295 -2.11044 -4.4912 -819.488 0 
1 826.008 0.322161 0.0223725 0.66226 0.779581 0.37967 -0.768009 -5.72808 -819.512 0 
62 826.535 0.320889 0.0222988 0.663916 0.746351 0.376174 -1.07644 -6.01829 -819.44 0 
5 828.095 0.327306 0.0223905 0.659168 0.688941 0.34405 -1.55869 -7.08429 -819.452 0 
5 828.067 0.318831 0.0225446 0.669747 0.724201 0.41937 -1.79765 -6.79538 -819.474 0 
5 827.31 0.320697 0.0224577 0.667452 0.675366 0.41746 -0.499878 -7.16497 -819.645 0 
39 825.865 0.319498 0.0224671 0.667029 0.691895 0.392082 -0.481233 -5.82379 -819.56 0 
1 825.55 0.310421 0.0224851 0.675254 0.711127 0.415434 -0.814151 -5.07768 -819.658 0 
5 828.371 0.319662 0.0225283 0.667005 0.679241 0.347079 -2.58875 -6.32135 -819.461 0 
4 826.17 0.317749 0.0226291 0.667552 0.669132 0.284417 -1.87619 -4.82567 -819.468 0 
9 827.113 0.309446 0.0224601 0.677511 0.646535 0.38273 -1.79118 -5.37855 -819.944 0 
56 826.523 0.311334 0.0224917 0.676331 0.620597 0.376269 -0.619769 -5.86337 -820.04 0 
4 830.458 0.308913 0.022305 0.674574 0.656254 0.369601 -5.46482 -5.15936 -819.834 0 
39 826.609 0.320361 0.0223749 0.666659 0.62637 0.363503 -0.497773 -6.30515 -819.806 0 
5 826.946 0.322748 0.0224061 0.665164 0.646442 0.364456 -0.108037 -7.25335 -819.584 0 
10 826.584 0.324508 0.0223516 0.662679 0.651797 0.358635 -0.0311543 -6.99812 -819.555 0 
17 826.512 0.321888 0.0223394 0.665063 0.670137 0.370999 -0.067893 -6.92539 -819.519 0 
56 826.57 0.321245 0.0223367 0.662081 0.743862 0.367282 -1.82405 -5.35402 -819.392 0 
14 828.633 0.322697 0.0222892 0.666076 0.716113 0.446962 -0.273624 -8.82381 -819.535 0 
6 829.442 0.320691 0.0222473 0.667221 0.705894 0.465753 -2.23262 -7.55134 -819.659 0 
52 827.651 0.319682 0.0222775 0.662691 0.733769 0.384866 -3.20346 -5.02556 -819.422 0 
28 827.47 0.320833 0.0222315 0.663746 0.789421 0.461314 -1.71822 -6.29856 -819.453 0 
35 827.385 0.324337 0.022324 0.662005 0.773638 0.450993 -0.592312 -7.29267 -819.5 0 
1 826.836 0.318139 0.0222881 0.66639 0.77099 0.445951 -1.4076 -5.99485 -819.434 0 
42 825.98 0.308325 0.0225781 0.674227 0.769846 0.425434 -1.98598 -4.44264 -819.551 0 
7 827.22 0.303944 0.0225403 0.678307 0.744815 0.44113 -2.69762 -4.46615 -820.056 0 
34 825.525 0.310693 0.0225525 0.673589 0.703043 0.397477 -1.12806 -4.62507 -819.772 0 
24 827.487 0.318842 0.0224454 0.668877 0.621756 0.336702 -1.51664 -6.25892 -819.711 0 
29 828.063 0.315934 0.022615 0.670435 0.629652 0.297553 -2.96318 -5.4729 -819.627 0 
8 827.725 0.31478 0.0224118 0.67193 0.584345 0.328531 -2.05042 -5.50108 -820.173 0 
35 827.738 0.308841 0.0225308 0.6756 0.618112 0.343633 -2.74248 -4.72957 -820.266 0 
1 829.419 0.310468 0.0224054 0.674162 0.624228 0.355136 -4.45542 -4.62304 -820.341 0 
6 828.362 0.314108 0.0223297 0.67249 0.62029 0.366125 -1.77389 -6.77888 -819.81 0 
4 827.251 0.313977 0.0225592 0.67101 0.619749 0.31985 -2.34479 -4.94942 -819.956 0 
24 825.995 0.313425 0.022437 0.673236 0.593087 0.331173 -0.288791 -5.64359 -820.063 0 
48 826.175 0.31367 0.0224432 0.671876 0.568309 0.321294 -0.493967 -5.25214 -820.429 0 
1 829.06 0.318872 0.0224721 0.67063 0.494269 0.316632 -0.962462 -7.53472 -820.562 0 
20 827.985 0.314753 0.022448 0.673512 0.475783 0.292776 -0.476986 -6.67351 -820.835 0 
25 828.509 0.306641 0.0225407 0.678402 0.520667 0.274446 -2.69734 -4.77486 -821.037 0 
10 829.845 0.310165 0.0223973 0.677368 0.566533 0.381801 -3.40486 -5.56374 -820.876 0 
9 830.508 0.296688 0.0224982 0.684813 0.625907 0.327217 -4.52215 -4.86038 -821.126 0 
1 830.294 0.313791 0.0225614 0.671969 0.628815 0.296683 -5.12515 -5.55086 -819.618 0 
11 827.759 0.309818 0.0225842 0.674296 0.598198 0.249295 -3.19725 -4.60136 -819.96 0 
5 826.803 0.313438 0.0226017 0.673237 0.58494 0.202944 -2.01327 -5.09629 -819.694 0 
65 826.328 0.301627 0.0224991 0.682284 0.569463 0.233019 -1.47485 -4.42843 -820.425 0 
29 826.07 0.314177 0.0223897 0.670764 0.532078 0.213437 -0.804806 -5.01113 -820.254 0 
4 828.228 0.318695 0.0223803 0.670467 0.571758 0.25745 -0.668165 -7.97259 -819.588 0 
19 831.567 0.309892 0.0223471 0.674255 0.59855 0.287313 -6.81328 -4.57857 -820.175 0 
6 828.962 0.305665 0.0222201 0.67816 0.536136 0.243015 -3.65807 -4.83001 -820.474 0 
6 827.137 0.305308 0.0223982 0.677821 0.545113 0.155746 -2.38549 -4.43964 -820.312 0 
13 828.365 0.314726 0.0223047 0.670296 0.538533 0.132995 -2.6965 -5.98855 -819.68 0 
8 827.413 0.323842 0.0224586 0.664246 0.544737 0.155296 -0.618678 -7.23096 -819.563 0 
2 825.83 0.316224 0.0224052 0.66919 0.53797 0.151491 -0.721863 -5.23056 -819.878 0 
46 825.637 0.312977 0.022521 0.671345 0.541823 0.157288 -0.867036 -4.62549 -820.145 0 
8 827.775 0.311529 0.0225306 0.673609 0.589069 0.212614 -2.9481 -5.1414 -819.686 0 
11 827.977 0.306053 0.0227255 0.676695 0.6231 0.225927 -3.33574 -4.53314 -820.108 0 
164 825.617 0.310855 0.0224622 0.672437 0.618199 0.209551 -1.42651 -4.52419 -819.666 0 
29 825.292 0.311867 0.0225635 0.6722 0.63344 0.19634 -1.1832 -4.60958 -819.499 0 
9 826.718 0.318088 0.0224202 0.669347 0.619957 0.261133 -0.752822 -6.48351 -819.482 0 
36 825.789 0.30896 0.0225791 0.673893 0.659284 0.199775 -1.88425 -4.44464 -819.46 0 
11 826.144 0.312016 0.0226249 0.672673 0.639361 0.204474 -1.95684 -4.7314 -819.456 0 
5 827.334 0.312761 0.0227535 0.671107 0.671014 0.201223 -3.46422 -4.46533 -819.405 0 
40 826.188 0.319697 0.0224318 0.667063 0.660971 0.223552 -0.227378 -6.5132 -819.447 0 
7 826.819 0.324681 0.0222958 0.661506 0.640981 0.209355 -0.36095 -7.00226 -819.455 0 
8 826.327 0.318449 0.0223385 0.66408 0.658322 0.205999 -2.1644 -4.7844 -819.379 0 
25 827.442 0.32695 0.0223094 0.66026 0.598357 0.210351 -0.894581 -7.08374 -819.464 0 
18 826.615 0.323358 0.0222973 0.662596 0.613581 0.230101 -0.816052 -6.33902 -819.46 0 
45 826.155 0.322322 0.0224542 0.664641 0.592857 0.234583 -0.482951 -6.10594 -819.566 0 
6 826.332 0.311224 0.0224886 0.674422 0.581387 0.303168 -0.978136 -5.18912 -820.165 0 
15 826.178 0.306208 0.0224839 0.678467 0.56793 0.284663 -1.01995 -4.57884 -820.579 0 
20 826.59 0.309603 0.0224068 0.676922 0.503487 0.229777 -0.711279 -5.36727 -820.512 0 
6 830.625 0.299422 0.0227466 0.685391 0.528934 0.216801 -4.58421 -4.58056 -821.46 0 
15 831.652 0.298317 0.0227519 0.688244 0.496245 0.166989 -5.88665 -4.46023 -821.305 0 
8 829.582 0.303905 0.022734 0.681499 0.51568 0.145917 -4.4848 -4.48287 -820.614 0 
31 831.317 0.301884 0.022833 0.685135 0.49303 0.170029 -5.70012 -4.46941 -821.148 0 
8 832.276 0.317645 0.022634 0.671289 0.521319 0.192578 -6.55759 -5.69601 -820.023 0 
5 828.563 0.31261 0.0226874 0.674551 0.550481 0.213701 -3.33209 -5.23833 -819.993 0 
25 828.197 0.306076 0.0226541 0.678612 0.541777 0.217494 -2.92483 -4.42994 -820.842 0 
14 828.444 0.303099 0.0223876 0.678741 0.569722 0.235596 -3.43434 -4.40753 -820.602 0 
2 827.818 0.308905 0.0223595 0.674381 0.566222 0.233606 -2.99257 -4.50516 -820.32 0 
1 828.981 0.302934 0.0226324 0.680519 0.635294 0.285817 -4.24071 -4.50063 -820.24 0 
9 829.958 0.296851 0.0227156 0.686823 0.700873 0.351594 -5.22846 -4.6927 -820.037 0 
12 830.15 0.297589 0.0226049 0.682509 0.722664 0.349545 -4.88226 -5.2517 -820.016 0 
2 830.783 0.302649 0.0228588 0.679725 0.743296 0.376804 -6.2889 -4.7256 -819.769 0 
4 828.434 0.302184 0.0226398 0.678935 0.774689 0.418021 -3.86387 -4.83269 -819.737 0 
27 826.113 0.308536 0.0224848 0.675494 0.742519 0.44681 -1.77389 -4.55744 -819.782 0 
17 826.752 0.315858 0.02261 0.669831 0.742368 0.380622 -2.35771 -4.9962 -819.398 0 
12 825.324 0.317749 0.0224654 0.667583 0.714074 0.366627 -0.384788 -5.51521 -819.424 0 
14 825.752 0.312136 0.0226105 0.672299 0.756641 0.410903 -1.65457 -4.63795 -819.459 0 
27 826.262 0.316159 0.0225474 0.667497 0.748895 0.372479 -2.03494 -4.85105 -819.376 0 
109 826.053 0.319667 0.0225292 0.665618 0.757873 0.352022 -1.26161 -5.36428 -819.427 0 
11 826.983 0.326503 0.0223734 0.65955 0.745183 0.324523 -0.247691 -7.03106 -819.704 0 
6 828.136 0.316211 0.0224265 0.66499 0.808977 0.358696 -3.83004 -4.79872 -819.508 0 
33 829.519 0.314589 0.0224532 0.668432 0.792162 0.392556 -4.87567 -5.19923 -819.444 0 
1 828.459 0.31432 0.0224546 0.667157 0.764556 0.322404 -4.54865 -4.58562 -819.325 0 
32 826.276 0.309087 0.0224361 0.673149 0.718408 0.38421 -2.15259 -4.44389 -819.679 0 
5 830.15 0.297488 0.0224637 0.683096 0.777577 0.452263 -5.34478 -4.81283 -819.992 0 
4 829.211 0.305274 0.0227311 0.679308 0.723641 0.368167 -5.11006 -4.45695 -819.644 0 
3 834.589 0.300119 0.0229671 0.684171 0.66228 0.37453 -8.56467 -4.92523 -821.099 0 
3 829.153 0.299592 0.0228175 0.685064 0.678198 0.336952 -4.69918 -4.43867 -820.015 0 
49 829.712 0.296184 0.0227529 0.686553 0.671973 0.314336 -4.85435 -4.67875 -820.178 0 
25 828.407 0.310565 0.0224917 0.672935 0.576986 0.247449 -3.60927 -4.64166 -820.156 0 
61 826.951 0.306752 0.0226119 0.679758 0.551273 0.289441 -1.46749 -4.86912 -820.614 0 
26 827.098 0.307484 0.0224195 0.679094 0.528162 0.286704 -1.22077 -5.19118 -820.686 0 
18 827.848 0.312405 0.0225496 0.673454 0.516072 0.208175 -2.30317 -5.19481 -820.35 0 
19 827.662 0.308838 0.0225605 0.677612 0.54989 0.240835 -2.54249 -4.80753 -820.312 0 
9 826.725 0.311687 0.0223998 0.672864 0.534527 0.214008 -1.59729 -4.74234 -820.386 0 
2 830.096 0.327087 0.0222954 0.659995 0.544217 0.193093 -2.56684 -7.94743 -819.582 0 
73 826.215 0.314829 0.0224279 0.671108 0.557738 0.234522 -0.962686 -5.27071 -819.982 0 
83 825.793 0.315582 0.0224422 0.670311 0.562474 0.262354 -0.422656 -5.30491 -820.065 0 
7 828.259 0.317842 0.022389 0.670644 0.593272 0.328851 -0.679457 -7.87833 -819.701 0 
50 827.256 0.307844 0.0223584 0.678886 0.581814 0.331014 -1.51963 -5.52194 -820.215 0 
10 828.95 0.310509 0.022544 0.6753 0.524438 0.2616 -3.17632 -5.18741 -820.586 0 
11 827.754 0.312777 0.0223328 0.673101 0.486553 0.228501 -1.70343 -5.3225 -820.728 0 
37 826.532 0.306707 0.0224154 0.678481 0.498486 0.245266 -0.64781 -4.90006 -820.984 0 
18 828.298 0.304341 0.0226675 0.679312 0.498765 0.161528 -2.41647 -4.48427 -821.397 0 
3 828.828 0.294781 0.0225821 0.689113 0.486851 0.192921 -2.23421 -4.59788 -821.996 0 
11 829.25 0.299774 0.0226804 0.683084 0.517829 0.164389 -3.02792 -4.71306 -821.509 0 
33 829.365 0.299637 0.0227712 0.685568 0.541227 0.224494 -3.79512 -4.46221 -821.107 0 
5 828.806 0.305491 0.0227747 0.679665 0.583233 0.253329 -3.90187 -4.41148 -820.492 0 
10 829.671 0.297115 0.022692 0.687604 0.57417 0.304158 -4.09257 -4.4376 -821.141 0 
15 828.347 0.311008 0.0226707 0.676801 0.543127 0.263433 -2.73094 -5.32687 -820.289 0 
8 828.064 0.305275 0.0226994 0.680708 0.56572 0.290863 -2.7984 -4.57574 -820.69 0 
45 825.83 0.308133 0.0225031 0.677233 0.573367 0.271351 -0.820814 -4.75305 -820.257 0 
18 826.832 0.310181 0.0225962 0.676748 0.555956 0.261544 -1.53623 -5.05989 -820.236 0 
1 827.727 0.314271 0.0225367 0.671442 0.604402 0.281755 -2.57181 -5.39158 -819.763 0 
1 829.183 0.319917 0.0223125 0.669662 0.571128 0.318694 -0.258038 -9.2332 -819.691 0 
10 829.426 0.323386 0.0224968 0.665778 0.607598 0.343481 -1.79406 -7.96261 -819.669 0 
5 826.945 0.323162 0.0224661 0.664624 0.633561 0.350214 -0.460092 -6.85223 -819.632 0 
35 827.586 0.323025 0.0223024 0.664962 0.650643 0.388285 -0.0967276 -7.88081 -819.609 0 
21 825.775 0.310485 0.0225811 0.674165 0.683231 0.38539 -1.25963 -4.63377 -819.882 0 
13 826.056 0.309578 0.0226147 0.674481 0.68141 0.358063 -1.74151 -4.45221 -819.863 0 
10 826.163 0.311411 0.0223348 0.673444 0.699391 0.383168 -1.08672 -5.56319 -819.513 0 
132 827.023 0.321247 0.0224613 0.66573 0.631374 0.319463 -0.912271 -6.54555 -819.566 0 
8 827.411 0.314169 0.0223032 0.669992 0.649221 0.287915 -2.82172 -5.05864 -819.531 0 
8 829.209 0.314073 0.0222623 0.667039 0.733656 0.2874 -5.20762 -4.65939 -819.342 0 
45 826.582 0.318746 0.0223448 0.665976 0.705816 0.284458 -1.06433 -6.06141 -819.456 0 
14 825.512 0.316164 0.0225203 0.669538 0.667856 0.29476 -0.646302 -5.43176 -819.434 0 
3 826.201 0.314376 0.0225893 0.670604 0.692073 0.289648 -2.01763 -4.78853 -819.395 0 
44 827.696 0.312745 0.0227531 0.672738 0.692659 0.245314 -3.62204 -4.72151 -819.352 0 
6 827.77 0.317673 0.022712 0.668394 0.649017 0.226593 -3.29001 -5.06553 -819.415 0 
4 829.102 0.308811 0.0225436 0.676763 0.654695 0.269757 -4.87147 -4.69748 -819.533 0 
4 829.291 0.305097 0.0224597 0.675379 0.655752 0.214407 -5.25951 -4.42248 -819.61 0 
8 828.651 0.302065 0.0223888 0.681235 0.57603 0.250068 -3.84531 -4.56495 -820.241 0 
4 828.662 0.310172 0.0222749 0.673311 0.522205 0.213293 -3.28021 -4.98887 -820.393 0 
37 828.666 0.312687 0.0222218 0.67059 0.489929 0.150748 -3.20867 -4.97567 -820.481 0 
17 829.097 0.311823 0.0222502 0.675527 0.485486 0.184175 -2.53319 -6.43824 -820.126 0 
29 829.609 0.311328 0.0221614 0.674509 0.522736 0.176287 -3.65478 -6.09931 -819.855 0 
9 827.54 0.313039 0.0222637 0.672092 0.466617 0.0899505 -1.56064 -5.74559 -820.234 0 
20 828.289 0.320569 0.0222228 0.666872 0.498917 0.0667594 -0.672091 -7.99886 -819.618 0 
93 826.086 0.31394 0.0223343 0.671456 0.501158 0.067126 -0.657764 -5.4722 -819.956 0 
35 828.303 0.322892 0.0222586 0.66537 0.445787 0.0564163 -0.441732 -7.95746 -819.904 0 
36 829.192 0.319834 0.0223082 0.668367 0.431796 0.0623753 -1.05175 -8.14649 -819.993 0 
2 833.447 0.332035 0.0222441 0.659491 0.402903 0.0571415 -2.53522 -11.0586 -819.854 0 
2 834.003 0.323434 0.0222811 0.666577 0.415205 0.0835727 -5.56225 -8.36588 -820.075 0 
14 828.43 0.321227 0.022237 0.666484 0.392552 0.0845544 -0.435952 -7.56738 -820.427 0 
157 826.808 0.318056 0.022437 0.66843 0.451989 0.060528 -0.607922 -5.92265 -820.277 0 
16 826.406 0.310565 0.0224928 0.674381 0.502711 0.081701 -1.30226 -4.91194 -820.192 0 
9 826.685 0.313952 0.0225472 0.67259 0.511786 0.0961695 -1.2748 -5.49235 -819.918 0 
52 827.437 0.307614 0.0227123 0.677285 0.558294 0.120058 -2.91611 -4.42091 -820.1 0 
34 828.422 0.300485 0.0224316 0.68115 0.560582 0.151089 -3.50027 -4.45654 -820.465 0 
1 829.368 0.309422 0.0224353 0.673371 0.588415 0.175985 -4.98738 -4.63739 -819.743 0 
11 829.279 0.317632 0.0223918 0.669217 0.552482 0.199858 -3.82005 -5.67454 -819.784 0 
23 831.317 0.310909 0.0220992 0.671493 0.594134 0.195102 -6.63292 -5.08667 -819.597 0 
3 831.177 0.316444 0.0220709 0.668834 0.542224 0.200777 -4.3402 -7.18528 -819.651 0 
71 827.03 0.313035 0.0222893 0.671214 0.521798 0.151523 -1.90377 -5.02863 -820.098 0 
20 826.333 0.307636 0.0223585 0.678314 0.489418 0.187032 -0.474612 -5.42789 -820.43 0 
5 826.239 0.307338 0.0224577 0.678863 0.497312 0.209786 -0.454112 -5.23339 -820.551 0 
6 827.051 0.315994 0.022435 0.671877 0.455514 0.18322 -0.172922 -6.44606 -820.432 0 
27 826.604 0.313907 0.0223474 0.672021 0.478206 0.171448 -0.471257 -5.77809 -820.354 0 
14 827.371 0.316375 0.0224259 0.670173 0.475277 0.13526 -1.10849 -6.08963 -820.173 0 
23 827.046 0.313612 0.0223067 0.671015 0.48816 0.155611 -1.51132 -5.07502 -820.459 0 
7 829.509 0.320565 0.0223491 0.669582 0.47532 0.18867 -0.532388 -9.14222 -819.835 0 
32 826.755 0.31284 0.022321 0.672908 0.484391 0.17524 -0.682039 -5.76532 -820.308 0 
4 826.219 0.311103 0.0225049 0.6739 0.471007 0.128595 -0.6614 -4.73267 -820.825 0 
15 826.731 0.317182 0.0223596 0.668354 0.512363 0.125453 -1.39875 -5.33003 -820.002 0 
12 826.776 0.322096 0.02238 0.665631 0.537142 0.176152 -0.0232399 -7.11562 -819.637 0 
5 827.832 0.321833 0.0224034 0.667076 0.568016 0.246283 -0.355728 -7.89191 -819.584 0 
10 830.3 0.31588 0.0224909 0.672644 0.508588 0.248376 -3.99672 -5.97826 -820.325 0 
8 832.822 0.316373 0.0224505 0.673612 0.47182 0.270326 -5.27911 -6.96744 -820.576 0 
1 827.713 0.306384 0.0223643 0.678341 0.526145 0.296611 -1.81898 -4.7209 -821.173 0 
9 832.375 0.310935 0.0222441 0.67456 0.546875 0.319924 -6.50767 -5.15057 -820.717 0 
17 829.258 0.314428 0.0225179 0.672223 0.511342 0.276078 -2.88227 -5.78285 -820.593 0 
1 828.918 0.300857 0.0223788 0.686053 0.508154 0.371249 -1.73924 -5.0677 -822.111 0 
20 829.065 0.297921 0.0225028 0.685528 0.533192 0.266179 -3.19751 -4.45842 -821.409 0 
36 828.069 0.305142 0.0226461 0.681976 0.518548 0.276184 -2.19484 -4.95584 -820.918 0 
166 828.33 0.303493 0.0226597 0.680375 0.513622 0.206206 -2.36764 -4.49821 -821.464 0 
9 827.907 0.313354 0.0225914 0.674813 0.513504 0.226515 -1.96242 -5.67782 -820.267 0 
5 828.048 0.319292 0.0225815 0.667171 0.572209 0.198799 -2.69144 -5.69963 -819.657 0 
19 827.37 0.321622 0.022234 0.664662 0.586176 0.236999 -0.989819 -6.83744 -819.543 0 
15 825.811 0.315677 0.0223622 0.669253 0.589412 0.203582 -0.717762 -5.5111 -819.582 0 
9 826.194 0.31357 0.0224543 0.669629 0.564426 0.139706 -1.71422 -4.6093 -819.87 0 
9 828.624 0.328509 0.0225111 0.660654 0.571532 0.176625 -1.33627 -7.79968 -819.488 0 
28 826.484 0.309003 0.0226161 0.677077 0.57718 0.200499 -1.73943 -4.94919 -819.795 0 
20 826.293 0.308784 0.0226726 0.674785 0.644826 0.181329 -2.35277 -4.43344 -819.506 0 
21 825.215 0.313874 0.0224925 0.67165 0.625279 0.169929 -0.519942 -5.28866 -819.406 0 
30 826.166 0.318324 0.0223631 0.665988 0.637625 0.127088 -1.5357 -5.26133 -819.369 0 
1 825.985 0.316349 0.0223423 0.666959 0.602033 0.121116 -1.5748 -4.94335 -819.467 0 
37 827.646 0.326545 0.0224771 0.661589 0.565572 0.0654559 -0.794217 -7.39778 -819.454 0 
14 826.09 0.322216 0.0223395 0.663 0.602945 0.0919318 -0.905387 -5.78397 -819.401 0 
12 826.218 0.317309 0.0224431 0.66972 0.592722 0.122926 -0.225846 -6.56453 -819.427 0 
13 826.019 0.315994 0.0225056 0.671051 0.585137 0.161408 -0.625093 -5.90118 -819.492 0 
63 825.889 0.317906 0.0223584 0.666074 0.637627 0.158334 -1.14195 -5.36976 -819.377 0 
29 825.833 0.319454 0.0223538 0.664748 0.592832 0.143705 -1.00712 -5.34175 -819.484 0 
43 825.943 0.318002 0.0223877 0.665696 0.629909 0.155527 -1.3886 -5.16654 -819.388 0 
72 825.837 0.324536 0.0224504 0.662018 0.613302 0.187035 -0.249345 -6.16128 -819.426 0 
4 826.206 0.322852 0.0224978 0.66407 0.607894 0.199924 -0.503422 -6.25519 -819.447 0 
72 825.64 0.312692 0.0224588 0.670645 0.672497 0.253103 -1.47563 -4.76711 -819.398 0 
27 825.245 0.313443 0.0224353 0.670806 0.665917 0.237036 -0.869138 -4.9943 -819.382 0 
1 827.328 0.312779 0.0224821 0.668249 0.654344 0.18245 -3.44802 -4.41516 -819.465 0 
9 826.928 0.319238 0.0223388 0.667374 0.662047 0.260404 -0.301886 -7.15832 -819.468 0 
6 826.92 0.319204 0.0222732 0.663738 0.6349 0.200159 -2.42945 -5.07331 -819.417 0 
10 827.693 0.31832 0.0223406 0.666027 0.626641 0.207911 -2.50774 -5.76653 -819.419 0 
21 827.462 0.319622 0.0224247 0.666468 0.624059 0.220722 -2.46161 -5.54965 -819.451 0 
13 827.176 0.313813 0.0225702 0.673913 0.593669 0.233849 -1.47959 -6.13362 -819.563 0 
3 828.863 0.304324 0.0226317 0.680939 0.634305 0.230469 -4.71986 -4.46906 -819.675 0 
33 827.184 0.30692 0.0227192 0.67645 0.635786 0.184228 -3.13071 -4.41137 -819.642 0 
11 827.958 0.316511 0.0225942 0.670597 0.640031 0.272719 -2.45565 -6.04437 -819.458 0 
11 826.744 0.312189 0.0223805 0.674368 0.603437 0.297502 -1.3083 -5.67032 -819.766 0 
37 825.29 0.313397 0.0224306 0.670742 0.632565 0.258773 -0.81276 -4.89837 -819.579 0 
13 825.466 0.310859 0.0224562 0.673715 0.593022 0.230342 -0.798038 -4.8874 -819.781 0 
128 825.592 0.315524 0.0223692 0.669532 0.565643 0.170348 -0.561072 -5.34931 -819.682 0 
3 825.737 0.318113 0.0223457 0.667172 0.571976 0.145348 -0.524299 -5.66582 -819.547 0 
58 825.68 0.315966 0.0224789 0.6694 0.546376 0.123401 -0.66908 -5.26416 -819.747 0 
12 828.353 0.321092 0.0225264 0.66509 0.555396 0.058766 -2.86453 -5.96797 -819.52 0 
19 828.987 0.322901 0.0224604 0.666652 0.533171 0.0502395 -1.52662 -7.9567 -819.503 0 
19 828.317 0.320066 0.0224521 0.669322 0.505141 0.0255079 -0.899551 -7.82995 -819.588 0 
7 828.373 0.322388 0.0222158 0.664788 0.58216 0.0309656 -0.729095 -8.15069 -819.493 0 
14 830.003 0.326746 0.0221713 0.659768 0.620616 0.00759891 -2.69698 -7.72007 -819.586 0 
13 828.683 0.322421 0.022387 0.665864 0.586748 0.0152277 -1.8029 -7.4213 -819.458 0 
26 826.816 0.314388 0.0223017 0.669202 0.631946 0.00719275 -2.02629 -5.41355 -819.376 0 
10 829.062 0.310952 0.0223312 0.66954 0.608504 0.0111602 -5.03678 -4.42801 -819.597 0 
5 827.741 0.319727 0.0222241 0.663936 0.627996 0.0519193 -2.77325 -5.58305 -819.384 0 
9 828.004 0.32908 0.0222538 0.656582 0.639769 0.0710295 -1.80798 -6.67411 -819.522 0 
28 826.767 0.319319 0.0222916 0.663933 0.649548 0.0492348 -1.98361 -5.38515 -819.398 0 
24 826.262 0.320412 0.0223782 0.663504 0.677652 0.0646433 -1.07528 -5.64406 -819.543 0 
37 826.72 0.317698 0.0223178 0.665074 0.636552 0.00848392 -2.46898 -4.90293 -819.348 0 
1 827.165 0.315323 0.0223501 0.667982 0.662181 0.0671997 -2.82552 -4.97279 -819.367 0 
44 826.594 0.317156 0.0224649 0.665252 0.730659 0.074266 -2.03904 -4.90878 -819.647 0 
30 826.614 0.312589 0.0225712 0.669661 0.717003 0.0449972 -2.52758 -4.66708 -819.42 0 
43 826.475 0.317429 0.022443 0.666138 0.694143 0.0281729 -1.4957 -5.38073 -819.599 0 
64 825.461 0.321436 0.0225081 0.662519 0.676476 0.0297709 -0.986104 -5.05173 -819.423 0 
77 826.043 0.322845 0.0224461 0.662658 0.640766 0.089863 -0.547485 -6.0586 -819.437 0 
43 825.787 0.313763 0.0225753 0.669307 0.681369 0.108432 -1.77615 -4.67111 -819.34 0 
7 825.337 0.315839 0.0224875 0.66822 0.636074 0.101339 -0.977973 -4.99979 -819.36 0 
52 826.291 0.318158 0.0222901 0.667049 0.57853 0.114117 -0.864213 -5.96463 -819.462 0 
15 826.154 0.313985 0.0223078 0.670963 0.589511 0.146186 -0.973529 -5.71306 -819.468 0 
8 827.799 0.319548 0.0224081 0.666858 0.566974 0.114751 -1.68685 -6.63913 -819.473 0 
39 826.611 0.322897 0.0223024 0.663206 0.610934 0.117469 -0.363539 -6.81156 -819.435 0 
53 826.238 0.31895 0.0225523 0.667584 0.641246 0.144152 -1.10762 -5.73737 -819.393 0 
29 827.629 0.315721 0.0224847 0.669599 0.623593 0.153244 -3.22564 -4.98868 -819.415 0 
21 826.351 0.313704 0.0224526 0.671868 0.590096 0.161271 -1.68551 -5.10754 -819.557 0 
32 826.608 0.31204 0.0223913 0.673995 0.585402 0.166383 -1.61148 -5.45924 -819.537 0 
71 826.094 0.311948 0.0223597 0.673765 0.56944 0.157366 -1.01175 -5.47616 -819.606 0 
3 826.892 0.315225 0.0223498 0.670602 0.512058 0.124005 -1.47961 -5.44744 -819.965 0 
22 827.549 0.320548 0.0223034 0.66561 0.51222 0.0993597 -1.15078 -6.70306 -819.696 0 
5 826.716 0.312149 0.0223419 0.67217 0.521538 0.0888271 -1.6277 -5.18325 -819.905 0 
141 825.844 0.307145 0.0223984 0.67832 0.509555 0.0795755 -0.771883 -5.01667 -820.056 0 
18 826.226 0.311296 0.0225655 0.674685 0.483406 0.0704151 -0.932095 -4.92112 -820.372 0 
22 826.558 0.303612 0.0225538 0.680091 0.550876 0.0769272 -1.99202 -4.40356 -820.162 0 
25 825.999 0.312352 0.0224444 0.671559 0.55845 0.0820139 -1.46199 -4.81919 -819.718 0 
15 826.324 0.312733 0.0226345 0.672621 0.549448 0.0393226 -1.79498 -4.74579 -819.783 0 
42 826.531 0.311136 0.0226141 0.675587 0.572497 0.0847944 -1.67151 -5.3343 -819.525 0 
48 825.679 0.312546 0.0224768 0.672108 0.630004 0.0868872 -1.38595 -4.92802 -819.365 0 
14 825.973 0.314569 0.0223389 0.671234 0.567881 0.0787863 -0.427565 -6.07549 -819.47 0 
47 827.356 0.320463 0.0223507 0.666993 0.539006 0.0113282 -1.06905 -6.77597 -819.511 0 
65 825.637 0.315004 0.0223769 0.66934 0.531593 0.00583895 -0.811962 -5.02437 -819.801 0 
86 828.027 0.318685 0.0221971 0.666684 0.50846 0.0039364 -1.85209 -6.50067 -819.674 0 
5 825.488 0.309764 0.022438 0.675618 0.51298 0.0555806 -0.443166 -5.07067 -819.974 0 
53 825.722 0.308352 0.0224978 0.675918 0.526195 0.0505483 -1.04451 -4.54892 -820.128 0 
17 828.694 0.322767 0.0223792 0.665882 0.506216 0.0271756 -1.74293 -7.3406 -819.61 0 
25 827.962 0.324121 0.0224415 0.66419 0.521024 0.0088189 -0.789354 -7.63385 -819.539 0 
15 827.344 0.320408 0.0223723 0.667836 0.505408 0.0187877 -0.0864165 -7.66267 -819.595 0 
31 826.087 0.312862 0.0224015 0.674291 0.507697 0.0558803 -0.216307 -6.11299 -819.757 0 
17 825.95 0.312838 0.0223906 0.673343 0.506982 0.0683437 -0.299766 -5.8176 -819.833 0 
75 826.693 0.307037 0.0224355 0.675399 0.555793 0.00318532 -2.28812 -4.40335 -820.001 0 
1 828.38 0.307732 0.0223659 0.674218 0.544869 0.00149819 -3.93182 -4.45755 -819.991 0 
7 829.327 0.307504 0.0223747 0.673969 0.557129 0.0275562 -4.76695 -4.42796 -820.132 0 
3 829.664 0.323064 0.0222172 0.663559 0.515295 0.0575056 -2.22501 -7.88229 -819.557 0 
3 827.532 0.319742 0.0223293 0.667727 0.545177 0.0940843 -1.14004 -6.87576 -819.516 0 
16 826.639 0.313744 0.0222722 0.670863 0.595609 0.12764 -1.64498 -5.55473 -819.439 0 
19 826.863 0.315915 0.0223453 0.669189 0.543686 0.0803586 -1.45092 -5.807 -819.605 0 
31 826.941 0.31618 0.022248 0.669568 0.544383 0.105639 -1.10246 -6.26882 -819.57 0 
5 827.728 0.308954 0.0225448 0.67349 0.538138 0.0426628 -3.10056 -4.39469 -820.233 0 
3 828.81 0.297635 0.0225632 0.685089 0.519364 0.10098 -3.05914 -4.6433 -821.108 0 
8 829.023 0.296867 0.0225171 0.685486 0.519258 0.0901883 -3.62438 -4.49445 -820.905 0 
16 826.66 0.305755 0.0225807 0.677921 0.523561 0.0448623 -1.79674 -4.40844 -820.455 0 
49 826.686 0.309558 0.0225376 0.673766 0.554553 0.0436815 -2.23719 -4.41156 -820.037 0 
61 826.341 0.304794 0.0225502 0.677727 0.600035 0.100612 -2.15884 -4.4132 -819.769 0 
10 828.85 0.304621 0.0223627 0.678653 0.612033 0.105731 -4.82333 -4.51074 -819.516 0 
49 825.769 0.312105 0.0224408 0.670736 0.602194 0.024895 -1.69486 -4.59985 -819.475 0 
170 826.51 0.318593 0.0223666 0.668003 0.549657 0.00343008 -0.859344 -6.14219 -819.509 0 
101 825.576 0.314149 0.0224263 0.669431 0.549698 0.022973 -1.08972 -4.70477 -819.781 0 
23 825.975 0.309461 0.0223997 0.67388 0.567913 0.0162969 -1.70021 -4.5786 -819.696 0 
23 825.85 0.306341 0.022531 0.676597 0.588189 0.0412076 -1.73361 -4.40968 -819.707 0 
4 825.291 0.315853 0.0224931 0.668366 0.583751 0.0189553 -1.01719 -4.73806 -819.535 0 
1 828.337 0.304909 0.0223604 0.675941 0.636273 0.0969229 -4.46178 -4.42228 -819.453 0 
30 826.903 0.305642 0.0225044 0.67578 0.643239 0.12783 -2.91967 -4.47238 -819.511 0 
3 826.075 0.308082 0.0224566 0.674513 0.642301 0.140202 -2.14122 -4.53717 -819.396 0 
7 825.783 0.314374 0.0225607 0.67072 0.685141 0.113695 -1.11801 -5.21421 -819.451 0 
52 825.859 0.309254 0.0225932 0.674864 0.656065 0.081572 -1.91245 -4.61325 -819.333 0 
1 827.932 0.317655 0.0226138 0.670193 0.610149 0.0439365 -2.49271 -6.03857 -819.4 0 
10 827.211 0.320807 0.0225241 0.66598 0.647644 0.0496715 -1.72495 -6.01734 -819.469 0 
132 825.483 0.314529 0.0225994 0.66967 0.62226 0.000302475 -1.45084 -4.64381 -819.388 0 
1 825.779 0.317054 0.0223884 0.666352 0.663626 0.0310591 -1.2053 -5.16726 -819.406 0 
5 825.648 0.31919 0.0224192 0.666089 0.638954 0.0465379 -0.542915 -5.69598 -819.409 0 
5 825.352 0.315222 0.0225068 0.668583 0.600681 0.025697 -1.14138 -4.76286 -819.448 0 
56 827.255 0.315435 0.0226144 0.670719 0.611966 0.0814523 -2.83212 -5.02159 -819.402 0 
29 826.31 0.310798 0.0224877 0.673678 0.571138 0.101297 -1.75976 -4.92719 -819.623 0 
11 826.221 0.315523 0.0224977 0.671186 0.563811 0.149027 -1.07491 -5.52492 -819.621 0 
71 826.719 0.3185 0.0225389 0.6691 0.55524 0.189164 -0.931146 -6.11329 -819.675 0 
1 826.963 0.315201 0.0224537 0.671998 0.567233 0.207841 -1.46113 -5.81989 -819.682 0 
5 827.207 0.31367 0.0223995 0.673657 0.590898 0.237805 -1.5074 -6.11916 -819.58 0 
14 827.124 0.315227 0.0226032 0.670367 0.570069 0.167044 -2.32863 -5.07744 -819.718 0 
52 827.461 0.307871 0.0226921 0.677539 0.58626 0.1709 -3.11119 -4.48051 -819.869 0 
23 827.801 0.302998 0.0226602 0.680661 0.622595 0.210396 -3.63808 -4.39358 -819.769 0 
1 826.768 0.303869 0.0226128 0.679178 0.605227 0.232377 -2.15969 -4.41508 -820.193 0 
29 826.027 0.307276 0.0225838 0.678242 0.607775 0.267362 -1.38384 -4.79565 -819.848 0 
19 828.025 0.313086 0.0226666 0.671154 0.585536 0.192314 -3.59552 -4.53903 -819.89 0 
12 825.894 0.311235 0.0225208 0.672457 0.584262 0.198011 -1.43898 -4.47078 -819.984 0 
10 827.445 0.313756 0.0223303 0.672279 0.585191 0.308981 -1.88855 -5.53566 -820.021 0 
19 826.734 0.310368 0.0224318 0.673117 0.574991 0.257015 -1.86295 -4.49078 -820.38 0 
3 828.603 0.31598 0.0223208 0.669051 0.566466 0.244863 -2.85651 -5.95303 -819.794 0 
11 829.564 0.322147 0.0222863 0.667636 0.581397 0.335195 -0.391305 -9.4934 -819.679 0 
7 828.762 0.323809 0.0223489 0.665204 0.609553 0.303046 -1.06655 -8.15794 -819.537 0 
34 827.201 0.316616 0.0224199 0.671904 0.608982 0.309823 -0.219338 -7.3951 -819.586 0 
22 825.546 0.315295 0.0223871 0.669098 0.671602 0.309721 -0.816058 -5.27187 -819.458 0 
22 826.141 0.312134 0.0223789 0.672401 0.649577 0.362094 -1.1324 -5.16543 -819.843 0 
5 827.915 0.31775 0.0223591 0.666519 0.662876 0.357081 -2.76337 -5.51946 -819.632 0 
15 829.248 0.307127 0.0224387 0.67806 0.695922 0.441149 -4.39863 -4.64849 -820.201 0 
33 827.43 0.323552 0.0224266 0.664291 0.69867 0.405077 -0.459691 -7.47197 -819.498 0 
29 826.779 0.326109 0.0224601 0.66102 0.670191 0.335911 -0.537484 -6.78256 -819.459 0 
4 826.121 0.306733 0.022496 0.676961 0.694272 0.395539 -1.67972 -4.46195 -819.979 0 
21 827.049 0.317278 0.0222998 0.669479 0.653973 0.394898 -0.851068 -6.45708 -819.741 0 
51 825.84 0.308178 0.0224854 0.674577 0.678382 0.320956 -1.7157 -4.44752 -819.677 0 
6 825.71 0.309601 0.0225058 0.673604 0.688933 0.320391 -1.62751 -4.55116 -819.531 0 
20 826.726 0.318588 0.0225006 0.669105 0.641424 0.307083 -0.884487 -6.34004 -819.502 0 
12 827.107 0.315584 0.0224661 0.671134 0.633508 0.308878 -1.94117 -5.54422 -819.621 0 
2 828.321 0.317847 0.0224484 0.671112 0.592737 0.295891 -0.835179 -7.8889 -819.597 0 
4 827.866 0.320466 0.0225551 0.66667 0.623897 0.267119 -2.77028 -5.54903 -819.547 0 
8 825.522 0.318229 0.0223784 0.666385 0.685607 0.304684 -0.611414 -5.50853 -819.402 0 
21 826.779 0.313442 0.0222976 0.669512 0.676514 0.308048 -2.43698 -4.86442 -819.478 0 
25 826.807 0.314779 0.022362 0.670395 0.637637 0.315893 -1.42708 -5.78889 -819.591 0 
27 827.269 0.308585 0.0222985 0.674817 0.635769 0.334568 -2.58619 -4.70625 -819.977 0 
35 825.514 0.315211 0.0223774 0.669759 0.682175 0.370847 -0.531953 -5.40125 -819.58 0 
64 825.91 0.306778 0.0224465 0.67735 0.755944 0.447606 -1.6386 -4.64858 -819.623 0 
13 826.167 0.315163 0.0224342 0.669731 0.780188 0.406948 -1.41876 -5.33931 -819.409 0 
12 826.546 0.315522 0.0224399 0.669288 0.725993 0.39908 -2.06109 -4.98075 -819.504 0 
2 825.98 0.313937 0.0223914 0.670359 0.711183 0.378302 -1.50628 -4.96667 -819.507 0 
13 826.042 0.309466 0.0224452 0.673366 0.678173 0.359118 -1.70168 -4.46298 -819.878 0 
22 826.221 0.3118 0.022353 0.673173 0.681836 0.36841 -1.0958 -5.57412 -819.551 0 
57 826.703 0.322002 0.0223242 0.664463 0.686424 0.347807 -0.249212 -7.00151 -819.452 0 
15 825.164 0.315166 0.0225337 0.669425 0.70841 0.345063 -0.825321 -4.90435 -819.434 0 
43 825.82 0.312331 0.0226296 0.672412 0.720115 0.332258 -1.66062 -4.774 -819.385 0 
8 825.346 0.313154 0.0225542 0.670268 0.72184 0.335016 -1.36025 -4.5785 -819.408 0 
4 826.626 0.309789 0.0225934 0.674817 0.653612 0.357274 -2.00723 -4.48351 -820.135 0 
53 828.726 0.306275 0.0227198 0.67999 0.644631 0.369972 -3.87612 -4.51194 -820.338 0 
1 828.662 0.299289 0.0226172 0.684903 0.654618 0.430237 -3.01876 -4.44313 -821.2 0 
4 828.808 0.299381 0.022469 0.682918 0.638621 0.403141 -2.9185 -4.50024 -821.389 0 
73 828.186 0.299187 0.0223692 0.686317 0.679703 0.521812 -1.74297 -4.72543 -821.717 0 
71 826.292 0.309048 0.0225083 0.677252 0.675118 0.470659 -0.555416 -5.18489 -820.552 0 
7 827.988 0.305974 0.0226849 0.680111 0.679585 0.464146 -2.54908 -4.5552 -820.884 0 
43 827.181 0.313973 0.0226188 0.672004 0.625578 0.382159 -1.84409 -4.95892 -820.378 0 
16 827.678 0.317535 0.0225017 0.668394 0.667049 0.387363 -2.2165 -5.7412 -819.721 0 
14 827.223 0.306372 0.0224741 0.675673 0.680335 0.401672 -2.33985 -4.41439 -820.469 0 
8 828.111 0.318617 0.0224283 0.669278 0.661346 0.41483 -1.09877 -7.3011 -819.711 0 
30 827.655 0.318214 0.0224773 0.670098 0.627203 0.379191 -1.30921 -6.48026 -819.865 0 
2 827.711 0.318448 0.0223462 0.669606 0.595344 0.348689 -0.858666 -6.98151 -819.871 0 
4 827.72 0.304087 0.0225881 0.681073 0.597479 0.332132 -2.4851 -4.46152 -820.773 0 
6 826.924 0.306046 0.0225068 0.681649 0.602624 0.402588 -0.827659 -5.42489 -820.671 0 
4 826.154 0.314893 0.0223798 0.671489 0.619475 0.357464 -0.220162 -6.05203 -819.881 0 
9 827.074 0.313822 0.0222484 0.670226 0.671197 0.346326 -2.13255 -5.39251 -819.548 0 
8 826.05 0.323611 0.0223935 0.66256 0.704709 0.32669 -0.0898236 -6.51424 -819.446 0 
2 827.644 0.319743 0.0224064 0.666671 0.714592 0.33907 -2.1677 -6.05327 -819.423 0 
8 826.928 0.317542 0.0226198 0.668749 0.682294 0.275484 -2.31933 -5.22355 -819.385 0 
42 826.927 0.306862 0.0225748 0.675321 0.703091 0.293156 -2.92509 -4.48743 -819.515 0 
27 827.527 0.307834 0.0223752 0.675264 0.664155 0.288019 -3.23137 -4.79591 -819.5 0 
17 827.322 0.315572 0.0224594 0.670584 0.607107 0.190978 -2.49334 -5.33879 -819.49 0 
12 827.691 0.301587 0.0223929 0.68036 0.632099 0.233946 -3.5246 -4.39456 -819.772 0 
26 828.474 0.300942 0.0225017 0.6801 0.615318 0.194892 -3.7153 -4.62901 -820.129 0 
3 827.611 0.312673 0.02222 0.671254 0.5994 0.178573 -2.74085 -5.3747 -819.496 0 
11 825.858 0.310028 0.0225641 0.673766 0.565333 0.149653 -1.36729 -4.44787 -820.043 0 
45 827.645 0.315804 0.0225933 0.67245 0.57124 0.145476 -1.99202 -6.13963 -819.513 0 
18 826.234 0.312339 0.022482 0.671827 0.538542 0.10187 -1.51714 -4.78046 -819.937 0 
97 826.968 0.320178 0.0223218 0.666706 0.484611 0.0960984 -0.67589 -6.37027 -819.922 0 
33 826.606 0.311445 0.0223612 0.674839 0.434813 0.11215 -0.26186 -5.70664 -820.637 0 
7 826.244 0.303923 0.0224429 0.681685 0.476411 0.153385 -0.647884 -4.81347 -820.783 0 
5 828.643 0.310735 0.0224666 0.675846 0.466529 0.198935 -2.22877 -5.7753 -820.639 0 
46 828.362 0.30118 0.0225919 0.682688 0.501691 0.224781 -2.27234 -4.47457 -821.615 0 
68 827.931 0.300175 0.0225968 0.687293 0.454451 0.206895 -1.68451 -4.78774 -821.458 0 
18 827.787 0.30559 0.0226116 0.681292 0.433907 0.170357 -1.47684 -4.84191 -821.468 0 
6 828.161 0.301111 0.0225564 0.681378 0.520927 0.144826 -2.61526 -4.49328 -821.053 0 
37 827.998 0.302553 0.0225396 0.683133 0.494469 0.1578 -2.59719 -4.52316 -820.877 0 
5 828.619 0.303111 0.0227034 0.683289 0.507726 0.169058 -3.31552 -4.49427 -820.809 0 
70 828.471 0.302572 0.0226495 0.682389 0.554288 0.190019 -3.53154 -4.41902 -820.52 0 
15 830.471 0.298636 0.0226354 0.681994 0.575486 0.159913 -4.45125 -5.12439 -820.895 0 
3 830.397 0.304067 0.0225583 0.676598 0.575684 0.139704 -5.46505 -4.5478 -820.384 0 
3 829.348 0.305372 0.0227038 0.680101 0.585604 0.188835 -4.8921 -4.63649 -819.819 0 
27 825.663 0.311215 0.0225842 0.672604 0.613464 0.137571 -1.5826 -4.55135 -819.529 0 
9 827.395 0.317223 0.0225683 0.670537 0.553059 0.121711 -1.96566 -5.83099 -819.598 0 
37 826.709 0.318741 0.0224399 0.669131 0.548449 0.0822858 -0.447059 -6.75589 -819.506 0 
44 827.815 0.317277 0.0225182 0.667923 0.576819 0.0383418 -2.88292 -5.46565 -819.466 0 
11 827.214 0.317767 0.0225397 0.668052 0.593758 0.0760625 -2.71159 -5.04464 -819.458 0 
15 825.34 0.314586 0.0224505 0.671095 0.63007 0.14579 -0.295424 -5.65818 -819.387 0 
59 825.345 0.316094 0.0223996 0.668489 0.633656 0.140045 -0.641533 -5.32813 -819.375 0 
17 825.364 0.312471 0.0224946 0.67186 0.581414 0.142737 -0.987775 -4.67625 -819.7 0 
18 827.176 0.318724 0.0226006 0.668282 0.533023 0.105022 -1.79148 -5.65165 -819.733 0 
8 828.407 0.318889 0.0225121 0.669261 0.479323 0.0832723 -1.69036 -6.83846 -819.878 0 
3 827.818 0.309157 0.0223085 0.67392 0.527481 0.110877 -2.99076 -4.75966 -820.068 0 
10 826.878 0.31219 0.0223547 0.674615 0.458397 0.0889526 -0.436286 -6.27981 -820.162 0 
21 826.799 0.307976 0.022352 0.676198 0.485243 0.123905 -1.42957 -4.82873 -820.541 0 
36 826.336 0.313262 0.0224173 0.672179 0.510052 0.0772427 -1.26244 -5.03848 -820.035 0 
86 825.702 0.316446 0.0224184 0.668892 0.498217 0.0502472 -0.465796 -5.17325 -820.063 0 
9 828.581 0.322116 0.0224673 0.666807 0.490654 0.0266655 -1.12224 -7.80261 -819.656 0 
52 828.133 0.322192 0.0225145 0.666539 0.506661 0.0312005 -1.24592 -7.26402 -819.623 0 
6 830.259 0.306185 0.0223999 0.678916 0.540381 0.101243 -5.63377 -4.644 -819.981 0 
12 829.094 0.304857 0.022462 0.67611 0.554743 0.061554 -4.39678 -4.42496 -820.272 0 
5 828.984 0.306382 0.022459 0.677285 0.534484 0.0710025 -4.28914 -4.42432 -820.271 0 
8 829.3 0.312122 0.022444 0.672264 0.525868 0.06673 -4.28539 -5.1587 -819.856 0 
20 826.982 0.306084 0.0223866 0.677854 0.500962 0.0493471 -1.98684 -4.73448 -820.261 0 
18 827.748 0.296902 0.0224799 0.68628 0.511265 0.0264581 -2.52297 -4.44816 -820.777 0 
184 827.714 0.297004 0.0225023 0.685544 0.54346 0.0183472 -2.81332 -4.47323 -820.428 0 
11 826.777 0.303086 0.0225324 0.679661 0.542234 0.00360328 -2.06732 -4.41006 -820.299 0 
56 825.794 0.311355 0.0223666 0.674453 0.513013 0.00193523 -0.38066 -5.62419 -819.79 0 
22 826.035 0.310755 0.0224237 0.674759 0.515676 0.0318496 -1.06592 -5.02759 -819.941 0 
97 827.498 0.313828 0.0225677 0.673239 0.512768 0.021724 -1.94041 -5.78402 -819.773 0 
38 826.113 0.30921 0.0225787 0.675912 0.506188 0.0169369 -1.23257 -4.58934 -820.291 0 
19 826.761 0.30841 0.0224722 0.676893 0.483269 0.0171729 -1.6095 -4.7003 -820.451 0 
9 827.248 0.310653 0.0225681 0.676052 0.485043 0.0594603 -1.98582 -4.95302 -820.309 0 
2 827.765 0.307554 0.0225868 0.678322 0.45175 0.0147233 -2.19264 -4.60019 -820.972 0 
25 828.996 0.31078 0.0224863 0.677892 0.454715 0.0400782 -2.7989 -6.01586 -820.181 0 
117 826.202 0.30584 0.0225121 0.680059 0.461035 0.0247175 -0.709505 -4.90606 -820.587 0 
11 826.748 0.305259 0.0225548 0.681785 0.435472 0.0184245 -0.916954 -5.02382 -820.807 0 
1 827.909 0.297784 0.0225442 0.685399 0.513502 0.00786345 -2.55533 -4.50377 -820.85 0 
41 827.287 0.305507 0.0226685 0.680742 0.490815 0.0287914 -2.20189 -4.66158 -820.423 0 
2 826.884 0.308304 0.0226824 0.677314 0.54396 0.0286944 -2.378 -4.6065 -819.899 0 
2 827.449 0.304328 0.0227166 0.680504 0.603357 0.0774578 -3.38951 -4.42729 -819.632 0 
4 826.62 0.309106 0.0226421 0.677027 0.593749 0.0909536 -2.30547 -4.80241 -819.512 0 
1 825.673 0.312237 0.0225431 0.670655 0.605322 0.017891 -1.68517 -4.47857 -819.509 0 
28 827.743 0.309874 0.0226534 0.677162 0.581296 0.03801 -3.22034 -5.02284 -819.5 0 
70 827 0.305929 0.0227037 0.680267 0.582497 0.0601583 -2.74868 -4.65678 -819.595 0 
23 825.913 0.313019 0.0223949 0.671047 0.5816 0.0323497 -1.56193 -4.82538 -819.526 0 
45 825.817 0.311501 0.0225123 0.674066 0.612015 0.0736384 -1.36007 -5.06283 -819.394 0 
87 825.082 0.318091 0.0224681 0.665857 0.616602 0.0444712 -0.816118 -4.88228 -819.384 0 
47 825.888 0.308063 0.0224501 0.676005 0.629987 0.0989122 -1.79829 -4.70699 -819.382 0 
211 825.072 0.310234 0.0224849 0.674619 0.593212 0.0810935 -0.679709 -4.91176 -819.48 0 
3 826.875 0.308674 0.0222954 0.674699 0.560837 0.0608107 -2.38109 -4.82486 -819.669 0 
26 826.402 0.307928 0.0223165 0.676815 0.528738 0.0462036 -1.51324 -5.06374 -819.825 0 
22 826.589 0.314998 0.0224135 0.672869 0.506319 0.0527933 -0.289698 -6.60529 -819.694 0 
48 827.849 0.319138 0.0223878 0.668059 0.526293 0.000719813 -2.0861 -6.14662 -819.616 0 
26 826.533 0.306189 0.0224383 0.678378 0.532086 0.024953 -1.79185 -4.88164 -819.86 0 
101 825.952 0.311037 0.0224799 0.675525 0.472094 0.00266672 -0.326719 -5.42356 -820.202 0 
6 826.615 0.299325 0.0225303 0.68467 0.509961 0.00753422 -1.62847 -4.41103 -820.576 0 
93 826.679 0.301199 0.0226142 0.683642 0.523134 0.0159904 -1.96346 -4.45234 -820.263 0 
45 826.741 0.311397 0.022602 0.675772 0.545195 0.0437407 -1.80281 -5.27981 -819.658 0 
52 825.959 0.305236 0.0225729 0.678525 0.554655 0.0314078 -1.55865 -4.41607 -819.984 0 
93 828.578 0.301076 0.0225728 0.679648 0.598229 0.0106823 -3.82862 -4.74724 -820.002 0 
55 828.488 0.302874 0.0227583 0.680541 0.568201 0.039567 -3.8682 -4.46735 -820.153 0 
100 829.922 0.299292 0.0228225 0.684626 0.577141 0.064048 -5.03868 -4.64682 -820.237 0 
44 829.624 0.308361 0.0228151 0.676474 0.605138 0.0523176 -5.6252 -4.44792 -819.551 0 
10 829.953 0.312014 0.0227448 0.671455 0.58955 0.0272748 -5.86918 -4.40539 -819.679 0 
3 829.008 0.299744 0.0227559 0.683171 0.579517 0.0964381 -4.15291 -4.60336 -820.252 0 
1 826.759 0.30791 0.0226694 0.676565 0.558389 0.0684346 -2.37814 -4.45366 -819.927 0 
5 826.935 0.307777 0.0226719 0.676904 0.544922 0.0971288 -2.36554 -4.46217 -820.108 0 
28 827.139 0.302776 0.0226015 0.681865 0.487418 0.139939 -1.55629 -4.453 -821.13 0 
19 828.12 0.300392 0.0225547 0.684147 0.487877 0.18322 -2.15384 -4.46711 -821.499 0 
6 827.609 0.298198 0.0225822 0.687377 0.496463 0.227307 -1.73563 -4.54381 -821.33 0 
15 827.773 0.304791 0.0226161 0.681587 0.461264 0.142247 -2.00203 -4.62828 -821.142 0 
31 826.67 0.307187 0.0224857 0.679209 0.425141 0.114637 -0.507198 -5.0274 -821.136 0 
32 826.731 0.316455 0.0223555 0.670877 0.471499 0.0904464 -0.287679 -6.437 -820.006 0 
26 826.343 0.312312 0.0223753 0.674239 0.468031 0.0880618 -0.427285 -5.68895 -820.227 0 
49 826.094 0.308863 0.022478 0.676051 0.462422 0.0239239 -0.668527 -4.71645 -820.709 0 
23 827.14 0.306349 0.0224649 0.678798 0.42598 0.058389 -1.15735 -4.85476 -821.128 0 
21 828.241 0.307242 0.0225924 0.68102 0.413862 0.073244 -1.76289 -5.68065 -820.797 0 
25 831.224 0.306102 0.0226117 0.67993 0.389825 0.0125848 -4.75602 -4.95553 -821.512 0 
20 827.988 0.299328 0.0224739 0.684507 0.429127 0.0208377 -1.71274 -4.48881 -821.787 0 
8 827.136 0.306167 0.0223188 0.680086 0.407203 0.0261032 -0.682104 -5.64451 -820.809 0 
105 826.62 0.315065 0.0223797 0.672298 0.446698 0.0323716 -0.0186536 -6.45527 -820.147 0 
67 826.05 0.312441 0.0224422 0.674281 0.468927 0.0442183 -0.275342 -5.58036 -820.194 0 
33 826.354 0.310619 0.0224447 0.67471 0.478604 0.0851975 -0.877306 -5.131 -820.346 0 
1 825.686 0.308064 0.0225201 0.676992 0.52328 0.105456 -0.857322 -4.6667 -820.162 0 
13 826.465 0.310994 0.0225641 0.672974 0.544774 0.0854876 -1.92393 -4.55868 -819.983 0 
45 826.462 0.304433 0.022612 0.680134 0.538153 0.154911 -1.60467 -4.43715 -820.42 0 
35 827.48 0.316241 0.0225927 0.671334 0.531436 0.206368 -1.70103 -5.80727 -819.971 0 
13 827.295 0.303906 0.0224308 0.679228 0.53789 0.220027 -2.02232 -4.43284 -820.84 0 
51 826.675 0.305174 0.0223821 0.679161 0.50047 0.175365 -1.31221 -4.66074 -820.702 0 
22 827.533 0.314067 0.0224746 0.670365 0.506687 0.152614 -2.26149 -4.9341 -820.338 0 
43 825.815 0.308373 0.022531 0.677659 0.538153 0.202581 -0.672773 -4.98077 -820.162 0 
21 825.957 0.310601 0.0225415 0.673529 0.550814 0.183552 -1.19274 -4.55413 -820.21 0 
10 827.101 0.305994 0.0224644 0.678534 0.544037 0.201238 -2.17001 -4.51838 -820.413 0 
23 827.076 0.316988 0.022508 0.669559 0.513966 0.164345 -1.31356 -5.77151 -819.991 0 
4 825.923 0.311128 0.0224591 0.674816 0.543109 0.16489 -0.897048 -5.11664 -819.909 0 
2 828.693 0.315109 0.0224619 0.668632 0.549384 0.119607 -3.95215 -4.9203 -819.821 0 
1 828.714 0.314305 0.0224014 0.671274 0.581244 0.128174 -4.04007 -5.12456 -819.55 0 
9 828.603 0.312411 0.0224329 0.668701 0.609574 0.122415 -4.58218 -4.40867 -819.612 0 
7 826.045 0.308575 0.0223911 0.674771 0.624039 0.190045 -1.89542 -4.61817 -819.531 0 
9 831.532 0.306457 0.0224171 0.673752 0.63302 0.184812 -7.48577 -4.38106 -819.665 0 
16 829.416 0.298462 0.0225027 0.682066 0.619352 0.188348 -4.52804 -4.74629 -820.142 0 
7 830.399 0.30526 0.0222612 0.677933 0.628163 0.229815 -6.19286 -4.59591 -819.611 0 
11 831.426 0.312121 0.0224651 0.674901 0.612852 0.202186 -6.56611 -5.38119 -819.479 0 
44 829.951 0.303575 0.0223941 0.678249 0.619422 0.198747 -5.61448 -4.45558 -819.881 0 
1 828.641 0.30785 0.0226375 0.677754 0.58968 0.15833 -4.35109 -4.52378 -819.766 0 
9 834.411 0.296912 0.0226989 0.685245 0.608993 0.152887 -9.96576 -4.47072 -819.974 0 
25 833.937 0.295146 0.0226654 0.685238 0.578083 0.169802 -6.4448 -6.10292 -821.39 0 
3 830.168 0.297394 0.0225331 0.683445 0.57823 0.197766 -4.25274 -4.97267 -820.943 0 
11 832.616 0.293878 0.0227332 0.689257 0.576273 0.23906 -6.96452 -4.63376 -821.018 0 
16 835.075 0.295034 0.0228008 0.689727 0.608602 0.222943 -9.68513 -4.8696 -820.521 0 
18 834.421 0.291914 0.0227087 0.687988 0.604226 0.209274 -6.39595 -6.61669 -821.408 0 
3 830.656 0.293059 0.022515 0.688465 0.581931 0.233226 -4.51344 -4.99982 -821.143 0 
8 828.645 0.300969 0.0224712 0.682456 0.570454 0.226223 -3.89303 -4.47171 -820.28 0 
4 827.997 0.302059 0.0224909 0.679949 0.556732 0.189172 -2.75836 -4.49304 -820.745 0 
16 828.107 0.31474 0.0224221 0.671461 0.523925 0.235176 -1.99116 -5.9909 -820.125 0 
14 828.388 0.316459 0.0224151 0.671938 0.529718 0.254726 -1.81885 -6.55888 -820.01 0 
9 828.443 0.311454 0.0224638 0.674684 0.522314 0.224152 -2.57017 -5.69858 -820.174 0 
20 830.041 0.313338 0.0223446 0.674552 0.522096 0.300838 -3.42571 -6.14862 -820.466 0 
4 827.91 0.302856 0.0224596 0.679794 0.593155 0.285815 -2.96696 -4.41097 -820.532 0 
19 829.251 0.305629 0.0227811 0.679907 0.54617 0.20502 -4.23442 -4.44015 -820.577 0 
27 826.978 0.302417 0.022494 0.68359 0.509732 0.230435 -1.40458 -4.68061 -820.893 0 
31 828.421 0.303809 0.0227281 0.681461 0.524369 0.176019 -3.15231 -4.42755 -820.842 0 
11 828.805 0.297684 0.0226185 0.687158 0.555157 0.269248 -3.10775 -4.4729 -821.224 0 
20 829.059 0.306202 0.0227093 0.680621 0.466212 0.187244 -3.09153 -4.63947 -821.328 0 
1 829.838 0.30604 0.0227216 0.680693 0.447871 0.123625 -3.89785 -4.56197 -821.378 0 
6 830.271 0.298408 0.022687 0.684452 0.499072 0.129964 -3.53144 -4.90757 -821.832 0 
8 830.562 0.29569 0.0227144 0.686851 0.533267 0.128215 -4.04188 -5.10345 -821.417 0 
94 825.977 0.306209 0.022496 0.680607 0.492541 0.143322 -0.44888 -5.22079 -820.308 0 
42 827.096 0.3073 0.0224821 0.676431 0.445851 0.0756812 -1.22225 -4.50963 -821.365 0 
71 826.46 0.30823 0.0223745 0.678259 0.458884 0.096447 -0.387588 -5.74365 -820.329 0 
25 826.974 0.310899 0.0224574 0.675151 0.460511 0.0968985 -1.09618 -5.44239 -820.435 0 
22 828.528 0.312141 0.0225212 0.674397 0.429223 0.0542839 -2.31265 -5.56258 -820.653 0 
15 828.553 0.316505 0.0222164 0.669629 0.388866 0.0583645 -1.31947 -6.53346 -820.7 0 
4 830.27 0.314963 0.0221865 0.66962 0.442074 0.10167 -3.8437 -5.99353 -820.433 0 
38 830.073 0.31119 0.022204 0.672887 0.473056 0.12205 -4.19921 -5.55521 -820.319 0 
5 830.828 0.321153 0.0222352 0.666925 0.521682 0.188427 -3.69123 -7.42701 -819.71 0 
23 827.209 0.311153 0.0224659 0.673634 0.49688 0.144996 -1.94704 -4.62462 -820.637 0 
2 826.841 0.312294 0.022303 0.672156 0.51611 0.163108 -1.47764 -5.24757 -820.115 0 
35 826.062 0.318064 0.0224147 0.66856 0.511477 0.120095 -0.353061 -5.84025 -819.869 0 
1 826.623 0.319534 0.0223659 0.665583 0.52975 0.110995 -1.15788 -5.71913 -819.746 0 
17 826.717 0.310941 0.0223729 0.671063 0.602651 0.14197 -2.60016 -4.4724 -819.644 0 
5 826.813 0.319628 0.0224042 0.666904 0.610474 0.196484 -1.39264 -5.97703 -819.443 0 
6 826.295 0.322552 0.0224431 0.663997 0.582676 0.160029 -0.464411 -6.35657 -819.474 0 
64 825.392 0.319615 0.0225574 0.665619 0.622297 0.184571 -0.878142 -5.06528 -819.449 0 
25 825.157 0.313067 0.0225396 0.671094 0.636544 0.184674 -1.01793 -4.69765 -819.442 0 
8 827.489 0.30649 0.0224501 0.675349 0.680318 0.233969 -3.57933 -4.46486 -819.445 0 
10 826.015 0.313702 0.0225776 0.671237 0.612695 0.186103 -1.58231 -4.91368 -819.519 0 
156 827.566 0.302894 0.0224616 0.678405 0.651362 0.196551 -3.57443 -4.42219 -819.569 0 
7 826.029 0.307699 0.0226553 0.676025 0.68155 0.162605 -2.16133 -4.5409 -819.327 0 
75 825.331 0.314421 0.0224512 0.669642 0.687382 0.182208 -0.788513 -5.14675 -819.395 0 
3 826.931 0.313679 0.0224475 0.667879 0.646341 0.128762 -3.05745 -4.48967 -819.384 0 
37 825.336 0.313406 0.0225523 0.670234 0.667363 0.161776 -1.34121 -4.65392 -819.341 0 
5 825.88 0.320684 0.0224877 0.665234 0.652827 0.0894251 -0.585222 -5.8457 -819.449 0 
18 826.151 0.316245 0.022458 0.668211 0.658117 0.0915487 -1.71013 -5.07396 -819.367 0 
32 826.008 0.316569 0.022439 0.66631 0.655107 0.0724511 -1.98467 -4.68947 -819.334 0 
14 825.64 0.309981 0.0224984 0.672987 0.637298 0.0633186 -1.69058 -4.58889 -819.36 0 
17 825.517 0.313853 0.0224949 0.669695 0.654947 0.0717416 -1.45251 -4.72783 -819.336 0 
15 826.899 0.319953 0.0224553 0.666657 0.618348 0.047486 -1.48953 -6.00557 -819.404 0 
2 826.979 0.32288 0.0222774 0.661086 0.649414 0.0246988 -1.84221 -5.69478 -819.442 0 
134 826.393 0.321818 0.0223448 0.662144 0.678273 0.0504668 -1.04365 -5.76733 -819.582 0 
117 826.115 0.318984 0.022531 0.666785 0.671438 0.0301589 -0.887489 -5.69882 -819.528 0 
6 825.694 0.311713 0.0225904 0.670961 0.645128 0.0016657 -1.85991 -4.47919 -819.355 0 
68 827.165 0.326488 0.0224485 0.661067 0.632978 0.0204299 -0.26231 -7.3198 -819.583 0 
27 826.749 0.318659 0.0223416 0.664556 0.664554 0.02789 -2.26029 -5.09151 -819.397 0 
98 826.596 0.31841 0.022319 0.664165 0.634962 0.0277488 -2.28235 -4.9628 -819.351 0 
66 828.054 0.311847 0.0222479 0.671214 0.620647 0.109695 -3.43768 -5.23631 -819.38 0 
11 828.387 0.308853 0.0224162 0.671685 0.626371 0.0596145 -4.3348 -4.493 -819.559 0 
1 825.761 0.309838 0.02247 0.67527 0.60845 0.0983517 -1.39729 -4.93695 -819.426 0 
17 825.813 0.313154 0.022509 0.672183 0.584753 0.110489 -1.06761 -5.2461 -819.499 0 
27 825.946 0.314133 0.0225345 0.671249 0.557936 0.0895741 -1.38289 -4.83719 -819.726 0 
32 826.22 0.312729 0.0225672 0.670514 0.604188 0.0588329 -2.19837 -4.44564 -819.576 0 
85 825.351 0.307957 0.0225115 0.675807 0.59587 0.0887399 -1.22523 -4.55923 -819.566 0 
7 825.523 0.315407 0.0225404 0.667116 0.660062 0.0610209 -1.65443 -4.54343 -819.325 0 
23 825.451 0.315237 0.0224757 0.670086 0.659841 0.115999 -0.526439 -5.51106 -819.414 0 
2 827.605 0.306816 0.022655 0.674056 0.667334 0.0864388 -3.47545 -4.71438 -819.415 0 
6 826.777 0.312352 0.0225113 0.670489 0.621345 0.0682919 -2.83741 -4.46409 -819.476 0 
6 825.573 0.309217 0.0226112 0.675731 0.634831 0.160796 -1.44951 -4.70476 -819.418 0 
2 829.518 0.301413 0.0227693 0.679881 0.655104 0.155219 -4.87872 -4.9256 -819.714 0 
24 828.678 0.298669 0.0227094 0.683125 0.687018 0.188732 -4.27592 -4.90539 -819.497 0 
6 830.434 0.311387 0.0227089 0.675724 0.673662 0.226632 -6.05588 -5.01178 -819.366 0 
14 826.913 0.311185 0.0226633 0.673261 0.635214 0.192707 -2.81816 -4.61164 -819.483 0 
6 828.907 0.299433 0.0226305 0.681407 0.66852 0.230559 -4.34028 -4.78831 -819.778 0 
18 830.793 0.296408 0.0226253 0.686462 0.642274 0.238404 -5.91244 -4.79061 -820.089 0 
5 833.563 0.301267 0.0228204 0.683792 0.648826 0.21847 -9.24933 -4.55904 -819.755 0 
11 834.961 0.303697 0.0228029 0.677067 0.637711 0.138936 -10.3877 -4.76279 -819.81 0 
18 837.91 0.299905 0.0227795 0.68462 0.670697 0.226441 -13.491 -4.75379 -819.665 0 
5 838.222 0.303793 0.022773 0.683094 0.654807 0.23959 -14.152 -4.50168 -819.568 0 
1 829.99 0.306833 0.0227204 0.679204 0.610676 0.234634 -5.62717 -4.47696 -819.885 0 
4 829.233 0.321491 0.0226326 0.666892 0.585926 0.177634 -3.11368 -6.64418 -819.475 0 
13 829.292 0.315857 0.0227636 0.670836 0.586046 0.180297 -4.64466 -4.98387 -819.664 0 
5 826.861 0.306415 0.0226806 0.677277 0.609043 0.196246 -2.5846 -4.39533 -819.882 0 
52 826.827 0.315063 0.0222613 0.670315 0.62143 0.215339 -1.31852 -6.07786 -819.431 0 
2 826.851 0.320631 0.0223755 0.664903 0.585216 0.166772 -1.85392 -5.45946 -819.538 0 
13 826.923 0.310417 0.0225252 0.673757 0.579088 0.199499 -2.33905 -4.71779 -819.866 0 
59 826.768 0.315633 0.0224903 0.670271 0.542641 0.223575 -1.25525 -5.48615 -820.027 0 
6 826.815 0.309714 0.0224481 0.672836 0.607411 0.276628 -2.21532 -4.45033 -820.149 0 
5 825.674 0.314008 0.0224703 0.671874 0.627829 0.321427 -0.662246 -5.22444 -819.787 0 
15 826.551 0.305608 0.0224486 0.677809 0.634725 0.361889 -1.64041 -4.49034 -820.42 0 
1 829.786 0.300189 0.0223515 0.681143 0.675955 0.373043 -4.97425 -4.46095 -820.351 0 
4 828.198 0.306807 0.0223251 0.675087 0.635258 0.284611 -3.87793 -4.47526 -819.845 0 
7 825.421 0.30957 0.0224167 0.675718 0.620932 0.273391 -0.537266 -5.25531 -819.628 0 
23 826.863 0.312823 0.0225775 0.672552 0.636129 0.236905 -2.58186 -4.74182 -819.54 0 
16 826.811 0.315209 0.0226544 0.670365 0.646891 0.238423 -2.56565 -4.76379 -819.482 0 
4 828.191 0.318463 0.0225031 0.669105 0.631281 0.246351 -2.72548 -6.02071 -819.445 0 
23 827.003 0.307536 0.0224549 0.676697 0.595319 0.236767 -2.49755 -4.5291 -819.976 0 
1 827.577 0.309494 0.0223195 0.673185 0.586493 0.185822 -3.19944 -4.52648 -819.851 0 
7 826.171 0.31239 0.0224689 0.671675 0.576492 0.118287 -1.6792 -4.86431 -819.627 0 
4 828.412 0.315152 0.0221689 0.670387 0.553283 0.132293 -2.43359 -6.43639 -819.542 0 
34 826.884 0.318915 0.0222789 0.667249 0.504457 0.0616265 -0.610595 -6.556 -819.718 0 
48 825.833 0.316996 0.0224658 0.668917 0.500494 0.0210596 -0.593366 -5.24319 -819.997 0 
53 826.229 0.310612 0.0225045 0.672774 0.55481 0.0143238 -1.8501 -4.43974 -819.939 0 
16 826.86 0.313982 0.0224081 0.673325 0.507678 0.0349734 -0.528326 -6.65636 -819.676 0 
7 827.304 0.312801 0.0223091 0.6728 0.495907 0.0189326 -1.44883 -6.01244 -819.842 0 
19 828.725 0.318669 0.0223323 0.670282 0.425618 0.0202253 -1.04671 -7.60784 -820.071 0 
43 828.147 0.31768 0.0224413 0.671417 0.407918 0.0380065 -0.629151 -7.2086 -820.31 0 
9 828.577 0.302574 0.0223662 0.680868 0.484807 0.0711325 -3.36371 -4.6 -820.613 0 
48 827.27 0.298291 0.0224238 0.68613 0.46825 0.096928 -1.67281 -4.48669 -821.11 0 
9 827.513 0.301988 0.0224459 0.681707 0.482829 0.0650534 -2.11907 -4.43953 -820.955 0 
37 826.194 0.310634 0.0224214 0.676302 0.466635 0.0591305 -0.327332 -5.66157 -820.205 0 
49 826.463 0.315468 0.0225044 0.66988 0.487289 0.00914176 -1.1579 -5.13062 -820.174 0 
18 826.919 0.313639 0.0226072 0.671448 0.51896 0.0188374 -2.10804 -4.77889 -820.032 0 
74 828.41 0.303907 0.0226431 0.678078 0.544416 0.0340616 -3.33959 -4.53696 -820.533 0 
4 828.562 0.306577 0.0226537 0.676714 0.536723 0.0636427 -3.85622 -4.3922 -820.314 0 
5 828.65 0.302474 0.0225946 0.679491 0.514081 0.0414286 -2.86392 -4.68118 -821.105 0 
35 829.632 0.313421 0.0226698 0.673188 0.472952 0.0325461 -4.13285 -5.16837 -820.33 0 
59 828.149 0.304819 0.0226518 0.67979 0.477453 0.0516538 -2.76242 -4.46673 -820.92 0 
25 827.992 0.300905 0.0224304 0.682344 0.486698 0.0771033 -2.6862 -4.45423 -820.851 0 
92 828.359 0.302482 0.0227556 0.682623 0.528029 0.0765516 -3.48577 -4.40561 -820.468 0 
7 827.39 0.306678 0.022607 0.676585 0.536741 0.0587737 -2.7226 -4.39818 -820.269 0 
76 825.846 0.311839 0.0225348 0.674644 0.514276 0.0399916 -0.716085 -5.23324 -819.897 0 
8 827.222 0.311384 0.0225606 0.675769 0.525605 0.0740331 -2.15576 -5.23213 -819.834 0 
138 826.563 0.30605 0.0225784 0.680661 0.523721 0.0968652 -1.66635 -4.87919 -820.018 0 
25 826.618 0.315142 0.022383 0.672554 0.531235 0.0869136 -0.336291 -6.70203 -819.58 0 
104 825.695 0.303729 0.0224822 0.680583 0.542639 0.0964649 -1.12029 -4.53608 -820.039 0 
22 825.672 0.304895 0.0225863 0.679718 0.582349 0.0645903 -1.48208 -4.54928 -819.641 0 
11 825.471 0.307062 0.0225702 0.676906 0.599308 0.0795143 -1.40551 -4.48919 -819.576 0 
49 826.179 0.315058 0.0225984 0.671043 0.587234 0.0396348 -1.43899 -5.29681 -819.443 0 
3 829.039 0.298609 0.0226333 0.683625 0.585987 0.0648974 -4.05706 -4.78135 -820.201 0 
13 828.394 0.304967 0.0226456 0.676659 0.561858 0.0202393 -3.51684 -4.55705 -820.32 0 
4 828.553 0.300808 0.0225192 0.679631 0.631851 0.0508838 -4.1815 -4.72039 -819.651 0 
3 828.091 0.311456 0.0224953 0.673924 0.634104 0.0598227 -3.76154 -4.97397 -819.356 0 
2 828.332 0.304528 0.0224398 0.677895 0.607561 0.0396208 -4.28953 -4.43736 -819.605 0 
8 828.793 0.30279 0.0224676 0.678322 0.618928 0.0617224 -4.52574 -4.57937 -819.688 0 
5 828.091 0.308044 0.0225708 0.67451 0.614682 0.0256181 -4.17355 -4.44129 -819.476 0 
14 825.403 0.308725 0.0225445 0.674858 0.604034 0.0393613 -1.39124 -4.49464 -819.517 0 
100 826.064 0.310262 0.0225036 0.671992 0.589486 0.000165401 -1.97861 -4.40978 -819.675 0 
9 826.788 0.315918 0.0224643 0.668338 0.59713 0.0110053 -2.17998 -5.19676 -819.412 0 
13 827.082 0.311424 0.0223846 0.670606 0.585255 0.022206 -2.96339 -4.51438 -819.605 0 
62 826.122 0.312737 0.0226351 0.672705 0.622848 0.0837959 -1.91036 -4.82414 -819.387 0 
1 826.753 0.307864 0.0226199 0.675109 0.617524 0.0936126 -2.80355 -4.41811 -819.531 0 
10 826.225 0.315373 0.0224536 0.672161 0.578318 0.171939 -0.276397 -6.45151 -819.497 0 
5 829.744 0.325361 0.0225004 0.663945 0.574949 0.130628 -1.82345 -8.43888 -819.482 0 
4 829.745 0.326084 0.022433 0.662379 0.581634 0.100568 -1.79705 -8.45579 -819.492 0 
15 826.123 0.321467 0.0224431 0.665154 0.627916 0.0984549 -0.319673 -6.36834 -819.435 0 
83 825.891 0.316734 0.0224488 0.667008 0.722002 0.142701 -0.870074 -5.34609 -819.675 0 
63 828.26 0.318974 0.0224741 0.666775 0.661564 0.0738548 -2.2254 -6.45057 -819.584 0 
32 828.276 0.310129 0.022449 0.670652 0.674283 0.00741589 -4.46976 -4.49505 -819.311 0 
11 828.727 0.316561 0.0225621 0.667786 0.63449 0.0221957 -4.17053 -5.19532 -819.362 0 
6 827.032 0.314134 0.0226643 0.672016 0.633927 0.0629274 -2.63713 -5.03675 -819.358 0 
10 829.611 0.313126 0.0223336 0.669324 0.58688 0.0155575 -5.49888 -4.49264 -819.619 0 
15 826.642 0.314897 0.0223424 0.668847 0.59325 0.053725 -1.97026 -5.24624 -819.426 0 
16 825.825 0.316518 0.0223821 0.666219 0.618781 0.0188854 -1.68633 -4.7573 -819.381 0 
18 825.633 0.313711 0.0225185 0.672121 0.62078 0.109228 -0.713833 -5.53625 -819.383 0 
45 825.685 0.317488 0.0225141 0.666932 0.653818 0.0607148 -1.3612 -4.96914 -819.355 0 
9 825.794 0.324179 0.0224533 0.660866 0.642748 0.0884677 -0.614066 -5.76755 -819.413 0 
94 825.541 0.320548 0.0224509 0.663502 0.66733 0.170711 -0.895858 -5.26738 -819.378 0 
19 826.601 0.319022 0.0223175 0.664606 0.69583 0.208431 -1.54287 -5.59083 -819.467 0 
11 829.1 0.31357 0.022296 0.666867 0.709727 0.175699 -5.17326 -4.5915 -819.335 0 
4 828.161 0.310937 0.0223765 0.669307 0.69618 0.193254 -4.33974 -4.49654 -819.325 0 
35 828.005 0.315917 0.0227657 0.669494 0.653124 0.172616 -3.91411 -4.71646 -819.374 0 
38 826 0.317102 0.0223249 0.66773 0.66691 0.26644 -0.797632 -5.801 -819.401 0 
3 826.316 0.313122 0.0223041 0.671099 0.655983 0.248498 -1.58642 -5.32636 -819.404 0 
3 825.942 0.312708 0.0224044 0.672823 0.649589 0.261993 -1.12009 -5.38357 -819.438 0 
32 827.916 0.316741 0.0222742 0.667613 0.656367 0.281947 -2.52692 -5.96238 -819.426 0 
10 826.491 0.31785 0.0222984 0.665406 0.657075 0.249414 -1.95037 -5.13155 -819.41 0 
10 826.4 0.316454 0.022355 0.666236 0.687234 0.247436 -2.26349 -4.7792 -819.357 0 
4 826.456 0.317908 0.0223838 0.664569 0.72264 0.273831 -2.13528 -4.94567 -819.375 0 
3 826.684 0.311191 0.0225208 0.67172 0.721485 0.331818 -2.66988 -4.62265 -819.391 0 
12 828.533 0.304746 0.0223635 0.677133 0.773299 0.395726 -4.63455 -4.50829 -819.39 0 
2 829.816 0.317953 0.0224372 0.666739 0.75187 0.431851 -4.54973 -5.82329 -819.443 0 
3 829.392 0.323652 0.0222327 0.664019 0.736042 0.486855 -2.15328 -7.64591 -819.593 0 
12 829.589 0.32189 0.0222585 0.665172 0.750784 0.522163 -1.88062 -8.03895 -819.669 0 
2 826.78 0.310329 0.0223692 0.676185 0.743282 0.545918 -0.498424 -6.03607 -820.246 0 
7 828.856 0.301561 0.0224094 0.680955 0.742994 0.541772 -3.05545 -4.45302 -821.348 0 
10 828.31 0.303587 0.0224021 0.677717 0.758306 0.478374 -3.66989 -4.42513 -820.215 0 
41 828.381 0.304303 0.0227391 0.679533 0.780169 0.5151 -3.63689 -4.4142 -820.33 0 
25 829.195 0.301281 0.0226871 0.682414 0.724418 0.479083 -4.01065 -4.41989 -820.765 0 
1 830.082 0.303911 0.022695 0.682731 0.765809 0.555009 -4.71691 -4.52724 -820.838 0 
15 830.415 0.308751 0.0225511 0.673758 0.772111 0.449713 -6.1113 -4.51405 -819.79 0 
16 826.538 0.309553 0.0225897 0.676812 0.747935 0.506611 -1.52752 -4.9239 -820.086 0 
29 825.924 0.317573 0.0223501 0.667743 0.700905 0.415948 -0.509583 -5.80391 -819.611 0 
15 828.071 0.326807 0.0222929 0.660339 0.711936 0.382451 -0.511079 -8.05311 -819.507 0 
15 828.043 0.315142 0.0224115 0.671205 0.704033 0.405517 -2.00821 -6.53066 -819.504 0 
9 827.795 0.314536 0.0225153 0.671059 0.665855 0.367185 -3.13346 -4.83087 -819.831 0 
77 826.258 0.322018 0.0223987 0.664924 0.654419 0.322823 -0.285622 -6.49064 -819.481 0 
27 826.003 0.319312 0.0223546 0.666891 0.661388 0.312112 -0.160569 -6.39434 -819.448 0 
7 825.419 0.320856 0.0224323 0.663247 0.685747 0.238958 -0.740719 -5.29998 -819.379 0 
7 826.136 0.316697 0.0225264 0.668159 0.672277 0.227319 -1.83048 -4.9393 -819.366 0 
19 826.442 0.318548 0.0223916 0.668772 0.629453 0.23725 -0.0636081 -6.93812 -819.44 0 
21 827.061 0.307738 0.022714 0.674731 0.716494 0.2447 -3.18858 -4.53111 -819.342 0 
32 825.95 0.313368 0.0226247 0.670812 0.657022 0.218296 -1.8829 -4.64801 -819.419 0 
5 827.573 0.316771 0.0226576 0.670339 0.645094 0.252619 -2.75971 -5.36939 -819.444 0 
82 825.51 0.311568 0.0225852 0.672212 0.68376 0.240814 -1.55732 -4.57895 -819.374 0 
18 826.049 0.31367 0.0226568 0.671097 0.64475 0.194937 -1.95283 -4.66395 -819.432 0 
17 828.676 0.312995 0.0226063 0.670017 0.706594 0.209759 -4.61166 -4.71287 -819.351 0 
13 826.98 0.314496 0.0225563 0.669383 0.707388 0.254115 -2.63132 -4.9823 -819.367 0 
1 826.052 0.316583 0.0224464 0.668436 0.666748 0.271262 -1.06783 -5.58193 -819.402 0 
14 826.326 0.31577 0.0225339 0.670213 0.672158 0.291832 -1.67417 -5.22475 -819.427 0 
15 825.585 0.318775 0.0223817 0.666344 0.672556 0.282308 -0.564102 -5.61857 -819.402 0 
7 828.929 0.30953 0.0223686 0.671851 0.699576 0.290428 -4.99957 -4.46557 -819.464 0 
2 828.657 0.30916 0.0223402 0.673692 0.696139 0.284631 -4.64854 -4.61659 -819.391 0 
26 828.287 0.305321 0.0222585 0.677246 0.652725 0.309269 -3.94047 -4.64893 -819.698 0 
5 828.458 0.309531 0.0223498 0.672182 0.650638 0.254123 -4.3675 -4.5343 -819.556 0 
9 826.49 0.311168 0.0223403 0.672355 0.613264 0.272334 -1.84065 -4.86666 -819.783 0 
1 827.337 0.318427 0.0224469 0.668071 0.60511 0.268781 -1.43265 -6.33253 -819.572 0 
12 831.389 0.313843 0.0225038 0.673645 0.595065 0.280693 -6.20852 -5.35369 -819.827 0 
2 829.743 0.312416 0.02245 0.674202 0.580108 0.271125 -4.61428 -5.15037 -819.978 0 
1 828.853 0.306553 0.0224328 0.673807 0.626751 0.213585 -4.29162 -4.55673 -820.005 0 
4 827.878 0.309695 0.0223792 0.672544 0.600917 0.197615 -3.58579 -4.54233 -819.75 0 
24 827.663 0.307087 0.0224951 0.675162 0.596427 0.228504 -2.93376 -4.43645 -820.293 0 
4 826.892 0.30215 0.0225994 0.680823 0.646028 0.263175 -2.52538 -4.44995 -819.916 0 
96 826.384 0.310468 0.0226112 0.675565 0.597164 0.248008 -1.73289 -4.7954 -819.856 0 
41 827.208 0.300709 0.0225156 0.681898 0.625414 0.295217 -2.48242 -4.40798 -820.317 0 
5 826.978 0.300876 0.0224847 0.683448 0.619205 0.335057 -2.03939 -4.43778 -820.501 0 
6 830.584 0.307139 0.022635 0.679811 0.585537 0.326417 -5.32554 -4.65401 -820.605 0 
2 831.87 0.304385 0.0225377 0.68183 0.582265 0.316389 -6.64673 -4.55324 -820.67 0 
17 827.857 0.299423 0.0227251 0.685012 0.626965 0.296806 -3.08644 -4.42315 -820.347 0 
18 827.316 0.30874 0.0227285 0.676529 0.630437 0.257437 -3.04984 -4.5047 -819.761 0 
3 826.388 0.313972 0.0226547 0.671842 0.646444 0.258009 -1.98151 -4.90508 -819.502 0 
4 826.039 0.311155 0.0225434 0.675412 0.625621 0.307577 -1.09116 -5.20198 -819.746 0 
41 825.502 0.317314 0.0225198 0.668214 0.607676 0.259635 -0.621422 -5.19207 -819.689 0 
17 826.234 0.309315 0.0225407 0.673153 0.639823 0.268467 -1.92888 -4.4046 -819.9 0 
17 825.645 0.312667 0.0224119 0.673801 0.645474 0.341935 -0.1453 -5.8703 -819.629 0 
13 826.037 0.306771 0.0225178 0.677405 0.61259 0.321759 -1.18904 -4.53628 -820.311 0 
64 826.191 0.314287 0.0224294 0.672943 0.586701 0.319055 -0.165042 -6.08413 -819.942 0 
23 827.221 0.301424 0.0225193 0.68291 0.611811 0.340969 -2.1749 -4.51561 -820.531 0 
9 827.731 0.307002 0.0224463 0.677314 0.589685 0.330244 -2.44871 -4.79634 -820.486 0 
2 832.08 0.302308 0.0223213 0.680499 0.569776 0.359885 -6.09954 -4.6218 -821.359 0 
8 832.251 0.300523 0.0223131 0.681197 0.579039 0.355328 -6.24593 -4.47265 -821.532 0 
1 828.026 0.308876 0.0222326 0.676017 0.603419 0.367974 -2.37751 -5.30441 -820.344 0 
8 827.601 0.30653 0.0222802 0.679766 0.601733 0.429087 -1.04399 -5.6458 -820.911 0 
53 826.965 0.31341 0.0225316 0.673028 0.630857 0.348395 -1.53293 -5.6047 -819.827 0 
3 826.815 0.318163 0.0223761 0.668401 0.602711 0.307604 -0.613535 -6.50909 -819.692 0 
14 825.857 0.3096 0.0224478 0.677032 0.636861 0.39159 -0.210654 -5.58187 -820.064 0 
3 826.761 0.311912 0.0224546 0.675066 0.669409 0.38615 -1.43025 -5.62539 -819.705 0 
1 829.334 0.315278 0.0226072 0.672274 0.698982 0.378659 -3.50719 -6.3615 -819.466 0 
3 829.459 0.317641 0.0225991 0.670201 0.671817 0.336313 -3.35066 -6.65062 -819.458 0 
14 829.448 0.310582 0.0224817 0.673903 0.643801 0.271436 -5.21727 -4.56446 -819.666 0 
13 827.464 0.30755 0.0227228 0.677087 0.658204 0.29394 -3.28859 -4.45995 -819.715 0 
4 827.166 0.323292 0.022546 0.664621 0.623531 0.296579 -1.16988 -6.45035 -819.546 0 
6 828.897 0.318353 0.0226856 0.669113 0.64284 0.313497 -3.60989 -5.71841 -819.568 0 
2 829.444 0.315115 0.0225717 0.668418 0.711695 0.319098 -5.20841 -4.85524 -819.38 0 
11 828.074 0.310986 0.0225404 0.672764 0.72682 0.374699 -4.02595 -4.4983 -819.55 0 
4 828.081 0.321022 0.022604 0.66712 0.731729 0.394753 -2.1674 -6.47249 -819.441 0 
35 828.067 0.315464 0.0223842 0.667894 0.724709 0.323385 -3.92675 -4.77593 -819.364 0 
6 827.703 0.312357 0.0224137 0.668632 0.733056 0.327148 -3.81636 -4.48407 -819.403 0 
4 827.971 0.321785 0.0224285 0.663441 0.742477 0.326991 -3.02132 -5.50863 -819.441 0 
16 827.75 0.312781 0.0224186 0.671384 0.713677 0.36819 -2.99161 -5.32443 -819.434 0 
9 826.225 0.314912 0.0224261 0.669493 0.722658 0.355255 -1.42322 -5.4056 -819.396 0 
9 826.731 0.31366 0.0224351 0.669256 0.766755 0.397713 -2.71552 -4.6274 -819.388 0 
6 825.579 0.314009 0.0224363 0.66925 0.779082 0.396428 -1.36648 -4.8437 -819.369 0 
30 825.301 0.316797 0.0224783 0.666692 0.768534 0.365745 -0.985027 -4.93628 -819.38 0 
2 826.28 0.312323 0.0225522 0.669415 0.767461 0.318913 -2.38943 -4.56613 -819.325 0 
19 828.514 0.320869 0.0224719 0.665576 0.739193 0.349765 -3.23617 -5.83958 -819.438 0 
50 828.172 0.319798 0.0226965 0.666541 0.740863 0.375673 -3.35067 -5.4248 -819.396 0 
27 826.024 0.31602 0.022559 0.67012 0.749318 0.404393 -1.21117 -5.40149 -819.411 0 
24 826.215 0.320295 0.0223781 0.666377 0.70214 0.409916 -0.33555 -6.34829 -819.531 0 
6 827.764 0.319362 0.0222385 0.667806 0.730065 0.475235 -0.607749 -7.57789 -819.578 0 
3 826.981 0.3176 0.0225587 0.669817 0.688176 0.412846 -1.24426 -6.08691 -819.65 0 
6 827.32 0.30809 0.0225363 0.673215 0.7091 0.36723 -3.05434 -4.42539 -819.84 0 
8 828.222 0.313881 0.0225435 0.673581 0.695914 0.428689 -2.96034 -5.48937 -819.773 0 
4 826.639 0.322918 0.022381 0.664551 0.684134 0.426017 -0.0836782 -6.90555 -819.65 0 
52 826.585 0.319581 0.0223458 0.666559 0.691547 0.382847 -0.507294 -6.59076 -819.486 0 
14 826.808 0.31955 0.0223275 0.665639 0.712237 0.365355 -1.67615 -5.7098 -819.422 0 
6 828.182 0.329484 0.0222029 0.656649 0.707274 0.353257 -1.27111 -7.41833 -819.492 0 
24 827.398 0.315994 0.0222302 0.669149 0.692292 0.439047 -1.55151 -6.0842 -819.762 0 
3 827.55 0.312906 0.0222738 0.6695 0.750484 0.427194 -3.21676 -4.8309 -819.503 0 
5 826.451 0.311908 0.0223084 0.672506 0.706584 0.451953 -1.32883 -5.20244 -819.92 0 
12 827.378 0.314657 0.0222824 0.669443 0.688303 0.403601 -2.53559 -5.07269 -819.77 0 
8 827.549 0.312645 0.0224838 0.674271 0.619707 0.375291 -1.51707 -6.01416 -820.018 0 
18 826.454 0.306771 0.0224939 0.67624 0.636541 0.346898 -1.63259 -4.41788 -820.403 0 
22 826.714 0.305428 0.0224435 0.678193 0.61935 0.327603 -1.91171 -4.5579 -820.244 0 
17 826.738 0.305197 0.0223492 0.68001 0.607379 0.369488 -1.30562 -4.93632 -820.496 0 
52 826.543 0.316683 0.0223748 0.669972 0.574147 0.367903 -0.079236 -5.98791 -820.476 0 
25 828.081 0.31367 0.0223853 0.673403 0.602375 0.357528 -1.45219 -6.70471 -819.924 0 
3 828.319 0.306461 0.0225278 0.681179 0.649601 0.416054 -2.85786 -5.20788 -820.253 0 
11 829.035 0.318101 0.0223534 0.670626 0.644806 0.458589 -0.782335 -8.21626 -820.036 0 
6 829.521 0.31324 0.0225391 0.676348 0.628876 0.456944 -2.41087 -6.59794 -820.513 0 
4 829.072 0.315085 0.0224127 0.671695 0.624328 0.461567 -1.99855 -6.30781 -820.766 0 
1 826.414 0.314676 0.022513 0.671665 0.650116 0.445963 -0.541807 -5.33169 -820.541 0 
13 827.864 0.319797 0.0222898 0.668302 0.653351 0.453234 -0.279916 -7.59959 -819.984 0 
15 829.204 0.318504 0.0223516 0.670873 0.645058 0.460941 -1.24204 -7.87579 -820.086 0 
17 828.015 0.315584 0.0222471 0.669919 0.648893 0.472109 -1.59341 -5.69811 -820.724 0 
42 827.611 0.304002 0.022588 0.678854 0.712311 0.474644 -2.18752 -4.44994 -820.974 0 
8 827.27 0.309571 0.022432 0.673386 0.700129 0.443839 -2.39034 -4.44092 -820.438 0 
20 826.714 0.310256 0.0224493 0.67701 0.752256 0.542998 -0.836891 -5.70497 -820.172 0 
2 825.558 0.316698 0.0225178 0.668906 0.730536 0.465864 -0.597669 -5.14638 -819.814 0 
45 825.854 0.312067 0.0225972 0.671239 0.744474 0.430907 -1.66536 -4.45809 -819.731 0 
2 825.568 0.308611 0.0225333 0.676005 0.73063 0.45607 -0.978375 -4.67891 -819.91 0 
87 825.597 0.313504 0.0224532 0.670494 0.746309 0.417259 -1.31985 -4.77545 -819.502 0 
31 826.45 0.31608 0.0225277 0.668347 0.760989 0.433007 -1.9085 -5.09316 -819.448 0 
41 826.194 0.3079 0.0224445 0.674778 0.776349 0.488858 -1.87144 -4.46318 -819.859 0 
32 826.48 0.31326 0.0224015 0.670146 0.743483 0.461311 -2.01802 -4.61376 -819.848 0 
4 826.501 0.313144 0.0224298 0.673494 0.674919 0.432301 -0.958514 -5.55624 -819.987 0 
7 827.209 0.316236 0.0223206 0.670659 0.703017 0.443637 -1.14016 -6.40457 -819.664 0 
8 827.473 0.316588 0.0223669 0.669103 0.673923 0.390436 -1.66549 -6.18528 -819.623 0 
55 827.264 0.317835 0.0223116 0.668873 0.644649 0.419564 -0.540535 -6.78369 -819.94 0 
5 826.989 0.311928 0.0222934 0.671051 0.685054 0.354906 -2.53196 -4.86664 -819.591 0 
13 825.816 0.318283 0.0224939 0.666802 0.673391 0.313639 -1.30851 -5.01715 -819.49 0 
19 827.088 0.324628 0.0223678 0.662371 0.680363 0.334663 -0.303123 -7.3246 -819.461 0 
2 826.931 0.321011 0.0223123 0.664508 0.668972 0.304899 -1.56788 -5.93475 -819.428 0 
24 826.115 0.316827 0.022389 0.665753 0.743358 0.288871 -1.81348 -4.90043 -819.401 0 
43 826.201 0.312491 0.0224492 0.670509 0.742098 0.322491 -2.16969 -4.68553 -819.346 0 
2 826.456 0.312961 0.0223715 0.669296 0.711279 0.303407 -2.46038 -4.62173 -819.374 0 
31 826.938 0.31141 0.0223715 0.670131 0.739114 0.304823 -2.99378 -4.60614 -819.338 0 
16 826.468 0.313331 0.022547 0.670348 0.729649 0.313191 -2.2388 -4.87037 -819.359 0 
7 830.493 0.313076 0.0224864 0.668287 0.733367 0.290647 -6.57497 -4.58181 -819.336 0 
18 826.774 0.313611 0.0225924 0.6711 0.723439 0.363533 -2.38326 -4.97405 -819.417 0 
13 825.702 0.317652 0.0224332 0.667311 0.738075 0.328477 -0.487924 -5.75783 -819.456 0 
94 825.221 0.307697 0.022495 0.676639 0.736344 0.391486 -1.02308 -4.72986 -819.468 0 
2 828.267 0.302036 0.022636 0.678483 0.754902 0.312967 -4.00577 -4.87256 -819.389 0 
17 826.636 0.307608 0.0226639 0.674984 0.767352 0.348238 -2.76469 -4.53132 -819.34 0 
20 825.833 0.311006 0.0224974 0.672107 0.769937 0.34988 -1.78483 -4.69375 -819.355 0 
2 825.851 0.315889 0.0224105 0.667521 0.759048 0.304496 -1.14281 -5.20352 -819.504 0 
11 827.091 0.32044 0.0223334 0.663945 0.774306 0.309968 -0.935523 -6.27654 -819.879 0 
55 826.028 0.316019 0.0225179 0.66818 0.799825 0.33581 -0.86192 -5.42103 -819.745 0 
19 825.921 0.320642 0.0224311 0.662745 0.755331 0.258344 -0.993959 -5.29334 -819.633 0 
3 828.859 0.318134 0.0224276 0.664617 0.73152 0.250209 -4.14591 -5.22316 -819.49 0 
28 826.448 0.318452 0.0224825 0.664041 0.741659 0.250046 -2.3326 -4.7251 -819.39 0 
10 827.221 0.312006 0.0224783 0.670244 0.730136 0.280793 -3.33803 -4.55452 -819.329 0 
4 828.007 0.311383 0.0224962 0.670265 0.75221 0.282747 -4.00399 -4.63364 -819.37 0 
29 827.683 0.320456 0.0222512 0.663196 0.712556 0.252356 -2.5325 -5.66652 -819.484 0 
26 829.035 0.329938 0.022359 0.658983 0.655147 0.233875 -0.183463 -9.17419 -819.677 0 
1 829.233 0.309789 0.0223811 0.674155 0.637303 0.28461 -4.45523 -5.2058 -819.572 0 
6 827.66 0.305448 0.0224559 0.676235 0.683073 0.323927 -3.38452 -4.44641 -819.829 0 
2 828.101 0.312267 0.0225699 0.673862 0.584486 0.307654 -2.97448 -4.75509 -820.372 0 
7 830.031 0.305652 0.0225821 0.678982 0.614007 0.296118 -5.32761 -4.72017 -819.983 0 
1 832.061 0.292863 0.0228062 0.688451 0.690931 0.302832 -5.92544 -5.81228 -820.324 0 
9 830.727 0.299322 0.0226417 0.679733 0.723399 0.231915 -5.67837 -5.56782 -819.481 0 
6 829.035 0.304979 0.022689 0.675292 0.774669 0.219474 -4.61275 -5.10446 -819.318 0 
8 829.741 0.308927 0.0228042 0.672596 0.777845 0.206956 -5.38252 -4.97602 -819.382 0 
5 829.858 0.317967 0.022742 0.667378 0.815827 0.262427 -4.13972 -5.42654 -820.291 0 
1 829.337 0.319046 0.0227148 0.665071 0.799197 0.232842 -3.83535 -5.31597 -820.186 0 
8 827.695 0.317715 0.0225968 0.663305 0.825093 0.231461 -2.5853 -4.95797 -820.151 0 
4 828.284 0.320999 0.0223967 0.660531 0.831554 0.259114 -2.43832 -5.31875 -820.527 0 
25 828.135 0.325897 0.0223751 0.656353 0.800888 0.222363 -2.41284 -5.40144 -820.321 0 
54 828.419 0.323167 0.0223276 0.65843 0.795545 0.232541 -2.87843 -5.35085 -820.19 0 
25 828.593 0.322902 0.0224891 0.66061 0.766484 0.226272 -2.9286 -5.67614 -819.988 0 
74 827.376 0.323866 0.0226043 0.661073 0.721457 0.213227 -2.27641 -5.52849 -819.571 0 
2 827.241 0.322672 0.0225317 0.663675 0.69008 0.194686 -1.92012 -5.8268 -819.494 0 
2 826.89 0.318839 0.0224511 0.668134 0.70664 0.28013 -0.827987 -6.53671 -819.525 0 
40 826.695 0.322477 0.0225569 0.663128 0.666613 0.224355 -1.64157 -5.66249 -819.391 0 
38 827.561 0.317128 0.0225917 0.670838 0.679454 0.285739 -1.71033 -6.42083 -819.43 0 
81 825.308 0.320756 0.0225509 0.663957 0.673265 0.22109 -0.863173 -5.08057 -819.364 0 
11 827.631 0.31811 0.022561 0.66933 0.605784 0.249696 -1.81109 -6.29202 -819.528 0 
3 827.688 0.31478 0.0226733 0.67075 0.636993 0.252905 -3.21761 -4.93503 -819.536 0 
34 826.264 0.314324 0.0225567 0.670121 0.665474 0.23949 -1.90493 -4.97203 -819.387 0 
15 825.335 0.313755 0.0224993 0.670232 0.724511 0.270859 -0.91047 -5.03236 -819.393 0 
9 825.999 0.314082 0.0225727 0.668333 0.732264 0.215337 -1.96351 -4.65442 -819.381 0 
8 827.266 0.323238 0.022551 0.659833 0.777526 0.21308 -1.98799 -5.28161 -819.997 0 
38 827.082 0.320737 0.0223811 0.661529 0.777564 0.246277 -2.11243 -5.15671 -819.813 0 
5 829.839 0.32332 0.0225096 0.660594 0.737828 0.196312 -4.26803 -5.7585 -819.813 0 
35 826.875 0.326806 0.0224255 0.657773 0.731781 0.168578 -0.74713 -6.16958 -819.958 0 
9 828.381 0.320163 0.0225004 0.662635 0.78952 0.193152 -3.14498 -5.14268 -820.094 0 
5 827.874 0.320045 0.0225683 0.665694 0.76963 0.218497 -1.79605 -5.93919 -820.138 0 
7 828.783 0.308411 0.0227115 0.672416 0.784235 0.184326 -4.30968 -4.98882 -819.485 0 
12 828.007 0.314095 0.0225735 0.668779 0.788432 0.20681 -3.16671 -4.95759 -819.883 0 
40 827.094 0.316988 0.0224937 0.667074 0.739852 0.174327 -2.19798 -5.20247 -819.694 0 
31 827.557 0.317028 0.0226292 0.66583 0.752997 0.111702 -3.03295 -4.83914 -819.685 0 
10 827.935 0.323597 0.0225986 0.661726 0.713224 0.0358879 -2.10186 -5.92663 -819.906 0 
27 827.48 0.318447 0.022552 0.662401 0.729184 0.0177633 -3.31353 -4.6618 -819.504 0 
36 826.874 0.323778 0.0224476 0.660791 0.732974 0.0498136 -0.520537 -6.14042 -820.214 0 
3 828.085 0.324305 0.0224609 0.660512 0.746554 0.0563462 -1.81186 -5.95879 -820.315 0 
35 828.803 0.313765 0.0226093 0.666691 0.803256 0.0492666 -3.47531 -4.99072 -820.337 0 
13 828.977 0.316875 0.0225989 0.665874 0.767708 0.0394373 -3.49194 -5.21809 -820.267 0 
5 832.148 0.303071 0.022799 0.675499 0.783818 0.0615389 -6.76875 -5.97259 -819.406 0 
14 832.555 0.308745 0.0228917 0.672066 0.805989 0.0377048 -7.2302 -5.49005 -819.835 0 
11 829.48 0.319135 0.0225062 0.665128 0.758638 0.0970394 -3.88547 -5.43674 -820.158 0 
2 828.677 0.319139 0.0227055 0.664589 0.790926 0.075336 -2.75356 -5.32741 -820.596 0 
28 828.588 0.314013 0.0227383 0.667322 0.782029 0.0527241 -3.82026 -4.93336 -819.835 0 
53 829.42 0.322615 0.0227819 0.661173 0.774533 0.0383592 -4.24994 -5.03854 -820.132 0 
13 829.041 0.317943 0.0227071 0.664834 0.773524 0.0131688 -3.82742 -5.02636 -820.187 0 
17 827.278 0.323734 0.0226124 0.659972 0.743426 0.0120287 -1.96414 -5.30198 -820.012 0 
9 827.875 0.324171 0.0225719 0.660589 0.714296 0.0292129 -2.20099 -5.7919 -819.882 0 
58 827.807 0.317119 0.0224762 0.665284 0.715958 0.0714068 -3.15341 -5.03459 -819.619 0 
60 828.145 0.325924 0.0225219 0.659939 0.741695 0.078882 -1.53354 -6.28094 -820.331 0 
4 830.332 0.319475 0.0225407 0.660914 0.748753 0.0538282 -5.91407 -4.72624 -819.692 0 
51 827.29 0.321916 0.0223883 0.660754 0.74701 0.0884914 -1.97878 -5.31375 -819.998 0 
100 827.853 0.327992 0.022374 0.656111 0.763336 0.0894719 -0.884036 -6.29177 -820.677 0 
21 827.587 0.323179 0.0225893 0.659216 0.766419 0.0709208 -2.37179 -5.09439 -820.121 0 
48 828.994 0.317407 0.0224269 0.664472 0.756846 0.0658003 -4.12544 -4.97435 -819.894 0 
10 828.864 0.321805 0.0224017 0.661269 0.762435 0.0648426 -3.12134 -5.45406 -820.289 0 
22 827.272 0.323265 0.0224792 0.661558 0.742195 0.0908217 -1.21613 -5.88451 -820.171 0 
65 826.086 0.320389 0.022477 0.661656 0.721079 0.0614927 -1.68535 -4.83839 -819.562 0 
70 826.825 0.317157 0.0226272 0.669283 0.659684 0.122616 -1.93183 -5.48744 -819.405 0 
88 825.141 0.315809 0.0225116 0.668186 0.650104 0.0903299 -0.927288 -4.86783 -819.346 0 
4 825.558 0.318836 0.0225059 0.665229 0.636166 0.0522124 -1.38154 -4.82578 -819.351 0 
28 825.628 0.311323 0.0224748 0.671581 0.672613 0.0885798 -1.5516 -4.73178 -819.344 0 
12 826.469 0.314907 0.0226345 0.670505 0.688897 0.100946 -1.84051 -5.16516 -819.463 0 
27 826.213 0.325118 0.0224912 0.660868 0.668064 0.0415603 -0.56943 -6.06687 -819.577 0 
47 825.971 0.326836 0.0223873 0.658027 0.667878 0.0366534 -0.397168 -6.00417 -819.57 0 
72 826.548 0.319381 0.0223809 0.662917 0.707958 0.043218 -1.96515 -5.01329 -819.57 0 
16 827.487 0.317156 0.0223636 0.664582 0.67757 0.0133743 -3.24337 -4.85111 -819.392 0 
61 825.861 0.31637 0.0224777 0.668777 0.598838 0.00929422 -1.37313 -5.07201 -819.416 0 
68 827.642 0.309205 0.0227021 0.676994 0.635069 0.0736341 -3.47616 -4.80699 -819.359 0 
13 826.964 0.309371 0.0226754 0.674547 0.673149 0.101312 -3.00767 -4.62688 -819.329 0 
12 827.411 0.305237 0.0224377 0.676247 0.67701 0.10515 -3.58375 -4.51117 -819.316 0 
19 827.817 0.300276 0.0224767 0.681261 0.653416 0.132475 -3.80771 -4.53003 -819.48 0 
61 825.84 0.308504 0.0225256 0.67394 0.635484 0.102361 -1.95233 -4.4424 -819.445 0 
10 828.188 0.321967 0.0225478 0.666327 0.617599 0.162611 -1.5234 -7.21254 -819.452 0 
2 828.697 0.319222 0.0226239 0.665318 0.690102 0.119759 -4.53898 -4.79143 -819.367 0 
27 826.764 0.321348 0.0225175 0.664829 0.690284 0.157914 -1.27264 -5.92412 -819.567 0 
15 826.719 0.319135 0.0224134 0.666741 0.697588 0.197491 -0.986814 -6.14453 -819.587 0 
62 827.212 0.310984 0.0226125 0.670519 0.751945 0.172396 -3.08572 -4.65172 -819.475 0 
7 825.763 0.315966 0.0226033 0.666548 0.690649 0.130874 -1.87965 -4.56251 -819.321 0 
12 826.103 0.311215 0.0225951 0.671572 0.726844 0.160029 -1.97101 -4.69744 -819.435 0 
36 827.07 0.309185 0.0226051 0.672918 0.717013 0.134106 -3.13171 -4.61455 -819.323 0 
9 827.697 0.312236 0.0224514 0.670502 0.709683 0.190226 -3.30751 -4.9625 -819.427 0 
4 831.929 0.323127 0.0226186 0.661625 0.71675 0.149884 -6.41158 -5.78168 -819.736 0 
2 832.079 0.305737 0.0226936 0.675132 0.760296 0.225564 -7.61309 -5.18095 -819.285 0 
4 832.116 0.3137 0.0226332 0.666178 0.71943 0.12869 -8.25838 -4.54815 -819.309 0 
31 829.329 0.310449 0.0225125 0.668409 0.757816 0.175677 -5.17549 -4.79362 -819.36 0 
26 829.766 0.308871 0.0224052 0.670073 0.728301 0.145464 -5.74561 -4.71818 -819.303 0 
1 829.244 0.31204 0.0224907 0.668262 0.715354 0.125572 -5.35478 -4.54199 -819.348 0 
7 830.033 0.309933 0.0223644 0.670923 0.699413 0.147593 -6.15531 -4.56984 -819.308 0 
18 827.889 0.306822 0.0227169 0.674538 0.702286 0.119912 -3.94916 -4.64261 -819.297 0 
32 827.165 0.316125 0.0226227 0.670863 0.678035 0.1979 -1.96677 -5.76384 -819.435 0 
1 827.159 0.318514 0.0227013 0.667383 0.630344 0.168143 -2.79458 -4.94908 -819.415 0 
24 827.336 0.310837 0.0226646 0.674041 0.663216 0.210842 -3.35937 -4.56923 -819.407 0 
12 826.541 0.313805 0.022553 0.669742 0.693358 0.235639 -2.38011 -4.81246 -819.349 0 
37 825.922 0.311941 0.0224153 0.671007 0.639628 0.25531 -1.73804 -4.54529 -819.639 0 
9 827.409 0.314072 0.0224511 0.668991 0.672517 0.273841 -3.16079 -4.82303 -819.425 0 
15 828.341 0.306588 0.0224857 0.674589 0.701299 0.287655 -4.47359 -4.4144 -819.453 0 
8 827.463 0.305153 0.0224633 0.675662 0.686602 0.224608 -3.549 -4.48454 -819.43 0 
7 826.205 0.316454 0.0223938 0.669317 0.65213 0.244907 -0.604472 -6.18854 -819.412 0 
7 825.372 0.315023 0.0224404 0.66833 0.662479 0.166999 -1.22135 -4.80178 -819.348 0 
72 825.737 0.310879 0.0224891 0.673729 0.677049 0.216539 -1.47756 -4.90423 -819.355 0 
4 827.28 0.316738 0.0225458 0.666429 0.687037 0.158194 -3.03756 -4.87409 -819.368 0 
112 826.669 0.309466 0.0226718 0.672921 0.723638 0.186987 -2.79029 -4.55529 -819.324 0 
22 826.996 0.307837 0.0226207 0.673628 0.729798 0.172507 -3.08941 -4.57866 -819.328 0 
9 829.024 0.309442 0.0225758 0.669868 0.745756 0.146183 -4.70594 -5.01514 -819.303 0 
66 827.435 0.31605 0.022738 0.668841 0.711576 0.200203 -3.25383 -4.80386 -819.377 0 
8 827.554 0.311713 0.0226965 0.669318 0.766862 0.222435 -3.45594 -4.73598 -819.362 0 
22 827.159 0.319044 0.0226437 0.665107 0.728564 0.221539 -2.97677 -4.78575 -819.397 0 
9 826.296 0.31854 0.0226556 0.664843 0.749047 0.236391 -2.09732 -4.75392 -819.445 0 
6 827.119 0.311755 0.0225744 0.669319 0.778269 0.243016 -2.95249 -4.67322 -819.493 0 
21 825.699 0.317254 0.0224436 0.666193 0.742307 0.26127 -1.10772 -5.10203 -819.489 0 
3 827.805 0.325073 0.0223544 0.661523 0.733046 0.265686 -0.135952 -7.69479 -819.975 0 
18 827.854 0.331509 0.0223783 0.655686 0.721218 0.236678 -0.143391 -7.72877 -819.982 0 
9 827.659 0.331078 0.0223766 0.655771 0.723366 0.232623 -0.0152668 -7.64149 -820.002 0 
3 828.256 0.32717 0.0225559 0.660355 0.695866 0.198277 -2.02128 -6.58602 -819.648 0 
32 832.065 0.33187 0.0225711 0.656787 0.737348 0.189606 -2.75029 -8.69737 -820.617 0 
52 829.18 0.316989 0.0225674 0.663129 0.827937 0.200481 -3.95666 -5.07042 -820.153 0 
9 828.934 0.325314 0.0223821 0.659042 0.80362 0.249971 -1.25769 -6.81059 -820.866 0 
63 827.384 0.318206 0.0225612 0.662882 0.803552 0.242518 -2.70794 -4.83774 -819.838 0 
8 827.112 0.317152 0.0225408 0.664169 0.788884 0.206303 -2.40547 -4.8581 -819.848 0 
12 829.891 0.318921 0.0227208 0.667554 0.754189 0.253148 -4.16099 -5.92308 -819.807 0 
7 827.274 0.315883 0.0227012 0.668508 0.75648 0.247119 -2.92064 -4.85484 -819.499 0 
16 827.784 0.31704 0.0225232 0.668126 0.74563 0.306231 -3.16239 -5.18881 -819.432 0 
1 827.337 0.313798 0.0225198 0.67247 0.714772 0.328222 -2.56542 -5.38308 -819.389 0 
28 825.442 0.315763 0.0225353 0.668039 0.738572 0.27251 -1.04327 -4.9768 -819.422 0 
105 825.383 0.312656 0.0225031 0.670926 0.723235 0.280851 -1.26287 -4.77033 -819.35 0 
5 827.924 0.309898 0.0224962 0.67074 0.734596 0.276613 -4.11992 -4.48298 -819.321 0 
14 828.755 0.310273 0.022466 0.669399 0.746146 0.267417 -4.74541 -4.70172 -819.308 0 
25 828.522 0.320361 0.0227808 0.663906 0.732354 0.213546 -4.33248 -4.76988 -819.419 0 
29 829.772 0.321075 0.022769 0.666265 0.667644 0.232756 -5.05156 -5.34081 -819.38 0 
1 829.74 0.321908 0.0225116 0.665904 0.645161 0.263015 -4.19459 -6.1144 -819.431 0 
4 825.922 0.307499 0.0225494 0.676187 0.708234 0.309298 -1.89755 -4.63297 -819.392 0 
3 828.456 0.306059 0.022629 0.675629 0.670685 0.260047 -4.37757 -4.42409 -819.654 0 
3 826.642 0.313408 0.0226716 0.672322 0.646353 0.259147 -2.265 -4.86408 -819.513 0 
17 826.423 0.305307 0.0225634 0.677323 0.673632 0.274663 -2.35065 -4.43412 -819.639 0 
8 828.342 0.320236 0.0223862 0.664149 0.671003 0.224936 -3.89875 -5.07645 -819.367 0 
14 828.863 0.324508 0.0223513 0.66101 0.639751 0.262664 -2.77965 -6.64673 -819.436 0 
4 826.622 0.321848 0.0222772 0.662486 0.69651 0.302712 -1.38411 -5.832 -819.406 0 
5 825.826 0.319559 0.0224501 0.666092 0.658217 0.243553 -0.892803 -5.53807 -819.395 0 
2 825.929 0.313829 0.0224096 0.668562 0.701251 0.247518 -1.8896 -4.69715 -819.342 0 
6 825.405 0.320701 0.0224085 0.663718 0.672755 0.211644 -0.562744 -5.45545 -819.387 0 
53 825.863 0.315914 0.0224652 0.670034 0.671 0.258708 -0.500011 -5.95816 -819.405 0 
9 826.531 0.317511 0.0225104 0.668205 0.653858 0.259646 -1.92661 -5.1669 -819.437 0 
102 825.549 0.316173 0.0223646 0.668502 0.627391 0.260052 -0.688517 -5.32545 -819.535 0 
16 825.219 0.30828 0.0224985 0.676072 0.642797 0.24596 -1.00645 -4.67377 -819.539 0 
32 825.572 0.318031 0.022556 0.667146 0.657205 0.206121 -1.14407 -5.0532 -819.374 0 
23 828.586 0.326578 0.0225193 0.660025 0.667224 0.140554 -2.1514 -6.82987 -819.605 0 
3 828.141 0.318632 0.022522 0.667177 0.672612 0.132098 -2.3636 -6.22545 -819.552 0 
2 830.748 0.317223 0.0223412 0.664562 0.671352 0.121711 -6.35808 -5.01354 -819.376 0 
1 828.924 0.325905 0.0222129 0.658489 0.675313 0.179016 -2.57929 -6.75148 -819.593 0 
43 827.129 0.324945 0.0223184 0.658525 0.741981 0.214758 -1.46752 -5.83385 -819.828 0 
1 831.469 0.326066 0.022501 0.660733 0.717439 0.247317 -4.0836 -7.53793 -819.847 0 
1 830.036 0.311478 0.0223569 0.668636 0.792019 0.259026 -5.55357 -4.78518 -819.697 0 
19 830.893 0.307007 0.0225463 0.671039 0.817225 0.248217 -6.18688 -5.19003 -819.516 0 
2 826.308 0.315689 0.0225429 0.666942 0.804822 0.289697 -1.54012 -4.97393 -819.794 0 
69 826.614 0.324312 0.0224087 0.66084 0.744311 0.260122 -0.395107 -6.39432 -819.825 0 
51 827.245 0.324997 0.0225314 0.66151 0.743087 0.235162 -0.729652 -6.56758 -819.948 0 
57 827.781 0.318281 0.022559 0.663563 0.774563 0.178375 -3.23833 -4.83567 -819.707 0 
12 832.246 0.32693 0.0225319 0.657212 0.737352 0.154725 -6.22037 -6.0162 -820.009 0 
63 826.36 0.323133 0.0224937 0.661367 0.736094 0.174633 -1.05906 -5.52341 -819.777 0 
56 826.794 0.325648 0.0225758 0.660129 0.715619 0.151289 -1.06157 -5.9608 -819.772 0 
43 827.826 0.312593 0.0226902 0.668382 0.782857 0.173951 -3.39481 -4.82483 -819.607 0 
14 829.278 0.311894 0.0225747 0.667692 0.818747 0.224054 -4.50895 -4.893 -819.876 0 
2 830.128 0.310075 0.0224796 0.668529 0.825126 0.252654 -5.38828 -5.03844 -819.701 0 
32 828.749 0.319722 0.0226973 0.664597 0.838973 0.279279 -2.7877 -5.42072 -820.541 0 
13 830.408 0.317196 0.0226306 0.661157 0.854085 0.22841 -4.91801 -5.30953 -820.18 0 
35 827.078 0.316666 0.022618 0.665637 0.81772 0.306637 -2.56076 -4.83107 -819.686 0 
83 827.512 0.315891 0.0226954 0.666463 0.81392 0.285554 -2.94941 -4.81694 -819.745 0 
4 827.759 0.319549 0.0226368 0.664035 0.754865 0.224361 -3.45409 -4.80427 -819.501 0 
3 830.121 0.321227 0.0227159 0.665217 0.773564 0.281009 -4.87131 -5.50128 -819.748 0 
9 830.063 0.326335 0.0227076 0.660757 0.785918 0.269717 -3.46693 -6.3608 -820.235 0 
26 827.627 0.319212 0.0225637 0.6619 0.805106 0.247787 -3.05165 -4.84437 -819.731 0 
16 827.102 0.327257 0.0224698 0.657328 0.763792 0.235241 -1.5285 -5.66606 -819.908 0 
23 826.726 0.323233 0.0224136 0.661022 0.768194 0.251408 -1.00093 -5.78675 -819.938 0 
8 826.9 0.314857 0.0226276 0.67021 0.74064 0.242484 -2.32672 -5.07201 -819.501 0 
16 826.834 0.305644 0.0226816 0.677703 0.694684 0.253576 -2.99065 -4.44791 -819.396 0 
8 825.566 0.315537 0.0225912 0.669037 0.649194 0.174556 -1.33465 -4.85853 -819.373 0 
34 827.424 0.311296 0.0225727 0.671808 0.665952 0.224733 -3.43995 -4.57845 -819.405 0 
1 832.589 0.312411 0.0226086 0.669066 0.702873 0.229829 -8.79351 -4.46458 -819.331 0 
10 832.192 0.301759 0.0224036 0.676814 0.739735 0.282048 -8.10767 -4.72282 -819.362 0 
14 829.992 0.303391 0.0226322 0.676115 0.699473 0.225673 -5.07134 -5.31588 -819.605 0 
4 832.153 0.297362 0.02261 0.683069 0.694235 0.239744 -6.97587 -5.44166 -819.735 0 
27 833.021 0.297136 0.022941 0.684814 0.675098 0.178457 -7.8007 -5.46644 -819.754 0 
4 830.198 0.299529 0.0228459 0.683224 0.673975 0.164416 -5.74277 -4.90713 -819.548 0 
42 828.489 0.305988 0.0226813 0.677632 0.658583 0.183861 -4.50505 -4.48665 -819.497 0 
4 828.796 0.30023 0.022611 0.683435 0.639818 0.231625 -4.46522 -4.48515 -819.845 0 
25 829.53 0.305116 0.0227263 0.677698 0.622385 0.165184 -5.39673 -4.3955 -819.738 0 
11 826.97 0.30449 0.0225674 0.677336 0.617984 0.148497 -2.76337 -4.43821 -819.769 0 
10 828.664 0.301569 0.0225684 0.681385 0.574625 0.181464 -4.06849 -4.38509 -820.21 0 
7 825.947 0.307072 0.0225709 0.67823 0.55524 0.213438 -1.07667 -4.65895 -820.211 0 
20 826.447 0.307681 0.0226029 0.676904 0.540952 0.165733 -1.63152 -4.51347 -820.302 0 
3 826.238 0.308729 0.0223368 0.675628 0.570554 0.212122 -1.42926 -4.91769 -819.892 0 
43 827.079 0.307886 0.0224179 0.676308 0.532954 0.195089 -1.98492 -4.81761 -820.276 0 
27 828.299 0.31515 0.0224067 0.673443 0.445605 0.196854 -0.578973 -7.34763 -820.373 0 
7 828.817 0.312231 0.02235 0.674391 0.423522 0.196214 -2.09335 -5.45537 -821.268 0 
7 828.516 0.314566 0.0222778 0.674067 0.407397 0.182797 -0.287757 -7.63614 -820.592 0 
104 828.548 0.319039 0.0223071 0.669431 0.418079 0.173581 -0.234642 -7.91175 -820.402 0 
17 829.598 0.307835 0.0222298 0.675709 0.467016 0.205337 -3.53551 -4.96103 -821.102 0 
13 830.618 0.309946 0.0222557 0.676992 0.491281 0.245241 -4.23903 -5.83687 -820.542 0 
31 830.024 0.310918 0.0225144 0.678391 0.445812 0.235326 -2.95162 -6.15796 -820.914 0 
1 829.457 0.308181 0.022542 0.677566 0.445513 0.218556 -2.92513 -5.03644 -821.496 0 
71 828.84 0.300156 0.0223888 0.685902 0.490044 0.318267 -2.04531 -4.78305 -822.012 0 
17 828.692 0.299382 0.0224597 0.685468 0.505601 0.319371 -1.84128 -4.54963 -822.301 0 
6 830.165 0.307021 0.0224349 0.679675 0.505487 0.26469 -4.25118 -4.95184 -820.962 0 
10 828.043 0.302967 0.0224723 0.680237 0.515301 0.264555 -1.83224 -4.48306 -821.728 0 
32 829.338 0.307593 0.0225201 0.67658 0.524535 0.236221 -3.90102 -4.67683 -820.76 0 
14 828.551 0.306184 0.0222715 0.678034 0.531472 0.285871 -2.85346 -4.78816 -820.91 0 
8 828.283 0.31143 0.0222106 0.673712 0.530141 0.306717 -2.02842 -5.63331 -820.622 0 
12 828.841 0.300195 0.0223201 0.684123 0.538759 0.337117 -2.65862 -4.76253 -821.42 0 
71 826.917 0.308313 0.0224175 0.675252 0.53764 0.251531 -1.54244 -4.51311 -820.862 0 
31 826.582 0.313647 0.0223431 0.670979 0.536095 0.273488 -0.926563 -5.13523 -820.52 0 
2 828.876 0.313597 0.0224717 0.673331 0.479923 0.243559 -2.68241 -5.20529 -820.988 0 
43 827.08 0.312742 0.0222899 0.672718 0.52368 0.270291 -0.969271 -5.70504 -820.405 0 
1 826.527 0.311878 0.0223059 0.6724 0.578159 0.25424 -1.51896 -5.05858 -819.949 0 
105 827.084 0.314443 0.0222608 0.669935 0.563139 0.258601 -1.74985 -5.29861 -820.035 0 
17 827.321 0.31448 0.0222892 0.673106 0.528481 0.266779 -0.19545 -7.14415 -819.981 0 
27 826.835 0.306814 0.0224603 0.679105 0.555453 0.30832 -1.1061 -5.21348 -820.516 0 
10 829.267 0.298584 0.022733 0.685297 0.570392 0.268328 -3.37147 -4.61676 -821.279 0 
8 828.757 0.308575 0.0227137 0.676573 0.56313 0.2011 -4.04572 -4.54377 -820.168 0 
5 828.243 0.311238 0.0226676 0.673166 0.546294 0.150347 -3.54694 -4.51916 -820.177 0 
3 827.359 0.308459 0.0224689 0.67499 0.532694 0.191681 -2.22439 -4.43777 -820.697 0 
13 827.066 0.309425 0.0225961 0.676475 0.552897 0.231768 -1.95277 -4.94405 -820.169 0 
59 827.743 0.31768 0.0225206 0.671019 0.534808 0.245993 -1.17315 -6.64806 -819.922 0 
17 826.317 0.316134 0.0223406 0.670151 0.586269 0.24253 -0.352631 -6.37053 -819.594 0 
31 826.543 0.316039 0.0223994 0.670303 0.604362 0.289737 -0.674696 -6.21751 -819.651 0 
14 826.631 0.313455 0.0223342 0.671518 0.630242 0.296884 -1.74546 -5.23687 -819.648 0 
25 826.187 0.316467 0.0224177 0.66954 0.670414 0.307443 -1.08649 -5.66445 -819.436 0 
39 826.605 0.322511 0.0223287 0.664318 0.655924 0.31575 -0.246794 -6.89837 -819.46 0 
3 827.411 0.325185 0.0224695 0.662862 0.675983 0.280954 -0.589575 -7.32737 -819.494 0 
13 826.671 0.32027 0.0223779 0.665489 0.659432 0.235178 -1.41292 -5.85843 -819.4 0 
1 827.094 0.32111 0.0222805 0.664221 0.678846 0.230119 -0.872968 -6.70464 -819.517 0 
52 825.741 0.317234 0.022417 0.666465 0.703214 0.203868 -1.19729 -5.12488 -819.419 0 
1 825.835 0.319094 0.022427 0.665885 0.659228 0.182677 -0.670352 -5.76021 -819.404 0 
27 826.642 0.320002 0.0223131 0.665592 0.656818 0.178124 -0.839817 -6.34181 -819.461 0 
5 827.063 0.319116 0.0223635 0.662634 0.725696 0.147222 -2.63871 -4.89079 -819.533 0 
10 827.186 0.310358 0.0224153 0.67073 0.727195 0.162556 -3.16358 -4.63011 -819.393 0 
4 825.954 0.318604 0.0225466 0.66392 0.697267 0.0931931 -1.94361 -4.65228 -819.358 0 
46 825.999 0.318188 0.0226164 0.665498 0.703024 0.157159 -1.89098 -4.73776 -819.37 0 
12 826.819 0.321115 0.0226704 0.663071 0.741908 0.176864 -2.14573 -5.03712 -819.636 0 
4 826.154 0.315787 0.0226235 0.667529 0.757776 0.24245 -1.80497 -4.83237 -819.517 0 
1 827.733 0.314381 0.0225835 0.667903 0.806157 0.301282 -3.37222 -4.7863 -819.574 0 
7 830.245 0.320161 0.0227605 0.664851 0.796098 0.214655 -4.87863 -5.23358 -820.133 0 
1 830.558 0.314403 0.0225668 0.666152 0.783276 0.175541 -6.03544 -4.94286 -819.58 0 
20 829.945 0.316509 0.0223649 0.662601 0.754552 0.158533 -5.75459 -4.67127 -819.519 0 
1 830.108 0.31373 0.0223912 0.664888 0.743036 0.123846 -6.0174 -4.68758 -819.403 0 
46 827.48 0.31073 0.0224403 0.669645 0.699614 0.14853 -3.6564 -4.51871 -819.305 0 
56 828.92 0.308481 0.0223751 0.671879 0.718136 0.201003 -5.04929 -4.56401 -819.306 0 
52 826.222 0.311307 0.0225261 0.672474 0.721032 0.235534 -2.09546 -4.76215 -819.364 0 
58 829.166 0.298829 0.0225308 0.681142 0.746151 0.277048 -4.9092 -4.90838 -819.348 0 
6 829.863 0.304023 0.0224799 0.674956 0.718077 0.225632 -5.57606 -4.90985 -819.377 0 
8 829.147 0.308092 0.022492 0.672959 0.711025 0.282517 -5.08476 -4.5935 -819.469 0 
8 828.847 0.301891 0.0225124 0.678516 0.666194 0.232643 -4.31527 -4.75768 -819.774 0 
2 827.502 0.304173 0.0225939 0.676897 0.695434 0.215897 -3.40827 -4.66394 -819.429 0 
15 827.889 0.313757 0.0227003 0.670437 0.744275 0.22069 -3.7149 -4.7426 -819.431 0 
10 828.023 0.314276 0.0227401 0.668607 0.785902 0.220816 -3.50955 -4.79987 -819.714 0 
36 827.739 0.315722 0.0226029 0.665757 0.796151 0.201144 -3.06127 -4.87073 -819.807 0 
5 827.264 0.314856 0.0224167 0.667827 0.74668 0.219114 -2.41674 -5.1943 -819.653 0 
43 826.985 0.312565 0.0224861 0.668239 0.692253 0.203823 -3.17959 -4.46372 -819.342 0 
3 826.032 0.308603 0.0224916 0.674023 0.696439 0.26962 -2.1448 -4.48767 -819.4 0 
6 825.996 0.308635 0.0225178 0.673728 0.693738 0.226495 -2.15336 -4.48995 -819.353 0 
33 826.034 0.31152 0.0225861 0.670669 0.703463 0.236707 -2.19652 -4.48968 -819.347 0 
13 825.989 0.30751 0.0225082 0.674899 0.659009 0.22341 -2.05603 -4.43633 -819.496 0 
20 827.641 0.308567 0.0224993 0.672839 0.671959 0.248317 -3.7211 -4.40648 -819.513 0 
36 827.402 0.306417 0.0226904 0.676799 0.643545 0.2643 -3.1361 -4.39542 -819.87 0 
6 827.142 0.312181 0.0226457 0.674803 0.588581 0.25897 -2.17867 -5.08731 -819.876 0 
19 829.931 0.307181 0.0226203 0.678162 0.605668 0.269029 -5.19809 -4.88572 -819.847 0 
1 832.685 0.29783 0.0225839 0.68141 0.690413 0.253029 -6.94404 -5.78924 -819.952 0 
2 831.027 0.310661 0.022592 0.675512 0.641064 0.25131 -6.73994 -4.73392 -819.553 0 
1 827.033 0.30337 0.0227058 0.680343 0.641648 0.224513 -2.86689 -4.4217 -819.744 0 
55 827.853 0.299551 0.0227241 0.685016 0.59749 0.226103 -3.2465 -4.3971 -820.21 0 
12 826.112 0.305806 0.0226302 0.6783 0.64206 0.213761 -2.08451 -4.44215 -819.585 0 
39 826.337 0.309341 0.0226261 0.675571 0.662463 0.20826 -2.31445 -4.63109 -819.392 0 
9 830.445 0.301338 0.0227484 0.682294 0.701664 0.257825 -6.3191 -4.64281 -819.483 0 
19 826.437 0.307894 0.0226793 0.67753 0.646609 0.243281 -2.28798 -4.61453 -819.534 0 
6 827.096 0.309024 0.0227214 0.675617 0.644485 0.208253 -3.09232 -4.46158 -819.542 0 
31 825.279 0.311083 0.0224906 0.674175 0.610185 0.257488 -0.559246 -5.01475 -819.705 0 
77 825.377 0.312332 0.0224715 0.672363 0.630777 0.213044 -0.839029 -5.08442 -819.454 0 
65 825.774 0.305374 0.022604 0.67929 0.655437 0.270837 -1.62748 -4.57494 -819.571 0 
82 827.291 0.301197 0.0226042 0.681405 0.653889 0.200385 -3.13473 -4.52198 -819.634 0 
64 827.417 0.308651 0.022699 0.677807 0.62896 0.176871 -3.16056 -4.80848 -819.448 0 
48 828.25 0.315379 0.0227841 0.669446 0.674372 0.0964489 -4.22797 -4.6866 -819.336 0 
2 828.292 0.30523 0.0227509 0.676209 0.701156 0.0733595 -4.27607 -4.72521 -819.291 0 
5 830.497 0.303158 0.0226079 0.67589 0.736705 0.0728014 -6.20844 -4.98583 -819.302 0 
13 827.738 0.318137 0.0222808 0.66452 0.663991 0.0355005 -3.29892 -5.05026 -819.389 0 
117 827.593 0.320811 0.0222662 0.664552 0.65788 0.0744032 -0.992791 -6.9469 -819.653 0 
8 827.513 0.314751 0.0222898 0.668577 0.633496 0.0427427 -3.12259 -5.03464 -819.355 0 
46 826.706 0.315762 0.0224276 0.669279 0.616234 0.00556041 -2.16242 -5.1716 -819.372 0 
2 830.947 0.321626 0.0225195 0.668187 0.569387 0.0232443 -3.85253 -7.63644 -819.458 0 
43 828.908 0.317593 0.0224228 0.667248 0.598523 0.038544 -4.5381 -4.93626 -819.434 0 
32 825.797 0.309547 0.0224225 0.673747 0.613669 0.0762187 -1.65327 -4.7254 -819.419 0 
7 825.909 0.311565 0.0224382 0.670639 0.639365 0.0515998 -2.01007 -4.54081 -819.359 0 
4 825.568 0.317289 0.0223834 0.667593 0.60775 0.0683775 -0.557228 -5.62136 -819.389 0 
7 826.036 0.31893 0.0224435 0.667619 0.574908 0.0868362 -0.319889 -6.2683 -819.448 0 
78 826.31 0.317425 0.022305 0.666742 0.597997 0.0819535 -1.57197 -5.32094 -819.418 0 
13 827.257 0.320241 0.0222852 0.663448 0.608818 0.079461 -2.70061 -5.16067 -819.396 0 
53 825.733 0.311487 0.022374 0.672112 0.584174 0.0827613 -1.38288 -4.80301 -819.547 0 
4 826.344 0.309423 0.0225584 0.672795 0.644042 0.106585 -2.50167 -4.44128 -819.401 0 
1 825.867 0.31169 0.0224356 0.672716 0.630373 0.165535 -1.58819 -4.86349 -819.415 0 
25 826.721 0.312495 0.0226551 0.673658 0.596652 0.145555 -2.16901 -5.03519 -819.517 0 
16 826.807 0.312614 0.0226839 0.673283 0.589035 0.115127 -2.46162 -4.7702 -819.575 0 
68 826.601 0.309335 0.0226228 0.673145 0.603888 0.087581 -2.41322 -4.43853 -819.749 0 
1 826.176 0.307448 0.0224573 0.67532 0.610144 0.121863 -2.13764 -4.44282 -819.596 0 
6 826.156 0.302885 0.0225567 0.680202 0.613727 0.18154 -1.9831 -4.39661 -819.777 0 
37 826.86 0.310011 0.0224518 0.675331 0.582296 0.188799 -2.27034 -4.85038 -819.739 0 
25 826.072 0.314612 0.0224097 0.670435 0.590475 0.148236 -1.05215 -5.53735 -819.483 0 
5 825.296 0.3149 0.0224283 0.67071 0.601106 0.175908 -0.321788 -5.49686 -819.478 0 
119 826.144 0.308761 0.0223403 0.675282 0.581465 0.187637 -1.54693 -4.86141 -819.736 0 
4 826.718 0.31441 0.0222894 0.669161 0.569928 0.162434 -1.9687 -5.04857 -819.701 0 
8 826.689 0.31656 0.0222871 0.668478 0.585796 0.152129 -1.20103 -6.01951 -819.469 0 
12 828.407 0.307418 0.0222768 0.676353 0.571695 0.213751 -3.71439 -4.71881 -819.974 0 
37 827.881 0.305937 0.022289 0.67719 0.531188 0.181708 -2.89572 -4.6262 -820.359 0 
21 828.864 0.304501 0.0222965 0.678982 0.569374 0.224634 -4.13923 -4.54185 -820.183 0 
3 828.189 0.308334 0.0225608 0.677049 0.589679 0.213168 -3.42464 -5.05998 -819.705 0 
17 827.611 0.305974 0.0225896 0.676941 0.579778 0.215925 -2.90572 -4.39307 -820.312 0 
90 827.263 0.304338 0.0224111 0.679156 0.615647 0.262701 -2.83604 -4.45435 -819.972 0 
13 828.119 0.302521 0.0223995 0.679173 0.609444 0.261647 -3.44024 -4.40491 -820.274 0 
130 825.625 0.314209 0.0223975 0.669897 0.563536 0.186122 -0.875127 -4.86331 -819.887 0 
5 826.258 0.31497 0.0223455 0.668972 0.562651 0.187654 -1.49594 -4.86805 -819.894 0 
6 827.604 0.309735 0.0222846 0.67309 0.587744 0.201657 -3.14815 -4.63435 -819.822 0 
28 828.808 0.31097 0.0222114 0.671959 0.582114 0.178206 -4.09654 -5.06514 -819.646 0 
11 827.958 0.313663 0.0223849 0.670451 0.572063 0.15242 -3.07403 -5.25891 -819.625 0 
8 828.672 0.318146 0.0222795 0.667473 0.577781 0.165044 -2.42759 -6.76768 -819.477 0 
2 828.023 0.317871 0.0223274 0.667245 0.57417 0.146394 -3.14397 -5.29302 -819.586 0 
34 827.121 0.321596 0.0223355 0.665966 0.584177 0.191661 -0.0542035 -7.59254 -819.474 0 
30 826.58 0.325147 0.0224316 0.66224 0.613978 0.173742 -0.14597 -6.99628 -819.438 0 
1 826.94 0.321159 0.0223294 0.663201 0.640267 0.170547 -1.65758 -5.88626 -819.396 0 
17 826.757 0.324123 0.0222994 0.661402 0.611669 0.117627 -0.72919 -6.60441 -819.424 0 
2 827.617 0.326181 0.022388 0.659322 0.678411 0.11362 -2.04961 -5.99313 -819.574 0 
17 826.777 0.325984 0.0223535 0.66065 0.614257 0.0969363 -0.152928 -7.15468 -819.47 0 
75 827.501 0.329797 0.0222673 0.657176 0.59511 0.0872952 -0.373765 -7.65368 -819.473 0 
18 830.035 0.333162 0.0222563 0.656069 0.569022 0.0916871 -0.360295 -10.0968 -819.578 0 
45 828.847 0.321584 0.022193 0.66132 0.626339 0.0796854 -4.21384 -5.26459 -819.368 0 
11 827.718 0.324952 0.0223014 0.661499 0.597407 0.0995718 -1.70916 -6.58702 -819.422 0 
5 828.308 0.311672 0.022298 0.671789 0.61049 0.147576 -3.58867 -5.29475 -819.425 0 
16 827.342 0.323169 0.0222785 0.663443 0.604816 0.169416 -0.963113 -6.9419 -819.437 0 
8 826.944 0.323841 0.0224505 0.66369 0.621148 0.18022 -0.338684 -7.15657 -819.449 0 
2 826.336 0.323212 0.0224236 0.663132 0.663337 0.187631 -0.172973 -6.6588 -819.505 0 
24 828.769 0.320698 0.0226685 0.66712 0.64783 0.188127 -3.47846 -5.89112 -819.4 0 
12 827.075 0.318851 0.0226283 0.668168 0.654692 0.227612 -2.0244 -5.65739 -819.393 0 
85 826.023 0.309981 0.0225679 0.672785 0.678694 0.254852 -2.11105 -4.46835 -819.443 0 
22 826.385 0.310246 0.0226745 0.675189 0.660774 0.258574 -2.21057 -4.70386 -819.471 0 
3 826.087 0.315581 0.0226614 0.668869 0.645007 0.197589 -2.04165 -4.59301 -819.452 0 
12 825.939 0.313892 0.0225181 0.669097 0.67751 0.230791 -2.0194 -4.52807 -819.391 0 
27 825.707 0.317615 0.022377 0.667548 0.640741 0.204884 -0.721631 -5.59038 -819.395 0 
6 826.035 0.323438 0.0223766 0.662681 0.63762 0.170524 -0.111618 -6.48967 -819.433 0 
10 826.066 0.320294 0.0223934 0.66272 0.688763 0.185086 -1.78523 -4.91595 -819.365 0 
7 826.04 0.317001 0.0224537 0.666351 0.698516 0.225813 -1.89568 -4.79699 -819.347 0 
26 827.326 0.307895 0.0225112 0.674143 0.687862 0.246419 -3.3998 -4.47972 -819.446 0 
39 825.48 0.309635 0.0225623 0.674319 0.699563 0.229229 -1.46195 -4.68024 -819.338 0 
13 825.232 0.314924 0.0225242 0.668759 0.688125 0.191393 -1.04664 -4.83446 -819.351 0 
3 826.463 0.311766 0.0225894 0.669927 0.65056 0.13329 -2.5944 -4.43279 -819.436 0 
29 826.39 0.312538 0.022607 0.670103 0.666999 0.1361 -2.54785 -4.50563 -819.337 0 
31 826.153 0.310838 0.0225093 0.672939 0.668161 0.179831 -1.92554 -4.8774 -819.35 0 
25 825.994 0.312799 0.0225876 0.672517 0.593053 0.157807 -1.4789 -4.94199 -819.573 0 
34 826.987 0.309562 0.0226961 0.674035 0.633863 0.108831 -3.09525 -4.44872 -819.443 0 
32 828.37 0.320523 0.0225816 0.666572 0.569065 0.076299 -2.69919 -6.20686 -819.464 0 
12 827.437 0.316598 0.0226866 0.669947 0.575849 0.0832229 -2.87887 -4.99533 -819.563 0 
1 826.851 0.317123 0.0224105 0.668883 0.621922 0.171682 -1.79949 -5.64562 -819.405 0 
29 825.575 0.32426 0.0224514 0.661392 0.620182 0.100115 -0.279909 -5.9002 -819.394 0 
41 827.778 0.327046 0.0222519 0.659044 0.630396 0.11367 -1.2957 -6.98673 -819.496 0 
7 827.644 0.324784 0.0222542 0.661472 0.614018 0.0988455 -1.16909 -7.01359 -819.461 0 
13 827.969 0.321599 0.0222707 0.661877 0.665642 0.0849522 -3.14117 -5.39351 -819.434 0 
24 828.377 0.32915 0.0223902 0.659234 0.649554 0.14061 -0.289768 -8.36035 -819.727 0 
25 828.55 0.320299 0.0222095 0.662108 0.618371 0.120319 -3.97388 -5.1865 -819.389 0 
8 830.901 0.320809 0.02208 0.662886 0.639194 0.161608 -5.14779 -6.32297 -819.43 0 
11 827.99 0.312811 0.0223817 0.668039 0.677034 0.180931 -4.14665 -4.48338 -819.36 0 
6 829.175 0.311848 0.0223231 0.669453 0.706125 0.218487 -5.27942 -4.57207 -819.324 0 
18 826.212 0.316813 0.0223748 0.6653 0.661371 0.203952 -2.18753 -4.64306 -819.381 0 
31 825.965 0.320855 0.0225456 0.663806 0.721192 0.221908 -1.28316 -5.20296 -819.479 0 
4 828.681 0.312322 0.0226169 0.671224 0.752811 0.264049 -4.63629 -4.67535 -819.369 0 
14 826.779 0.319648 0.022645 0.665641 0.75806 0.282191 -1.82284 -5.36501 -819.591 0 
12 828.459 0.324197 0.0223998 0.660687 0.80099 0.264671 -1.57106 -6.36022 -820.528 0 
18 828.197 0.322046 0.0225878 0.661921 0.827289 0.230487 -1.72157 -5.6478 -820.827 0 
19 827.266 0.320073 0.0226427 0.661883 0.794149 0.195236 -2.42003 -4.90021 -819.946 0 
13 827.413 0.316408 0.0224902 0.665907 0.797852 0.234778 -2.10243 -5.19798 -820.113 0 
26 827.527 0.325373 0.0223413 0.658444 0.775221 0.227516 -1.08589 -6.15891 -820.282 0 
40 827.242 0.315143 0.0224775 0.665882 0.774418 0.207153 -2.77457 -4.78688 -819.681 0 
35 829.168 0.314258 0.0226004 0.664865 0.80075 0.206181 -4.6326 -4.91208 -819.623 0 
6 830.107 0.31664 0.0225793 0.664985 0.785646 0.271951 -5.69675 -4.7913 -819.619 0 
4 830.287 0.318475 0.0224578 0.663682 0.769026 0.260432 -5.41169 -5.17144 -819.704 0 
3 831.378 0.326514 0.0225612 0.662439 0.725401 0.274771 -2.74108 -8.62327 -820.013 0 
11 830.198 0.325495 0.022628 0.662515 0.735385 0.253468 -3.77493 -6.6179 -819.806 0 
9 830.769 0.327092 0.0226989 0.659282 0.721028 0.205674 -4.99448 -6.07077 -819.704 0 
53 826.146 0.313316 0.0225276 0.668205 0.737597 0.267569 -2.28633 -4.53715 -819.322 0 
45 826.566 0.313851 0.0224955 0.669132 0.745593 0.334074 -2.38857 -4.81894 -819.359 0 
1 827.231 0.32028 0.0223272 0.666929 0.736797 0.396223 -0.360292 -7.37061 -819.501 0 
9 827.728 0.317269 0.022284 0.666295 0.73033 0.338074 -2.61513 -5.69566 -819.417 0 
11 831.174 0.316637 0.0221322 0.666252 0.748458 0.35734 -6.28664 -5.47186 -819.416 0 
22 830.834 0.327452 0.0221218 0.656592 0.712248 0.305638 -4.34038 -6.94239 -819.551 0 
3 828.791 0.319133 0.0222129 0.664338 0.719706 0.358565 -4.05658 -5.33262 -819.402 0 
3 828.53 0.325887 0.0224289 0.660454 0.725014 0.309926 -1.72541 -7.17279 -819.631 0 
2 827.879 0.324006 0.0223872 0.663298 0.747328 0.335802 -0.119001 -7.93397 -819.826 0 
9 826.514 0.314936 0.0225943 0.668566 0.775123 0.285287 -1.93519 -4.9917 -819.587 0 
11 828.62 0.315014 0.0226384 0.669122 0.725975 0.212959 -4.04705 -5.0829 -819.49 0 
18 828.021 0.309924 0.0224749 0.669895 0.748659 0.225802 -4.07628 -4.62474 -819.32 0 
31 829.521 0.310168 0.0222283 0.67198 0.73444 0.349527 -5.39769 -4.74903 -819.374 0 
2 828.52 0.318935 0.0222462 0.665322 0.725282 0.301139 -3.27323 -5.78022 -819.467 0 
20 826.505 0.320778 0.0222824 0.663892 0.668447 0.261478 -1.18243 -5.91945 -819.403 0 
11 826.829 0.309674 0.022342 0.675695 0.655018 0.335345 -1.94983 -5.24881 -819.631 0 
6 827.234 0.309568 0.0224434 0.674937 0.667426 0.329828 -2.88996 -4.66763 -819.676 0 
26 827.131 0.314988 0.0223886 0.669722 0.646093 0.275218 -2.61153 -4.99417 -819.525 0 
14 829.208 0.312105 0.022378 0.667768 0.691453 0.258369 -5.34549 -4.42385 -819.439 0 
17 829.301 0.309779 0.0222401 0.672877 0.716541 0.332108 -5.11907 -4.79367 -819.388 0 
159 825.238 0.311043 0.0225275 0.673111 0.741032 0.342657 -1.06484 -4.8123 -819.361 0 
20 825.842 0.312121 0.0225385 0.673382 0.694167 0.323715 -1.41544 -4.99572 -819.43 0 
7 825.871 0.319367 0.0225006 0.664779 0.761619 0.275081 -0.946905 -5.29871 -819.625 0 
5 826.728 0.314144 0.022626 0.670711 0.700563 0.252461 -2.62338 -4.75701 -819.347 0 
13 826.461 0.308881 0.0226533 0.673399 0.734724 0.224437 -2.58122 -4.56005 -819.319 0 
19 825.707 0.311681 0.0225026 0.671272 0.756453 0.270082 -1.4217 -4.82758 -819.458 0 
4 825.93 0.320331 0.0224732 0.6638 0.742771 0.222351 -0.68828 -5.53055 -819.711 0 
48 826.965 0.327187 0.0224479 0.657264 0.749805 0.203816 -1.428 -5.66223 -819.875 0 
7 827.536 0.320889 0.022376 0.66226 0.779911 0.255282 -1.72682 -5.75355 -820.055 0 
1 830.387 0.316967 0.0223975 0.661793 0.808405 0.247345 -5.85795 -4.88487 -819.644 0 
8 828.088 0.322284 0.0224365 0.662112 0.797967 0.281327 -2.17575 -5.77349 -820.139 0 
4 827.682 0.314513 0.0225634 0.666783 0.856447 0.325071 -2.6747 -4.96288 -820.045 0 
8 826.825 0.316529 0.0225514 0.666065 0.827026 0.364084 -2.42621 -4.82774 -819.571 0 
13 825.835 0.32038 0.022494 0.663991 0.791459 0.368596 -0.757862 -5.50911 -819.568 0 
12 829.917 0.309207 0.0225441 0.669274 0.844893 0.370187 -5.41248 -5.16353 -819.341 0 
103 826.999 0.323919 0.0224649 0.658955 0.833652 0.309889 -1.24084 -5.44956 -820.309 0 
1 828.943 0.322204 0.0224835 0.661415 0.787319 0.298031 -3.29823 -5.73109 -819.913 0 
6 830.64 0.314544 0.0223071 0.667372 0.759885 0.316661 -6.54424 -4.72912 -819.367 0 
30 827.076 0.312839 0.0225319 0.668041 0.803924 0.305455 -2.87508 -4.69022 -819.511 0 
32 827.744 0.310396 0.0227137 0.670721 0.764854 0.290356 -3.70168 -4.74039 -819.302 0 
4 831.833 0.327311 0.0224974 0.662615 0.728906 0.361317 -3.7565 -8.41812 -819.658 0 
12 827.054 0.311637 0.0224699 0.670964 0.74211 0.329316 -3.14567 -4.55811 -819.35 0 
22 826.811 0.315577 0.0223761 0.670125 0.73456 0.37602 -1.64809 -5.75257 -819.411 0 
240 826.124 0.308275 0.0226563 0.676392 0.749915 0.378243 -2.07088 -4.65848 -819.394 0 
19 826.906 0.31432 0.0226748 0.669919 0.71577 0.296967 -2.84379 -4.70664 -819.356 0 
6 825.704 0.316071 0.0223696 0.667673 0.7388 0.398361 -1.14893 -5.12388 -819.431 0 
7 825.627 0.315996 0.0225206 0.667276 0.745084 0.336139 -1.46445 -4.80501 -819.357 0 
30 826.854 0.315354 0.0226482 0.667127 0.762745 0.32115 -2.94634 -4.57005 -819.338 0 
117 825.722 0.320209 0.022488 0.665829 0.714673 0.361449 -0.407539 -5.8976 -819.417 0 
1 827.229 0.325132 0.0223375 0.660927 0.756598 0.371873 -0.422884 -7.17891 -819.627 0 
55 827.851 0.320077 0.0222255 0.663855 0.779787 0.41749 -2.54973 -5.85248 -819.448 0 
7 828.311 0.318259 0.0222337 0.667087 0.763133 0.472641 -2.74783 -6.0643 -819.499 0 
3 827.686 0.321577 0.0222839 0.665832 0.762613 0.476094 -0.203858 -7.97405 -819.508 0 
12 826.191 0.310353 0.0224171 0.676106 0.754218 0.507524 -0.823969 -5.54161 -819.825 0 
5 827.423 0.297239 0.0225551 0.685828 0.782113 0.515247 -2.52462 -4.47772 -820.421 0 
1 830.283 0.303772 0.0225826 0.679869 0.688943 0.467354 -4.36457 -4.52188 -821.397 0 
19 829.542 0.303031 0.0225224 0.680389 0.657074 0.489729 -2.86283 -4.5245 -822.155 0 
3 829.091 0.30871 0.022527 0.680033 0.636173 0.517039 -1.61243 -5.82548 -821.653 0 
1 830.263 0.315488 0.0223272 0.674323 0.644487 0.551513 -0.954074 -8.02269 -821.286 0 
12 828.127 0.322258 0.022501 0.666544 0.675796 0.468248 -1.00125 -7.15918 -819.966 0 
9 826.946 0.31068 0.0223265 0.674822 0.737097 0.558315 -0.817064 -5.36381 -820.765 0 
32 827.212 0.310859 0.0224636 0.677375 0.761298 0.564453 -0.77746 -6.25518 -820.179 0 
6 828.224 0.315628 0.0225974 0.669667 0.787475 0.479202 -3.44288 -5.30532 -819.476 0 
4 828.114 0.301928 0.0225851 0.67998 0.802573 0.493166 -3.84912 -4.43633 -819.829 0 
6 827.018 0.319412 0.0225674 0.665196 0.796894 0.407392 -2.16391 -5.39628 -819.458 0 
1 827.952 0.328107 0.0225428 0.658703 0.749381 0.345933 -1.6025 -6.74784 -819.602 0 
55 828.389 0.32169 0.0226319 0.665979 0.757508 0.386337 -2.79294 -6.13579 -819.461 0 
35 829.929 0.330931 0.0225926 0.656889 0.782952 0.381513 -2.70726 -7.40972 -819.812 0 
8 826.267 0.315802 0.0226168 0.669249 0.813929 0.415261 -1.68479 -5.12688 -819.456 0 
13 826.245 0.311787 0.0226629 0.671512 0.799502 0.40728 -2.33722 -4.56044 -819.347 0 
30 826.525 0.311881 0.0226614 0.670397 0.815875 0.390893 -2.58623 -4.59619 -819.343 0 
2 830.191 0.302667 0.0226293 0.676884 0.769828 0.391143 -5.09333 -5.33569 -819.762 0 
21 827.663 0.309437 0.0226675 0.672492 0.780588 0.402962 -3.58904 -4.59788 -819.476 0 
37 826.758 0.313946 0.0225058 0.669946 0.811475 0.456301 -2.25239 -5.10901 -819.396 0 
1 827.799 0.311241 0.0225259 0.673109 0.809717 0.490776 -3.65231 -4.63763 -819.509 0 
8 826.41 0.314818 0.0226039 0.668746 0.745556 0.424508 -2.2355 -4.56886 -819.605 0 
1 827.564 0.307853 0.0226067 0.672963 0.79183 0.429617 -3.47701 -4.55507 -819.532 0 
11 826.431 0.325574 0.0223179 0.659978 0.749916 0.426556 -0.487747 -6.49628 -819.447 0 
9 826.301 0.319506 0.0224427 0.666031 0.77522 0.462978 -0.883389 -5.96921 -819.448 0 
4 827.276 0.317488 0.022435 0.665767 0.759308 0.435249 -2.82327 -4.98198 -819.471 0 
69 826.823 0.319561 0.0223055 0.664068 0.762969 0.461895 -1.92713 -5.38715 -819.508 0 
9 826.667 0.327149 0.0224624 0.66021 0.745992 0.429645 -0.304519 -6.90053 -819.462 0 
12 826.083 0.312692 0.0225272 0.673432 0.785988 0.520188 -1.18516 -5.17379 -819.724 0 
73 826.032 0.307836 0.0226275 0.676904 0.766329 0.479513 -1.67078 -4.54145 -819.82 0 
68 828.775 0.30161 0.0227801 0.682027 0.784626 0.498879 -4.03293 -4.51416 -820.227 0 
5 826.564 0.311533 0.0224179 0.670873 0.785629 0.49831 -2.25206 -4.47147 -819.84 0 
20 825.319 0.318019 0.0225038 0.666693 0.802619 0.443566 -0.617195 -5.29364 -819.408 0 
25 828.367 0.317523 0.0222051 0.665419 0.814089 0.504152 -3.49813 -5.41864 -819.45 0 
10 829.216 0.319277 0.0222318 0.661801 0.85149 0.498003 -4.93841 -4.88196 -819.396 0 
17 832.404 0.321468 0.0224126 0.668063 0.811876 0.604513 -3.17175 -9.50497 -819.727 0 
2 830.747 0.318683 0.0222735 0.665232 0.815172 0.553301 -5.16776 -5.96304 -819.617 0 
3 829.708 0.314176 0.0222485 0.666919 0.858184 0.574698 -5.37625 -4.6438 -819.688 0 
5 830.549 0.32093 0.0221903 0.668288 0.875657 0.697298 -0.670119 -9.85349 -820.025 0 
38 826.724 0.302686 0.0224059 0.681096 0.873211 0.641531 -1.73658 -4.60783 -820.38 0 
30 826.125 0.314773 0.0224998 0.671889 0.845884 0.590914 -0.756493 -5.67478 -819.694 0 
11 826.667 0.318754 0.022606 0.667943 0.825286 0.55518 -1.52531 -5.52953 -819.613 0 
29 827.042 0.314515 0.0223254 0.667767 0.834242 0.557168 -2.61757 -4.68859 -819.736 0 
4 826.66 0.314041 0.0223383 0.671581 0.823612 0.589214 -1.18174 -5.58459 -819.893 0 
25 826.642 0.318466 0.0224636 0.667811 0.751582 0.512208 -1.29447 -5.42609 -819.921 0 
2 825.991 0.313998 0.0224899 0.671928 0.765913 0.501578 -1.03229 -5.21336 -819.745 0 
29 827.591 0.319262 0.022562 0.668937 0.788884 0.521028 -1.48942 -6.54984 -819.552 0 
2 826.417 0.316764 0.0225612 0.669013 0.821783 0.52616 -1.76557 -5.12783 -819.523 0 
2 827.599 0.318281 0.0223297 0.669497 0.812453 0.578414 -0.171573 -7.7796 -819.648 0 
7 827.31 0.305979 0.0224366 0.677261 0.817468 0.575157 -2.51306 -4.57968 -820.217 0 
2 829.232 0.29536 0.0225159 0.688397 0.825382 0.654652 -2.32668 -4.52829 -822.377 0 
7 827.909 0.306116 0.0225818 0.681025 0.788654 0.623483 -1.49976 -5.25749 -821.152 0 
3 829.773 0.314541 0.0223752 0.670829 0.752601 0.573672 -3.3405 -5.83908 -820.594 0 
38 828.362 0.304488 0.0222891 0.680014 0.809578 0.644541 -2.0126 -4.90727 -821.442 0 
28 826.585 0.30444 0.0225329 0.681836 0.823698 0.637141 -0.71814 -4.90757 -820.96 0 
45 827.785 0.301381 0.0225365 0.682387 0.866484 0.654246 -2.31623 -4.4692 -820.999 0 
2 828.021 0.304752 0.0225201 0.679126 0.855862 0.628684 -2.83777 -4.44868 -820.734 0 
29 827.152 0.305346 0.0224194 0.678147 0.847569 0.623613 -2.04856 -4.6111 -820.492 0 
9 827.76 0.30465 0.0223161 0.678333 0.853815 0.617077 -2.87464 -4.62853 -820.257 0 
6 827.136 0.312165 0.0223657 0.673302 0.869419 0.650436 -1.65764 -5.26209 -820.217 0 
22 826.887 0.313147 0.0224754 0.67317 0.859298 0.671995 -0.627128 -5.61298 -820.647 0 
5 826.727 0.312726 0.0225446 0.674447 0.847153 0.610025 -1.26561 -5.58716 -819.874 0 
11 826.631 0.312827 0.0224121 0.672477 0.866778 0.617701 -1.61788 -5.15991 -819.854 0 
6 826.683 0.310044 0.0225164 0.671228 0.90724 0.591958 -2.59059 -4.48636 -819.606 0 
15 825.452 0.316957 0.0224464 0.667113 0.912132 0.604256 -0.879503 -5.0975 -819.475 0 
40 826.124 0.312665 0.0223938 0.6709 0.967714 0.642951 -1.5431 -5.11186 -819.469 0 
6 827.848 0.31226 0.0226572 0.668503 1.01107 0.595665 -3.36775 -4.87354 -819.607 0 
38 826.342 0.314432 0.0225309 0.668899 1.00812 0.618468 -1.38357 -5.21102 -819.747 0 
1 827.546 0.322073 0.0224317 0.660953 1.03295 0.612489 -1.35986 -5.80143 -820.384 0 
38 828.634 0.317964 0.0223893 0.665634 1.03095 0.634927 -2.84885 -5.74555 -820.04 0 
3 828.938 0.328515 0.0223488 0.6565 1.029 0.63515 -0.842573 -7.50418 -820.591 0 
1 829.663 0.329798 0.0222725 0.655984 0.998876 0.635073 -2.15261 -7.40429 -820.106 0 
7 829.657 0.328539 0.0222442 0.657848 1.00309 0.702115 -1.48096 -8.45687 -819.719 0 
9 828.804 0.322022 0.0222956 0.662316 1.02984 0.742896 -2.76103 -6.41716 -819.625 0 
2 828.944 0.318019 0.0222214 0.664682 1.06544 0.772112 -3.6846 -5.57382 -819.686 0 
24 827.855 0.318827 0.0222637 0.665735 1.06019 0.807191 -1.65698 -6.14787 -820.05 0 
20 826.983 0.317356 0.0224035 0.667514 1.06776 0.788086 -1.24549 -5.96587 -819.772 0 
5 828.042 0.310559 0.0226494 0.67081 1.14346 0.763564 -3.65843 -4.83121 -819.553 0 
44 828.376 0.30711 0.0227146 0.673868 1.13294 0.784028 -3.87303 -4.8378 -819.665 0 
25 827.849 0.312056 0.0227369 0.673119 1.10541 0.79177 -3.23339 -4.92023 -819.695 0 
7 827.42 0.313175 0.0227203 0.669924 1.09677 0.746809 -3.16942 -4.7344 -819.516 0 
12 827.633 0.304449 0.0226019 0.681308 1.07529 0.846147 -1.59485 -4.72848 -821.31 0 
18 826.978 0.303924 0.0225561 0.678689 1.03334 0.762848 -2.1398 -4.4737 -820.365 0 
1 825.841 0.311888 0.0225222 0.671864 1.02224 0.733093 -1.26193 -4.84869 -819.73 0 
10 826.412 0.309496 0.0224843 0.674129 1.01961 0.739745 -1.84251 -4.66482 -819.904 0 
2 829.459 0.308082 0.022583 0.680316 1.03997 0.863913 -1.59559 -5.79504 -822.068 0 
13 834.895 0.295324 0.0222594 0.688604 1.13365 0.920218 -7.13086 -4.59672 -823.168 0 
4 832.818 0.30555 0.0223553 0.680981 1.14078 0.899527 -6.27115 -5.40623 -821.141 0 
13 832.617 0.300526 0.0223363 0.678928 1.15914 0.847705 -7.4628 -4.72388 -820.43 0 
12 830.83 0.312031 0.0224281 0.668459 1.15216 0.758625 -6.20672 -5.01076 -819.613 0 
